seccion,anio,mes,departamento,tipo_medicion,valor
ACY1,2023,1,ALTO PARANÁ,ACCID.DEP,8.0
ACY1,2023,1,ALTO PARANÁ,ACCID.FEP,6.0
ACY1,2023,1,ALTO PARANÁ,PROG.FEP,0.863938253598664
ACY1,2023,1,ALTO PARANÁ,PROD.FEP,4104.66552846617
ACY1,2023,1,ALTO PARANÁ,TOTAL FEP,56527.8179612067
ACY1,2023,1,ALTO PARANÁ,ACCID.PENF,1.0
ACY1,2023,1,ALTO PARANÁ,PROG.PENF,0.326851179388447
ACY1,2023,1,ALTO PARANÁ,PROD.PENF,2441.65143714428
ACY1,2023,1,ALTO PARANÁ,TOTAL PENEF,67570.1284050248
ACY2,2023,1,ALTO PARANÁ,ACCID.DEP,5.0
ACY2,2023,1,ALTO PARANÁ,PROG.DEP,0.634942764853907
ACY2,2023,1,ALTO PARANÁ,PROD.DEP,3817.92242645188
ACY2,2023,1,ALTO PARANÁ,TOTAL DEP,69398.045132187
ACY2,2023,1,ALTO PARANÁ,ACCID.FEP,0.0
ACY2,2023,1,ALTO PARANÁ,PROG.FEP,0.644974491120018
ACY2,2023,1,ALTO PARANÁ,PROD.FEP,2730.86642566292
ACY2,2023,1,ALTO PARANÁ,TOTAL FEP,56248.5426128144
ACY2,2023,1,ALTO PARANÁ,ACCID.PENF,7.0
ACY2,2023,1,ALTO PARANÁ,PROG.PENF,0.527068458675453
ACY2,2023,1,ALTO PARANÁ,PROD.PENF,2632.12093077036
ACY2,2023,1,ALTO PARANÁ,TOTAL PENEF,53392.8375913514
ACY3,2023,1,ALTO PARANÁ,ACCID.DEP,8.0
ACY3,2023,1,ALTO PARANÁ,PROG.DEP,0.612705044550472
ACY3,2023,1,ALTO PARANÁ,PROD.DEP,2664.61187946442
ACY3,2023,1,ALTO PARANÁ,TOTAL DEP,50167.8871500677
ACY3,2023,1,ALTO PARANÁ,ACCID.FEP,1.0
ACY3,2023,1,ALTO PARANÁ,PROG.FEP,0.527908392433149
ACY3,2023,1,ALTO PARANÁ,PROD.FEP,2497.74603341372
ACY3,2023,1,ALTO PARANÁ,TOTAL FEP,61224.0187244076
ACY3,2023,1,ALTO PARANÁ,ACCID.PENF,2.0
ACY3,2023,1,ALTO PARANÁ,PROG.PENF,0.851296979193616
ACY3,2023,1,ALTO PARANÁ,PROD.PENF,2513.02888417968
ACY3,2023,1,ALTO PARANÁ,TOTAL PENEF,59314.9179440645
ACY4,2023,1,ALTO PARANÁ,ACCID.DEP,8.0
ACY4,2023,1,ALTO PARANÁ,PROG.DEP,0.103160256942334
ACY4,2023,1,ALTO PARANÁ,PROD.DEP,2449.97862213095
ACY4,2023,1,ALTO PARANÁ,TOTAL DEP,55543.1535360385
ACY4,2023,1,ALTO PARANÁ,ACCID.FEP,4.0
ACY4,2023,1,ALTO PARANÁ,PROG.FEP,0.305801928512655
ACY4,2023,1,ALTO PARANÁ,TOTAL FEP,51269.6035921325
ACY4,2023,1,ALTO PARANÁ,PROD.FEP,4268.88179033609
ACY4,2023,1,ALTO PARANÁ,ACCID.PENF,5.0
ACY4,2023,1,ALTO PARANÁ,PROG.PENF,0.124047545953465
ACY4,2023,1,ALTO PARANÁ,PROD.PENF,2061.54098623747
ACY4,2023,1,ALTO PARANÁ,TOTAL PENEF,50714.6890089861
ACY5,2023,1,ALTO PARANÁ,ACCID.DEP,6.0
ACY5,2023,1,ALTO PARANÁ,PROG.DEP,0.946466906228973
ACY5,2023,1,ALTO PARANÁ,PROD.DEP,3905.37540255994
ACY5,2023,1,ALTO PARANÁ,TOTAL DEP,55774.2047390167
ACY5,2023,1,ALTO PARANÁ,ACCID.FEP,5.0
ACY5,2023,1,ALTO PARANÁ,PROG.FEP,0.410240025368036
ACY5,2023,1,ALTO PARANÁ,PROD.FEP,1986.13257724195
ACY5,2023,1,ALTO PARANÁ,TOTAL FEP,60131.8094744756
ACY5,2023,1,ALTO PARANÁ,ACCID.PENF,5.0
ACY5,2023,1,ALTO PARANÁ,PROG.PENF,0.333377967440735
ACY5,2023,1,ALTO PARANÁ,PROD.PENF,2240.68194292975
ACY5,2023,1,ALTO PARANÁ,TOTAL PENEF,66599.2637862366
ACY6,2023,1,ALTO PARANÁ,ACCID.DEP,1.0
ACY6,2023,1,ALTO PARANÁ,PROG.DEP,0.906802053052522
ACY6,2023,1,ALTO PARANÁ,PROD.DEP,1946.49971349283
ACY6,2023,1,ALTO PARANÁ,TOTAL DEP,50150.9662717661
ACY6,2023,1,ALTO PARANÁ,ACCID.FEP,3.0
ACY6,2023,1,ALTO PARANÁ,PROG.FEP,0.773119765742675
ACY6,2023,1,ALTO PARANÁ,PROD.FEP,4561.02755716719
ACY6,2023,1,ALTO PARANÁ,TOTAL FEP,60611.6739603506
ACY6,2023,1,ALTO PARANÁ,ACCID.PENF,6.0
ACY6,2023,1,ALTO PARANÁ,PROG.PENF,0.674523323944227
ACY6,2023,1,ALTO PARANÁ,PROD.PENF,4122.8107222096
ACY6,2023,1,ALTO PARANÁ,TOTAL PENEF,50336.9245017382
ACY7,2023,1,ALTO PARANÁ,ACCID.DEP,6.0
ACY7,2023,1,ALTO PARANÁ,PROG.DEP,0.341639557148474
ACY7,2023,1,ALTO PARANÁ,PROD.DEP,4914.40968036619
ACY7,2023,1,ALTO PARANÁ,TOTAL DEP,50601.1407967744
ACY7,2023,1,ALTO PARANÁ,ACCID.FEP,9.0
ACY7,2023,1,ALTO PARANÁ,PROG.FEP,0.216901274534774
ACY7,2023,1,ALTO PARANÁ,PROD.FEP,3868.22243450739
ACY7,2023,1,ALTO PARANÁ,TOTAL FEP,50464.7483223427
ACY7,2023,1,ALTO PARANÁ,ACCID.PENF,9.0
ACY7,2023,1,ALTO PARANÁ,PROG.PENF,0.315778864840119
ACY7,2023,1,ALTO PARANÁ,PROD.PENF,1957.59961523053
ACY7,2023,1,ALTO PARANÁ,TOTAL PENEF,66200.7971058125
ACY8,2023,1,ALTO PARANÁ,ACCID.DEP,0.0
ACY8,2023,1,ALTO PARANÁ,PROG.DEP,0.148705458601844
ACY8,2023,1,ALTO PARANÁ,TOTAL DEP,53632.2287297224
ACY8,2023,1,ALTO PARANÁ,PROD.DEP,2775.55433292738
ACY8,2023,1,ALTO PARANÁ,PROG.FEP,0.247669925016767
ACY8,2023,1,ALTO PARANÁ,ACCID.FEP,3.0
ACY8,2023,1,ALTO PARANÁ,PROD.FEP,1919.50811757237
ACY8,2023,1,ALTO PARANÁ,TOTAL FEP,63177.5374245249
ACY8,2023,1,ALTO PARANÁ,ACCID.PENF,8.0
ACY8,2023,1,ALTO PARANÁ,PROG.PENF,0.657182242676002
ACY8,2023,1,ALTO PARANÁ,PROD.PENF,2132.69855097864
ACY8,2023,1,ALTO PARANÁ,TOTAL PENEF,64913.1427042423
ACY9,2023,1,ALTO PARANÁ,ACCID.DEP,7.0
ACY9,2023,1,ALTO PARANÁ,PROG.DEP,0.414124046332855
ACY9,2023,1,ALTO PARANÁ,PROD.DEP,3538.64588860492
ACY9,2023,1,ALTO PARANÁ,TOTAL DEP,52021.7058318747
ACY1,2023,1,ALTO PARANÁ,PROD.DEP,2589.81936825379
ACY1,2023,1,ALTO PARANÁ,PROG.DEP,0.61821607840149
ACY1,2023,1,ALTO PARANÁ,TOTAL DEP,51718.0797750724
ACY9,2023,1,ALTO PARANÁ,ACCID.FEP,2.0
ACY9,2023,1,ALTO PARANÁ,ACCID.PENF,1.0
ACY9,2023,1,ALTO PARANÁ,PROG.PENF,0.511378240343365
ACY9,2023,1,ALTO PARANÁ,PROD.PENF,2201.0522448321
ACY9,2023,1,ALTO PARANÁ,TOTAL PENEF,68782.8416536714
APR10,2023,1,ALTO PARANÁ,ACCID.DEP,7.0
APR10,2023,1,ALTO PARANÁ,PROG.DEP,0.305936687546572
APR10,2023,1,ALTO PARANÁ,PROD.DEP,2531.56453159902
APR10,2023,1,ALTO PARANÁ,TOTAL DEP,60050.8781540121
APR10,2023,1,ALTO PARANÁ,ACCID.FEP,3.0
APR10,2023,1,ALTO PARANÁ,PROG.FEP,0.787642765921197
APR10,2023,1,ALTO PARANÁ,PROD.FEP,3563.94158718411
APR10,2023,1,ALTO PARANÁ,TOTAL FEP,61464.197535054
APR10,2023,1,ALTO PARANÁ,ACCID.PENF,5.0
APR10,2023,1,ALTO PARANÁ,PROG.PENF,0.984016599932781
APR10,2023,1,ALTO PARANÁ,PROD.PENF,3308.26707358469
APR10,2023,1,ALTO PARANÁ,TOTAL PENEF,55090.4778568275
APR11,2023,1,ALTO PARANÁ,ACCID.DEP,0.0
APR11,2023,1,ALTO PARANÁ,PROG.DEP,0.41728280505725
APR11,2023,1,ALTO PARANÁ,PROD.DEP,1629.49489933257
APR11,2023,1,ALTO PARANÁ,TOTAL DEP,53171.413791656
APR11,2023,1,ALTO PARANÁ,ACCID.FEP,6.0
APR11,2023,1,ALTO PARANÁ,PROG.FEP,0.170233604794644
APR11,2023,1,ALTO PARANÁ,PROD.FEP,1528.95912149277
APR11,2023,1,ALTO PARANÁ,TOTAL FEP,62528.723650546
APR11,2023,1,ALTO PARANÁ,ACCID.PENF,0.0
APR11,2023,1,ALTO PARANÁ,PROG.PENF,0.311043775521648
APR11,2023,1,ALTO PARANÁ,PROD.PENF,3249.47768621891
APR11,2023,1,ALTO PARANÁ,TOTAL PENEF,66160.7803871019
APR12,2023,1,ALTO PARANÁ,ACCID.DEP,0.0
APR12,2023,1,ALTO PARANÁ,PROG.DEP,0.335215626794261
APR12,2023,1,ALTO PARANÁ,PROD.DEP,2664.58615414712
APR12,2023,1,ALTO PARANÁ,TOTAL DEP,66700.7040760559
APR12,2023,1,ALTO PARANÁ,ACCID.FEP,5.0
APR12,2023,1,ALTO PARANÁ,PROG.FEP,0.197525481325375
APR12,2023,1,ALTO PARANÁ,PROD.FEP,3659.46966663685
APR12,2023,1,ALTO PARANÁ,TOTAL FEP,66552.4015048832
APR12,2023,1,ALTO PARANÁ,ACCID.PENF,7.0
APR12,2023,1,ALTO PARANÁ,PROG.PENF,0.884180043935325
APR12,2023,1,ALTO PARANÁ,PROD.PENF,2234.07714329408
APR12,2023,1,ALTO PARANÁ,TOTAL PENEF,69274.4622311112
APR13,2023,1,ALTO PARANÁ,ACCID.DEP,8.0
APR13,2023,1,ALTO PARANÁ,PROG.DEP,0.726721162159308
APR13,2023,1,ALTO PARANÁ,PROD.DEP,4936.01110685408
APR13,2023,1,ALTO PARANÁ,TOTAL DEP,68828.0385114367
APR13,2023,1,ALTO PARANÁ,ACCID.FEP,6.0
APR13,2023,1,ALTO PARANÁ,PROG.FEP,0.893271208055711
APR13,2023,1,ALTO PARANÁ,PROD.FEP,3405.73020238358
APR13,2023,1,ALTO PARANÁ,TOTAL FEP,51872.9840187774
APR13,2023,1,ALTO PARANÁ,ACCID.PENF,9.0
APR13,2023,1,ALTO PARANÁ,PROG.PENF,0.856506018622987
APR13,2023,1,ALTO PARANÁ,PROD.PENF,2889.85695086456
APR13,2023,1,ALTO PARANÁ,TOTAL PENEF,55196.1181812852
APR14,2023,1,ALTO PARANÁ,ACCID.DEP,1.0
APR14,2023,1,ALTO PARANÁ,PROG.DEP,0.761580028349057
APR14,2023,1,ALTO PARANÁ,PROD.DEP,1997.49359686341
APR14,2023,1,ALTO PARANÁ,TOTAL DEP,54544.2336222522
APR14,2023,1,ALTO PARANÁ,ACCID.FEP,0.0
APR14,2023,1,ALTO PARANÁ,PROG.FEP,0.688195088854839
APR14,2023,1,ALTO PARANÁ,PROD.FEP,4197.29870674831
APR14,2023,1,ALTO PARANÁ,TOTAL FEP,59539.9142983598
APR14,2023,1,ALTO PARANÁ,ACCID.PENF,5.0
APR14,2023,1,ALTO PARANÁ,PROG.PENF,0.250541644649221
APR14,2023,1,ALTO PARANÁ,PROD.PENF,1550.3637994097
APR14,2023,1,ALTO PARANÁ,TOTAL PENEF,67615.5541145118
APR2,2023,1,ALTO PARANÁ,ACCID.DEP,0.0
APR2,2023,1,ALTO PARANÁ,PROG.DEP,0.39957686208958
APR2,2023,1,ALTO PARANÁ,PROD.DEP,4322.72173759297
APR2,2023,1,ALTO PARANÁ,TOTAL DEP,68411.3893865942
APR2,2023,1,ALTO PARANÁ,ACCID.FEP,9.0
APR2,2023,1,ALTO PARANÁ,PROG.FEP,0.557859365889666
APR2,2023,1,ALTO PARANÁ,PROD.FEP,4714.25467618129
APR2,2023,1,ALTO PARANÁ,TOTAL FEP,66507.2744782507
APR2,2023,1,ALTO PARANÁ,ACCID.PENF,6.0
APR2,2023,1,ALTO PARANÁ,PROG.PENF,0.727884075476538
APR2,2023,1,ALTO PARANÁ,PROD.PENF,3620.32542749827
APR2,2023,1,ALTO PARANÁ,TOTAL PENEF,58960.2146260825
APR3,2023,1,ALTO PARANÁ,ACCID.DEP,0.0
APR3,2023,1,ALTO PARANÁ,PROG.DEP,0.584939305174356
APR3,2023,1,ALTO PARANÁ,TOTAL DEP,54142.7938155588
APR3,2023,1,ALTO PARANÁ,PROD.DEP,2145.91072058781
APR3,2023,1,ALTO PARANÁ,ACCID.FEP,7.0
APR3,2023,1,ALTO PARANÁ,PROG.FEP,0.656314512419269
APR3,2023,1,ALTO PARANÁ,PROD.FEP,2543.44140025223
APR3,2023,1,ALTO PARANÁ,TOTAL FEP,55754.2817794444
APR3,2023,1,ALTO PARANÁ,PROG.PENF,0.909807481941928
APR3,2023,1,ALTO PARANÁ,ACCID.PENF,7.0
APR3,2023,1,ALTO PARANÁ,PROD.PENF,2183.0060171535
APR3,2023,1,ALTO PARANÁ,TOTAL PENEF,52948.7673630532
APR4,2023,1,ALTO PARANÁ,ACCID.DEP,1.0
APR4,2023,1,ALTO PARANÁ,PROG.DEP,0.829447423774737
APR4,2023,1,ALTO PARANÁ,PROD.DEP,4746.80617429877
APR4,2023,1,ALTO PARANÁ,TOTAL DEP,63228.1328443921
APR4,2023,1,ALTO PARANÁ,ACCID.FEP,9.0
APR4,2023,1,ALTO PARANÁ,PROG.FEP,0.637731811569268
APR4,2023,1,ALTO PARANÁ,PROD.FEP,4312.77882530173
APR4,2023,1,ALTO PARANÁ,TOTAL FEP,53587.0704157703
ACY9,2023,1,ALTO PARANÁ,PROD.FEP,4979.92230830997
ACY9,2023,1,ALTO PARANÁ,TOTAL FEP,61256.3211032034
ACY9,2023,1,ALTO PARANÁ,PROG.FEP,0.144773941632358
APR4,2023,1,ALTO PARANÁ,PROG.PENF,0.275506020680443
APR4,2023,1,ALTO PARANÁ,PROD.PENF,4696.90266587488
APR5,2023,1,ALTO PARANÁ,PROG.DEP,0.602176617871484
APR5,2023,1,ALTO PARANÁ,PROD.DEP,2293.48525501815
APR5,2023,1,ALTO PARANÁ,TOTAL DEP,52738.9907749746
APR5,2023,1,ALTO PARANÁ,ACCID.FEP,1.0
APR5,2023,1,ALTO PARANÁ,PROG.FEP,0.363756682217675
APR5,2023,1,ALTO PARANÁ,PROD.FEP,1315.09602584213
APR5,2023,1,ALTO PARANÁ,ACCID.PENF,2.0
APR5,2023,1,ALTO PARANÁ,TOTAL FEP,61447.090456078
APR5,2023,1,ALTO PARANÁ,PROG.PENF,0.916854876193644
APR5,2023,1,ALTO PARANÁ,PROD.PENF,4597.9002055219
APR6,2023,1,ALTO PARANÁ,ACCID.DEP,3.0
APR6,2023,1,ALTO PARANÁ,PROG.DEP,0.324047979832833
APR5,2023,1,ALTO PARANÁ,TOTAL PENEF,53509.9108311672
APR6,2023,1,ALTO PARANÁ,PROD.DEP,2779.69807888033
APR6,2023,1,ALTO PARANÁ,TOTAL DEP,56315.0121073322
APR6,2023,1,ALTO PARANÁ,PROG.FEP,0.982181426640766
APR6,2023,1,ALTO PARANÁ,ACCID.FEP,3.0
APR6,2023,1,ALTO PARANÁ,PROD.FEP,1441.11998674549
APR6,2023,1,ALTO PARANÁ,TOTAL FEP,50389.5648524999
APR6,2023,1,ALTO PARANÁ,ACCID.PENF,3.0
APR6,2023,1,ALTO PARANÁ,PROG.PENF,0.18391948131272
APR6,2023,1,ALTO PARANÁ,PROD.PENF,3572.56788442642
APR6,2023,1,ALTO PARANÁ,TOTAL PENEF,50328.0370615755
APR8,2023,1,ALTO PARANÁ,ACCID.DEP,8.0
APR8,2023,1,ALTO PARANÁ,PROG.DEP,0.479377611762599
APR8,2023,1,ALTO PARANÁ,PROD.DEP,2654.09173853803
APR8,2023,1,ALTO PARANÁ,TOTAL DEP,53015.3111058962
APR8,2023,1,ALTO PARANÁ,PROG.FEP,0.747934039650392
APR8,2023,1,ALTO PARANÁ,PROD.FEP,2090.85457589615
APR8,2023,1,ALTO PARANÁ,ACCID.FEP,8.0
APR8,2023,1,ALTO PARANÁ,TOTAL FEP,51785.3439412615
APR8,2023,1,ALTO PARANÁ,ACCID.PENF,1.0
APR8,2023,1,ALTO PARANÁ,PROD.PENF,4672.1095213014
APR8,2023,1,ALTO PARANÁ,PROG.PENF,0.322988448061676
APR8,2023,1,ALTO PARANÁ,TOTAL PENEF,67093.1602888195
APR9,2023,1,ALTO PARANÁ,ACCID.DEP,7.0
APR9,2023,1,ALTO PARANÁ,PROG.DEP,0.478115083664094
APR9,2023,1,ALTO PARANÁ,PROD.DEP,1636.61335046555
APR9,2023,1,ALTO PARANÁ,TOTAL DEP,58930.8767149973
APR9,2023,1,ALTO PARANÁ,ACCID.FEP,6.0
APR9,2023,1,ALTO PARANÁ,PROD.FEP,4467.6065685305
APR9,2023,1,ALTO PARANÁ,PROG.FEP,0.687993415152271
APR9,2023,1,ALTO PARANÁ,TOTAL FEP,56194.4227469491
APR9,2023,1,ALTO PARANÁ,ACCID.PENF,0.0
APR9,2023,1,ALTO PARANÁ,PROG.PENF,0.311662285671657
APR9,2023,1,ALTO PARANÁ,PROD.PENF,3209.75434754328
APR9,2023,1,ALTO PARANÁ,TOTAL PENEF,66408.4872917499
CAT1,2023,1,CANINDEYU,ACCID.DEP,4.0
CAT1,2023,1,CANINDEYU,PROG.DEP,0.657264879920736
CAT1,2023,1,CANINDEYU,PROD.DEP,3135.37811907104
CAT1,2023,1,CANINDEYU,TOTAL DEP,51899.5119488903
CAT1,2023,1,CANINDEYU,ACCID.FEP,6.0
CAT1,2023,1,CANINDEYU,PROG.FEP,0.31675443349921
CAT1,2023,1,CANINDEYU,PROD.FEP,2601.48847447491
CAT1,2023,1,CANINDEYU,TOTAL FEP,65570.7176416772
CAT1,2023,1,CANINDEYU,ACCID.PENF,5.0
CAT1,2023,1,CANINDEYU,PROG.PENF,0.829569280949963
CAT1,2023,1,CANINDEYU,PROD.PENF,2287.76265127523
CAT1,2023,1,CANINDEYU,TOTAL PENEF,59755.5014602295
CAT10,2023,1,CANINDEYU,ACCID.DEP,6.0
CAT10,2023,1,CANINDEYU,PROG.DEP,0.218923136184454
CAT10,2023,1,CANINDEYU,TOTAL DEP,52625.5838078152
CAT10,2023,1,CANINDEYU,ACCID.FEP,7.0
CAT10,2023,1,CANINDEYU,PROD.DEP,2113.53820534458
CAT10,2023,1,CANINDEYU,PROG.FEP,0.928031084125034
CAT10,2023,1,CANINDEYU,PROD.FEP,3336.36771378263
CAT10,2023,1,CANINDEYU,ACCID.PENF,7.0
CAT10,2023,1,CANINDEYU,TOTAL FEP,61640.879466899
CAT10,2023,1,CANINDEYU,PROG.PENF,0.703787191852981
CAT10,2023,1,CANINDEYU,PROD.PENF,1165.19413175551
CAT11,2023,1,CANINDEYU,ACCID.DEP,8.0
CAT10,2023,1,CANINDEYU,TOTAL PENEF,57210.8829901548
CAT11,2023,1,CANINDEYU,PROG.DEP,0.447632085206433
CAT11,2023,1,CANINDEYU,PROD.DEP,4504.04351751388
CAT11,2023,1,CANINDEYU,TOTAL DEP,65347.5267330014
CAT11,2023,1,CANINDEYU,ACCID.FEP,2.0
CAT11,2023,1,CANINDEYU,PROG.FEP,0.415780076229364
CAT11,2023,1,CANINDEYU,PROD.FEP,4312.41975098446
CAT11,2023,1,CANINDEYU,TOTAL FEP,66945.3390202741
CAT11,2023,1,CANINDEYU,ACCID.PENF,1.0
CAT11,2023,1,CANINDEYU,PROG.PENF,0.829358744565444
CAT11,2023,1,CANINDEYU,PROD.PENF,4923.96979596623
CAT2,2023,1,CANINDEYU,ACCID.DEP,9.0
CAT2,2023,1,CANINDEYU,PROG.DEP,0.519018277775472
CAT11,2023,1,CANINDEYU,TOTAL PENEF,58926.6297420475
CAT2,2023,1,CANINDEYU,PROD.DEP,2324.60657073094
CAT2,2023,1,CANINDEYU,TOTAL DEP,56985.1338856251
CAT2,2023,1,CANINDEYU,ACCID.FEP,2.0
APR4,2023,1,ALTO PARANÁ,TOTAL PENEF,61997.9952934361
CAT2,2023,1,CANINDEYU,PROD.FEP,4075.40531952453
CAT2,2023,1,CANINDEYU,TOTAL FEP,69273.9669601984
CAT2,2023,1,CANINDEYU,ACCID.PENF,3.0
CAT2,2023,1,CANINDEYU,PROG.PENF,0.979219453174959
CAT2,2023,1,CANINDEYU,TOTAL PENEF,69147.623183693
CAT2,2023,1,CANINDEYU,PROD.PENF,3716.49629409663
CAT2,2023,1,CANINDEYU,PROG.FEP,0.966179134141626
APR4,2023,1,ALTO PARANÁ,ACCID.PENF,4.0
APR5,2023,1,ALTO PARANÁ,ACCID.DEP,8.0
CAT3,2023,1,CANINDEYU,ACCID.DEP,5.0
CAT3,2023,1,CANINDEYU,ACCID.FEP,1.0
CAT3,2023,1,CANINDEYU,PROG.FEP,0.523142919672883
CAT3,2023,1,CANINDEYU,PROD.FEP,1713.06011168386
CAT3,2023,1,CANINDEYU,TOTAL FEP,57862.6088924122
CAT3,2023,1,CANINDEYU,ACCID.PENF,0.0
CAT3,2023,1,CANINDEYU,PROG.PENF,0.23672263680707
CAT3,2023,1,CANINDEYU,PROD.PENF,3671.17814890441
CAT3,2023,1,CANINDEYU,TOTAL PENEF,60945.279598763
CAT4,2023,1,CANINDEYU,ACCID.DEP,7.0
CAT4,2023,1,CANINDEYU,PROG.DEP,0.232314345124987
CAT4,2023,1,CANINDEYU,PROD.DEP,3741.80040961227
CAT4,2023,1,CANINDEYU,TOTAL DEP,66852.9662250136
CAT4,2023,1,CANINDEYU,ACCID.FEP,2.0
CAT4,2023,1,CANINDEYU,PROG.FEP,0.962159012286907
CAT4,2023,1,CANINDEYU,PROD.FEP,4117.72417735178
CAT4,2023,1,CANINDEYU,TOTAL FEP,66945.361889188
CAT4,2023,1,CANINDEYU,ACCID.PENF,5.0
CAT4,2023,1,CANINDEYU,PROG.PENF,0.125195414732871
CAT4,2023,1,CANINDEYU,PROD.PENF,3541.21837579121
CAT4,2023,1,CANINDEYU,TOTAL PENEF,69830.5303377962
CAT5,2023,1,CANINDEYU,ACCID.DEP,3.0
CAT5,2023,1,CANINDEYU,PROG.DEP,0.206877847274631
CAT5,2023,1,CANINDEYU,PROD.DEP,4338.46453846765
CAT5,2023,1,CANINDEYU,TOTAL DEP,50595.2234223497
CAT5,2023,1,CANINDEYU,ACCID.FEP,5.0
CAT5,2023,1,CANINDEYU,PROG.FEP,0.508840535379098
CAT5,2023,1,CANINDEYU,PROD.FEP,3782.25102735689
CAT5,2023,1,CANINDEYU,TOTAL FEP,63476.6326365532
CAT5,2023,1,CANINDEYU,ACCID.PENF,7.0
CAT5,2023,1,CANINDEYU,PROG.PENF,0.993091122966479
CAT5,2023,1,CANINDEYU,PROD.PENF,3109.70435059423
CAT5,2023,1,CANINDEYU,TOTAL PENEF,53259.8383790318
CAT6,2023,1,CANINDEYU,ACCID.DEP,1.0
CAT6,2023,1,CANINDEYU,PROG.DEP,0.170785436799432
CAT6,2023,1,CANINDEYU,PROD.DEP,3899.20689000858
CAT6,2023,1,CANINDEYU,TOTAL DEP,58564.0853661048
CAT6,2023,1,CANINDEYU,ACCID.FEP,2.0
CAT6,2023,1,CANINDEYU,PROG.FEP,0.76329139717668
CAT6,2023,1,CANINDEYU,PROD.FEP,3170.53320634307
CAT6,2023,1,CANINDEYU,TOTAL FEP,52488.9139235467
CAT6,2023,1,CANINDEYU,ACCID.PENF,3.0
CAT6,2023,1,CANINDEYU,PROG.PENF,0.715337576076485
CAT6,2023,1,CANINDEYU,PROD.PENF,1262.88552643979
CAT6,2023,1,CANINDEYU,TOTAL PENEF,59649.1140531348
CAT7,2023,1,CANINDEYU,ACCID.DEP,9.0
CAT7,2023,1,CANINDEYU,PROG.DEP,0.837965422503709
CAT7,2023,1,CANINDEYU,PROD.DEP,1688.82802439365
CAT7,2023,1,CANINDEYU,TOTAL DEP,69131.8345919556
CAT7,2023,1,CANINDEYU,ACCID.FEP,6.0
CAT7,2023,1,CANINDEYU,PROG.FEP,0.793225349295034
CAT7,2023,1,CANINDEYU,PROD.FEP,1987.63578109218
CAT7,2023,1,CANINDEYU,TOTAL FEP,69446.5613638861
CAT7,2023,1,CANINDEYU,ACCID.PENF,2.0
CAT7,2023,1,CANINDEYU,PROG.PENF,0.882998617604744
CAT7,2023,1,CANINDEYU,PROD.PENF,2384.68823448288
CAT7,2023,1,CANINDEYU,TOTAL PENEF,62425.3275355137
CAT8,2023,1,CANINDEYU,ACCID.DEP,1.0
CAT8,2023,1,CANINDEYU,PROG.DEP,0.699694200468343
CAT8,2023,1,CANINDEYU,PROD.DEP,4814.83243423176
CAT8,2023,1,CANINDEYU,TOTAL DEP,63936.8174675597
CAT8,2023,1,CANINDEYU,ACCID.FEP,9.0
CAT3,2023,1,CANINDEYU,PROD.DEP,3903.97352760765
CAT8,2023,1,CANINDEYU,PROD.FEP,1609.97697965085
CAT8,2023,1,CANINDEYU,TOTAL FEP,57220.5275552951
CAT8,2023,1,CANINDEYU,ACCID.PENF,6.0
CAT8,2023,1,CANINDEYU,PROG.PENF,0.360828148090623
CAT8,2023,1,CANINDEYU,PROD.PENF,3890.65143121773
CAT8,2023,1,CANINDEYU,TOTAL PENEF,62304.59792828
CAT9,2023,1,CANINDEYU,ACCID.DEP,9.0
CAT9,2023,1,CANINDEYU,PROG.DEP,0.56695809340882
CAT9,2023,1,CANINDEYU,PROD.DEP,2553.42775009864
CAT9,2023,1,CANINDEYU,TOTAL DEP,53685.3689754846
CAT9,2023,1,CANINDEYU,ACCID.FEP,8.0
CAT9,2023,1,CANINDEYU,PROG.FEP,0.226145570301117
CAT9,2023,1,CANINDEYU,PROD.FEP,2007.70974472526
CAT3,2023,1,CANINDEYU,PROG.DEP,0.754677529954506
CAT9,2023,1,CANINDEYU,ACCID.PENF,8.0
CAT9,2023,1,CANINDEYU,PROG.PENF,0.18658785198709
CAT9,2023,1,CANINDEYU,TOTAL PENEF,52730.0903042395
CAT9,2023,1,CANINDEYU,PROD.PENF,4974.42568102428
CUR1,2023,1,CANINDEYU,ACCID.DEP,9.0
CUR1,2023,1,CANINDEYU,PROG.DEP,0.818716336536481
CUR1,2023,1,CANINDEYU,PROD.DEP,2484.93882131934
CUR1,2023,1,CANINDEYU,TOTAL DEP,58416.934870884
CUR1,2023,1,CANINDEYU,ACCID.FEP,4.0
CUR1,2023,1,CANINDEYU,PROG.FEP,0.317618470372582
CUR1,2023,1,CANINDEYU,PROD.FEP,4260.03102091079
CUR1,2023,1,CANINDEYU,TOTAL FEP,64467.9411169951
CUR1,2023,1,CANINDEYU,ACCID.PENF,8.0
CUR1,2023,1,CANINDEYU,PROG.PENF,0.882284446069899
CUR1,2023,1,CANINDEYU,PROD.PENF,3101.16898427748
CUR1,2023,1,CANINDEYU,TOTAL PENEF,62947.347138699
CUR2,2023,1,CANINDEYU,ACCID.DEP,9.0
CUR2,2023,1,CANINDEYU,PROG.DEP,0.959513521211581
CUR2,2023,1,CANINDEYU,PROD.DEP,4092.50440244258
CUR2,2023,1,CANINDEYU,TOTAL DEP,53444.8387989093
CAT8,2023,1,CANINDEYU,PROG.FEP,0.456992422800406
CAT3,2023,1,CANINDEYU,TOTAL DEP,62979.4429213604
CAT9,2023,1,CANINDEYU,TOTAL FEP,64132.2099352103
CUR2,2023,1,CANINDEYU,ACCID.FEP,9.0
CUR2,2023,1,CANINDEYU,ACCID.PENF,2.0
CUR2,2023,1,CANINDEYU,PROG.PENF,0.931052565921843
CUR2,2023,1,CANINDEYU,PROD.PENF,4283.95913003345
CUR2,2023,1,CANINDEYU,TOTAL PENEF,65891.4827289912
CUR3,2023,1,CANINDEYU,ACCID.DEP,1.0
CUR3,2023,1,CANINDEYU,PROG.DEP,0.404516199303186
CUR3,2023,1,CANINDEYU,PROD.DEP,1630.62111060205
CUR3,2023,1,CANINDEYU,TOTAL DEP,66997.9444827476
CUR3,2023,1,CANINDEYU,ACCID.FEP,4.0
CUR3,2023,1,CANINDEYU,PROG.FEP,0.971478931349181
CUR3,2023,1,CANINDEYU,PROD.FEP,2821.14837036554
CUR3,2023,1,CANINDEYU,TOTAL FEP,53959.9339827398
CUR3,2023,1,CANINDEYU,ACCID.PENF,0.0
CUR3,2023,1,CANINDEYU,PROG.PENF,0.741586060427482
CUR3,2023,1,CANINDEYU,PROD.PENF,2888.39377633031
CUR3,2023,1,CANINDEYU,TOTAL PENEF,58097.5476746884
CUR4,2023,1,CANINDEYU,ACCID.DEP,8.0
CUR4,2023,1,CANINDEYU,PROG.DEP,0.131084409839124
CUR4,2023,1,CANINDEYU,PROD.DEP,4879.31641388156
CUR4,2023,1,CANINDEYU,TOTAL DEP,63956.0681786136
CUR4,2023,1,CANINDEYU,ACCID.FEP,5.0
CUR4,2023,1,CANINDEYU,PROG.FEP,0.855874924903386
CUR4,2023,1,CANINDEYU,PROD.FEP,1068.79870832183
CUR4,2023,1,CANINDEYU,TOTAL FEP,52058.4363606553
CUR4,2023,1,CANINDEYU,ACCID.PENF,9.0
CUR4,2023,1,CANINDEYU,PROG.PENF,0.745297684295252
CUR4,2023,1,CANINDEYU,PROD.PENF,3152.49719047889
CUR4,2023,1,CANINDEYU,TOTAL PENEF,54433.6319580759
CUR5,2023,1,CANINDEYU,ACCID.DEP,4.0
CUR5,2023,1,CANINDEYU,PROG.DEP,0.821594857797469
CUR5,2023,1,CANINDEYU,PROD.DEP,2561.42179385341
CUR5,2023,1,CANINDEYU,TOTAL DEP,61624.7826291868
CUR5,2023,1,CANINDEYU,ACCID.FEP,0.0
CUR5,2023,1,CANINDEYU,PROG.FEP,0.129870750007852
CUR5,2023,1,CANINDEYU,PROD.FEP,1312.24636537293
CUR5,2023,1,CANINDEYU,TOTAL FEP,67759.6329975508
CUR5,2023,1,CANINDEYU,ACCID.PENF,6.0
CUR5,2023,1,CANINDEYU,PROG.PENF,0.187807829856269
CUR5,2023,1,CANINDEYU,PROD.PENF,4671.59903560431
CUR5,2023,1,CANINDEYU,TOTAL PENEF,62008.1649321449
DES10,2023,1,ALTO PARANÁ,ACCID.DEP,9.0
DES10,2023,1,ALTO PARANÁ,PROG.DEP,0.480466852856412
DES10,2023,1,ALTO PARANÁ,PROD.DEP,4566.51992662481
DES10,2023,1,ALTO PARANÁ,TOTAL DEP,60939.4455374867
DES10,2023,1,ALTO PARANÁ,ACCID.FEP,5.0
DES10,2023,1,ALTO PARANÁ,PROG.FEP,0.432633973848899
DES10,2023,1,ALTO PARANÁ,PROD.FEP,4607.24315701395
DES10,2023,1,ALTO PARANÁ,TOTAL FEP,66895.3792963317
DES10,2023,1,ALTO PARANÁ,ACCID.PENF,3.0
DES10,2023,1,ALTO PARANÁ,PROG.PENF,0.49779356877071
DES10,2023,1,ALTO PARANÁ,PROD.PENF,3447.04034593739
DES10,2023,1,ALTO PARANÁ,TOTAL PENEF,54173.8911796451
DES3,2023,1,ALTO PARANÁ,ACCID.DEP,8.0
DES3,2023,1,ALTO PARANÁ,PROG.DEP,0.582198563182945
DES3,2023,1,ALTO PARANÁ,PROD.DEP,4857.54138196994
DES3,2023,1,ALTO PARANÁ,TOTAL DEP,62102.0243054414
DES3,2023,1,ALTO PARANÁ,ACCID.FEP,5.0
DES3,2023,1,ALTO PARANÁ,PROG.FEP,0.743618222557889
DES3,2023,1,ALTO PARANÁ,PROD.FEP,2126.62956242247
DES3,2023,1,ALTO PARANÁ,TOTAL FEP,57029.8043540731
DES3,2023,1,ALTO PARANÁ,ACCID.PENF,4.0
DES3,2023,1,ALTO PARANÁ,PROG.PENF,0.204154812485167
DES3,2023,1,ALTO PARANÁ,PROD.PENF,3087.27927988175
DES3,2023,1,ALTO PARANÁ,TOTAL PENEF,67097.893384617
DES4,2023,1,ALTO PARANÁ,ACCID.DEP,9.0
DES4,2023,1,ALTO PARANÁ,PROG.DEP,0.865292271801565
DES4,2023,1,ALTO PARANÁ,PROD.DEP,3954.66977305884
DES4,2023,1,ALTO PARANÁ,TOTAL DEP,63686.2058527699
DES4,2023,1,ALTO PARANÁ,ACCID.FEP,4.0
DES4,2023,1,ALTO PARANÁ,PROG.FEP,0.764384189018813
DES4,2023,1,ALTO PARANÁ,PROD.FEP,4521.58175054427
DES4,2023,1,ALTO PARANÁ,TOTAL FEP,66373.3686139695
DES4,2023,1,ALTO PARANÁ,ACCID.PENF,6.0
DES4,2023,1,ALTO PARANÁ,PROG.PENF,0.761948774186891
DES4,2023,1,ALTO PARANÁ,PROD.PENF,1199.20259546033
DES4,2023,1,ALTO PARANÁ,TOTAL PENEF,54950.4221945172
DES5,2023,1,ALTO PARANÁ,ACCID.DEP,7.0
DES5,2023,1,ALTO PARANÁ,PROG.DEP,0.637086436918525
DES5,2023,1,ALTO PARANÁ,PROD.DEP,2099.09872236968
DES5,2023,1,ALTO PARANÁ,TOTAL DEP,50330.6886056504
DES5,2023,1,ALTO PARANÁ,ACCID.FEP,8.0
DES5,2023,1,ALTO PARANÁ,PROG.FEP,0.624965742901855
DES5,2023,1,ALTO PARANÁ,PROD.FEP,1179.59371452378
DES5,2023,1,ALTO PARANÁ,TOTAL FEP,68720.3274825214
DES5,2023,1,ALTO PARANÁ,ACCID.PENF,0.0
DES5,2023,1,ALTO PARANÁ,PROG.PENF,0.123059689078097
DES5,2023,1,ALTO PARANÁ,PROD.PENF,3789.97599388578
DES5,2023,1,ALTO PARANÁ,TOTAL PENEF,65634.8311540837
DES8,2023,1,ALTO PARANÁ,ACCID.DEP,8.0
DES8,2023,1,ALTO PARANÁ,PROG.DEP,0.22283573753057
DES8,2023,1,ALTO PARANÁ,PROD.DEP,1170.48540075977
DES8,2023,1,ALTO PARANÁ,TOTAL DEP,54205.2295598202
DES8,2023,1,ALTO PARANÁ,ACCID.FEP,2.0
DES8,2023,1,ALTO PARANÁ,PROG.FEP,0.580044063207462
DES8,2023,1,ALTO PARANÁ,PROD.FEP,1209.46684404611
DES8,2023,1,ALTO PARANÁ,TOTAL FEP,62943.4373998479
CUR2,2023,1,CANINDEYU,PROG.FEP,0.510345026852421
CUR2,2023,1,CANINDEYU,PROD.FEP,2802.20681849699
CUR2,2023,1,CANINDEYU,TOTAL FEP,67318.8396753333
DES8,2023,1,ALTO PARANÁ,ACCID.PENF,7.0
DES9,2023,1,ALTO PARANÁ,ACCID.DEP,5.0
DES9,2023,1,ALTO PARANÁ,PROG.DEP,0.138061857698264
DES9,2023,1,ALTO PARANÁ,PROD.DEP,3421.44493080317
DES9,2023,1,ALTO PARANÁ,TOTAL DEP,61651.0129443899
DES9,2023,1,ALTO PARANÁ,ACCID.FEP,3.0
DES9,2023,1,ALTO PARANÁ,PROG.FEP,0.66185029962424
DES9,2023,1,ALTO PARANÁ,PROD.FEP,1360.4788048308
DES9,2023,1,ALTO PARANÁ,TOTAL FEP,50144.2349804802
DES9,2023,1,ALTO PARANÁ,ACCID.PENF,2.0
DES9,2023,1,ALTO PARANÁ,PROG.PENF,0.534139701756563
DES9,2023,1,ALTO PARANÁ,PROD.PENF,2200.36697998111
DES9,2023,1,ALTO PARANÁ,TOTAL PENEF,54141.3150554726
HER1,2023,1,ALTO PARANÁ,ACCID.DEP,1.0
HER1,2023,1,ALTO PARANÁ,PROG.DEP,0.144563839273565
HER1,2023,1,ALTO PARANÁ,PROD.DEP,1460.08360046952
HER1,2023,1,ALTO PARANÁ,TOTAL DEP,56424.7733716801
HER1,2023,1,ALTO PARANÁ,ACCID.FEP,3.0
HER1,2023,1,ALTO PARANÁ,PROG.FEP,0.478098065778377
HER1,2023,1,ALTO PARANÁ,PROD.FEP,1617.61573611207
HER1,2023,1,ALTO PARANÁ,TOTAL FEP,62807.4882914716
HER1,2023,1,ALTO PARANÁ,ACCID.PENF,2.0
HER1,2023,1,ALTO PARANÁ,PROG.PENF,0.317438495367213
HER1,2023,1,ALTO PARANÁ,PROD.PENF,1079.89742952544
HER1,2023,1,ALTO PARANÁ,TOTAL PENEF,64039.5463578438
HER10,2023,1,ALTO PARANÁ,ACCID.DEP,5.0
HER10,2023,1,ALTO PARANÁ,PROG.DEP,0.375853658629542
HER10,2023,1,ALTO PARANÁ,PROD.DEP,1487.29413638862
HER10,2023,1,ALTO PARANÁ,TOTAL DEP,69986.216263283
HER10,2023,1,ALTO PARANÁ,ACCID.FEP,4.0
HER10,2023,1,ALTO PARANÁ,PROG.FEP,0.199266898123236
HER10,2023,1,ALTO PARANÁ,PROD.FEP,3145.54833527724
HER10,2023,1,ALTO PARANÁ,TOTAL FEP,64068.8327091729
HER10,2023,1,ALTO PARANÁ,ACCID.PENF,6.0
HER10,2023,1,ALTO PARANÁ,PROG.PENF,0.200108733901021
HER10,2023,1,ALTO PARANÁ,PROD.PENF,4877.88738928322
HER10,2023,1,ALTO PARANÁ,TOTAL PENEF,60921.1336040176
HER2,2023,1,ALTO PARANÁ,ACCID.DEP,2.0
HER2,2023,1,ALTO PARANÁ,PROG.DEP,0.985564051894103
HER2,2023,1,ALTO PARANÁ,PROD.DEP,3399.1804800058
HER2,2023,1,ALTO PARANÁ,TOTAL DEP,64586.8893793708
HER2,2023,1,ALTO PARANÁ,ACCID.FEP,2.0
HER2,2023,1,ALTO PARANÁ,PROG.FEP,0.44122876442809
HER2,2023,1,ALTO PARANÁ,PROD.FEP,3235.30754404302
HER2,2023,1,ALTO PARANÁ,TOTAL FEP,64966.264530731
HER2,2023,1,ALTO PARANÁ,ACCID.PENF,6.0
HER2,2023,1,ALTO PARANÁ,PROG.PENF,0.618810737699914
HER2,2023,1,ALTO PARANÁ,PROD.PENF,4825.87803313366
HER2,2023,1,ALTO PARANÁ,TOTAL PENEF,57816.7939491566
HER7,2023,1,ALTO PARANÁ,ACCID.DEP,5.0
HER7,2023,1,ALTO PARANÁ,PROG.DEP,0.689804922958644
HER7,2023,1,ALTO PARANÁ,PROD.DEP,4759.51184215958
HER7,2023,1,ALTO PARANÁ,TOTAL DEP,51909.8718387954
HER7,2023,1,ALTO PARANÁ,ACCID.FEP,1.0
HER7,2023,1,ALTO PARANÁ,PROG.FEP,0.351371632174443
HER7,2023,1,ALTO PARANÁ,PROD.FEP,4296.55392445292
HER7,2023,1,ALTO PARANÁ,TOTAL FEP,55833.0962045611
HER7,2023,1,ALTO PARANÁ,ACCID.PENF,6.0
HER7,2023,1,ALTO PARANÁ,PROG.PENF,0.345623900225394
HER7,2023,1,ALTO PARANÁ,PROD.PENF,1119.87442477558
HER7,2023,1,ALTO PARANÁ,TOTAL PENEF,56314.7403546386
HER8,2023,1,ALTO PARANÁ,ACCID.DEP,7.0
HER8,2023,1,ALTO PARANÁ,PROG.DEP,0.345903942830206
HER8,2023,1,ALTO PARANÁ,PROD.DEP,2599.10293098239
HER8,2023,1,ALTO PARANÁ,TOTAL DEP,62905.3652899806
HER8,2023,1,ALTO PARANÁ,ACCID.FEP,1.0
HER8,2023,1,ALTO PARANÁ,PROG.FEP,0.351480137593964
HER8,2023,1,ALTO PARANÁ,PROD.FEP,1300.14154950694
HER8,2023,1,ALTO PARANÁ,TOTAL FEP,51841.3001594316
HER8,2023,1,ALTO PARANÁ,ACCID.PENF,3.0
HER8,2023,1,ALTO PARANÁ,PROG.PENF,0.454310824590876
HER8,2023,1,ALTO PARANÁ,PROD.PENF,3560.38405306927
HER8,2023,1,ALTO PARANÁ,TOTAL PENEF,64242.9171628518
HER9,2023,1,ALTO PARANÁ,ACCID.DEP,2.0
HER9,2023,1,ALTO PARANÁ,PROG.DEP,0.707353545412152
HER9,2023,1,ALTO PARANÁ,PROD.DEP,4106.00288331453
HER9,2023,1,ALTO PARANÁ,TOTAL DEP,57243.0741291485
HER9,2023,1,ALTO PARANÁ,ACCID.FEP,0.0
HER9,2023,1,ALTO PARANÁ,PROG.FEP,0.673288913305261
HER9,2023,1,ALTO PARANÁ,PROD.FEP,4156.87817958298
HER9,2023,1,ALTO PARANÁ,TOTAL FEP,63132.2902538526
HER9,2023,1,ALTO PARANÁ,ACCID.PENF,2.0
HER9,2023,1,ALTO PARANÁ,PROG.PENF,0.131295680842973
HER9,2023,1,ALTO PARANÁ,PROD.PENF,4290.82994469505
HER9,2023,1,ALTO PARANÁ,TOTAL PENEF,60877.4168906313
IRY1,2023,1,ALTO PARANÁ,ACCID.DEP,1.0
IRY1,2023,1,ALTO PARANÁ,PROG.DEP,0.270379240457699
IRY1,2023,1,ALTO PARANÁ,PROD.DEP,2558.582051983
IRY1,2023,1,ALTO PARANÁ,TOTAL DEP,69069.4371599237
IRY1,2023,1,ALTO PARANÁ,ACCID.FEP,0.0
IRY1,2023,1,ALTO PARANÁ,PROG.FEP,0.419606621766027
IRY1,2023,1,ALTO PARANÁ,PROD.FEP,1490.91591504131
IRY1,2023,1,ALTO PARANÁ,TOTAL FEP,54474.7602638711
IRY1,2023,1,ALTO PARANÁ,ACCID.PENF,6.0
IRY1,2023,1,ALTO PARANÁ,PROG.PENF,0.846465990258817
IRY1,2023,1,ALTO PARANÁ,PROD.PENF,4506.74895918324
IRY1,2023,1,ALTO PARANÁ,TOTAL PENEF,68908.006606824
DES8,2023,1,ALTO PARANÁ,PROG.PENF,0.233333920860751
DES8,2023,1,ALTO PARANÁ,TOTAL PENEF,64664.5007688535
DES8,2023,1,ALTO PARANÁ,PROD.PENF,2440.2512357695
IRY2,2023,1,ALTO PARANÁ,ACCID.DEP,0.0
IRY2,2023,1,ALTO PARANÁ,PROG.DEP,0.635672420048666
IRY2,2023,1,ALTO PARANÁ,PROG.FEP,0.683055395930518
IRY2,2023,1,ALTO PARANÁ,PROD.FEP,3739.25999335649
IRY2,2023,1,ALTO PARANÁ,TOTAL FEP,62976.0376794413
IRY2,2023,1,ALTO PARANÁ,ACCID.PENF,0.0
IRY2,2023,1,ALTO PARANÁ,PROG.PENF,0.630269524522935
IRY2,2023,1,ALTO PARANÁ,PROD.PENF,1209.28650072604
IRY2,2023,1,ALTO PARANÁ,TOTAL PENEF,56777.9607833551
IRY3,2023,1,ALTO PARANÁ,ACCID.DEP,3.0
IRY3,2023,1,ALTO PARANÁ,PROG.DEP,0.41618173477895
IRY3,2023,1,ALTO PARANÁ,PROD.DEP,1426.1350936068
IRY3,2023,1,ALTO PARANÁ,TOTAL DEP,58482.530547545
IRY3,2023,1,ALTO PARANÁ,ACCID.FEP,5.0
IRY3,2023,1,ALTO PARANÁ,PROG.FEP,0.131662823741731
IRY3,2023,1,ALTO PARANÁ,PROD.FEP,4776.85759479558
IRY3,2023,1,ALTO PARANÁ,TOTAL FEP,63557.1416206181
IRY3,2023,1,ALTO PARANÁ,ACCID.PENF,1.0
IRY3,2023,1,ALTO PARANÁ,PROG.PENF,0.831324713086474
IRY3,2023,1,ALTO PARANÁ,PROD.PENF,1477.03400872545
IRY3,2023,1,ALTO PARANÁ,TOTAL PENEF,62903.7819398836
IRY4,2023,1,ALTO PARANÁ,ACCID.DEP,0.0
IRY4,2023,1,ALTO PARANÁ,PROG.DEP,0.30946567191774
IRY4,2023,1,ALTO PARANÁ,PROD.DEP,2805.65752044006
IRY4,2023,1,ALTO PARANÁ,TOTAL DEP,67468.8615604425
IRY4,2023,1,ALTO PARANÁ,ACCID.FEP,6.0
IRY4,2023,1,ALTO PARANÁ,PROG.FEP,0.544602218140866
IRY4,2023,1,ALTO PARANÁ,PROD.FEP,1162.38776443268
IRY4,2023,1,ALTO PARANÁ,TOTAL FEP,58910.2435682187
IRY4,2023,1,ALTO PARANÁ,ACCID.PENF,7.0
IRY4,2023,1,ALTO PARANÁ,PROG.PENF,0.976690772597506
IRY4,2023,1,ALTO PARANÁ,PROD.PENF,3317.47706116042
IRY4,2023,1,ALTO PARANÁ,TOTAL PENEF,66994.289649081
JEP1,2023,1,CANINDEYU,ACCID.DEP,7.0
JEP1,2023,1,CANINDEYU,PROG.DEP,0.481014706275021
JEP1,2023,1,CANINDEYU,PROD.DEP,3611.6194932614
JEP1,2023,1,CANINDEYU,TOTAL DEP,51485.44036112
JEP1,2023,1,CANINDEYU,ACCID.FEP,0.0
JEP1,2023,1,CANINDEYU,PROG.FEP,0.295631440737084
JEP1,2023,1,CANINDEYU,PROD.FEP,2695.52436381423
JEP1,2023,1,CANINDEYU,TOTAL FEP,69909.706744643
JEP1,2023,1,CANINDEYU,ACCID.PENF,9.0
JEP1,2023,1,CANINDEYU,PROG.PENF,0.577852441655389
JEP1,2023,1,CANINDEYU,PROD.PENF,4045.95741325308
JEP1,2023,1,CANINDEYU,TOTAL PENEF,53461.0638890359
JEP2,2023,1,CANINDEYU,ACCID.DEP,8.0
JEP2,2023,1,CANINDEYU,PROG.DEP,0.972360276178432
JEP2,2023,1,CANINDEYU,PROD.DEP,4182.20233536035
JEP2,2023,1,CANINDEYU,TOTAL DEP,62053.1407911687
JEP2,2023,1,CANINDEYU,ACCID.FEP,0.0
JEP2,2023,1,CANINDEYU,PROG.FEP,0.84623060460692
JEP2,2023,1,CANINDEYU,PROD.FEP,4005.07593335744
JEP2,2023,1,CANINDEYU,TOTAL FEP,57032.1781753933
JEP2,2023,1,CANINDEYU,ACCID.PENF,6.0
JEP2,2023,1,CANINDEYU,PROG.PENF,0.658019576776349
JEP2,2023,1,CANINDEYU,PROD.PENF,2725.46069634
JEP2,2023,1,CANINDEYU,TOTAL PENEF,65249.7367924074
JEP3,2023,1,CANINDEYU,ACCID.DEP,2.0
JEP3,2023,1,CANINDEYU,PROG.DEP,0.50367105553634
JEP3,2023,1,CANINDEYU,PROD.DEP,2811.37383036348
JEP3,2023,1,CANINDEYU,TOTAL DEP,57750.2188277156
JEP3,2023,1,CANINDEYU,ACCID.FEP,8.0
JEP3,2023,1,CANINDEYU,PROG.FEP,0.957823814291261
JEP3,2023,1,CANINDEYU,PROD.FEP,1684.58854419238
JEP3,2023,1,CANINDEYU,TOTAL FEP,56924.1440989561
JEP3,2023,1,CANINDEYU,ACCID.PENF,9.0
JEP3,2023,1,CANINDEYU,PROG.PENF,0.802027380411308
JEP3,2023,1,CANINDEYU,TOTAL PENEF,66836.7886406083
JEP3,2023,1,CANINDEYU,PROD.PENF,4871.15712455019
JEP4,2023,1,CANINDEYU,ACCID.DEP,2.0
JEP4,2023,1,CANINDEYU,PROG.DEP,0.636441715534816
JEP4,2023,1,CANINDEYU,PROD.DEP,4743.44454528405
JEP4,2023,1,CANINDEYU,TOTAL DEP,58660.366775897
JEP4,2023,1,CANINDEYU,ACCID.FEP,9.0
JEP4,2023,1,CANINDEYU,PROG.FEP,0.794358817882477
JEP4,2023,1,CANINDEYU,PROD.FEP,4495.04659287645
JEP4,2023,1,CANINDEYU,TOTAL FEP,53378.3559600582
JEP4,2023,1,CANINDEYU,ACCID.PENF,1.0
JEP4,2023,1,CANINDEYU,PROG.PENF,0.864205865265562
JEP4,2023,1,CANINDEYU,PROD.PENF,3206.25653035552
JEP4,2023,1,CANINDEYU,TOTAL PENEF,65897.0203911296
JLM1,2023,1,ALTO PARANÁ,ACCID.DEP,6.0
JLM1,2023,1,ALTO PARANÁ,PROG.DEP,0.18840617756039
JLM1,2023,1,ALTO PARANÁ,PROD.DEP,4889.89281628398
JLM1,2023,1,ALTO PARANÁ,TOTAL DEP,68321.0421663396
JLM1,2023,1,ALTO PARANÁ,ACCID.FEP,7.0
JLM1,2023,1,ALTO PARANÁ,PROG.FEP,0.163063050754865
JLM1,2023,1,ALTO PARANÁ,PROD.FEP,1778.04942262945
JLM1,2023,1,ALTO PARANÁ,TOTAL FEP,65104.9968729624
JLM1,2023,1,ALTO PARANÁ,ACCID.PENF,2.0
JLM1,2023,1,ALTO PARANÁ,PROG.PENF,0.121006519125373
JLM1,2023,1,ALTO PARANÁ,PROD.PENF,3282.1634417636
JLM1,2023,1,ALTO PARANÁ,TOTAL PENEF,50342.0271314042
JLM2,2023,1,ALTO PARANÁ,ACCID.DEP,2.0
JLM2,2023,1,ALTO PARANÁ,PROG.DEP,0.102392443698069
JLM2,2023,1,ALTO PARANÁ,PROD.DEP,1054.57888190864
JLM2,2023,1,ALTO PARANÁ,TOTAL DEP,54554.9898745147
IRY2,2023,1,ALTO PARANÁ,TOTAL DEP,67503.7404266071
IRY2,2023,1,ALTO PARANÁ,PROD.DEP,4200.02416996309
IRY2,2023,1,ALTO PARANÁ,ACCID.FEP,5.0
JLM2,2023,1,ALTO PARANÁ,ACCID.FEP,8.0
JLM2,2023,1,ALTO PARANÁ,ACCID.PENF,3.0
JLM2,2023,1,ALTO PARANÁ,PROG.PENF,0.589580192498376
JLM2,2023,1,ALTO PARANÁ,PROD.PENF,3708.62639584685
JLM2,2023,1,ALTO PARANÁ,TOTAL PENEF,51477.9259249773
JLM3,2023,1,ALTO PARANÁ,ACCID.DEP,5.0
JLM3,2023,1,ALTO PARANÁ,PROG.DEP,0.178483960768139
JLM3,2023,1,ALTO PARANÁ,PROD.DEP,4486.2290716951
JLM3,2023,1,ALTO PARANÁ,TOTAL DEP,58016.9503373671
JLM3,2023,1,ALTO PARANÁ,ACCID.FEP,2.0
JLM3,2023,1,ALTO PARANÁ,PROG.FEP,0.305943773879277
JLM3,2023,1,ALTO PARANÁ,PROD.FEP,3973.73903092698
JLM3,2023,1,ALTO PARANÁ,TOTAL FEP,57094.3590816538
JLM3,2023,1,ALTO PARANÁ,ACCID.PENF,3.0
JLM3,2023,1,ALTO PARANÁ,PROG.PENF,0.46783969227302
JLM3,2023,1,ALTO PARANÁ,PROD.PENF,1072.64099260574
JLM3,2023,1,ALTO PARANÁ,TOTAL PENEF,68740.62899406
K152,2023,1,ALTO PARANÁ,ACCID.DEP,8.0
K152,2023,1,ALTO PARANÁ,PROG.DEP,0.705180657034986
K152,2023,1,ALTO PARANÁ,PROD.DEP,4366.80875367815
K152,2023,1,ALTO PARANÁ,TOTAL DEP,65939.6331697966
K152,2023,1,ALTO PARANÁ,ACCID.FEP,8.0
K152,2023,1,ALTO PARANÁ,PROG.FEP,0.44160683322144
K152,2023,1,ALTO PARANÁ,PROD.FEP,2314.42781883028
K152,2023,1,ALTO PARANÁ,TOTAL FEP,57454.26277043
K152,2023,1,ALTO PARANÁ,ACCID.PENF,5.0
K152,2023,1,ALTO PARANÁ,PROG.PENF,0.69687534654876
K152,2023,1,ALTO PARANÁ,PROD.PENF,1276.15844655963
K152,2023,1,ALTO PARANÁ,TOTAL PENEF,66417.6521665181
K153,2023,1,ALTO PARANÁ,ACCID.DEP,7.0
K153,2023,1,ALTO PARANÁ,PROG.DEP,0.493977032656743
K153,2023,1,ALTO PARANÁ,PROD.DEP,3240.18061998537
K153,2023,1,ALTO PARANÁ,TOTAL DEP,68159.3587179485
K153,2023,1,ALTO PARANÁ,ACCID.FEP,5.0
K153,2023,1,ALTO PARANÁ,PROG.FEP,0.553062537659693
K153,2023,1,ALTO PARANÁ,PROD.FEP,2071.06222120885
K153,2023,1,ALTO PARANÁ,TOTAL FEP,63661.5190892638
K153,2023,1,ALTO PARANÁ,ACCID.PENF,1.0
K153,2023,1,ALTO PARANÁ,PROG.PENF,0.182016119804055
K153,2023,1,ALTO PARANÁ,PROD.PENF,3165.82179231388
K153,2023,1,ALTO PARANÁ,TOTAL PENEF,63536.5299931492
K154,2023,1,ALTO PARANÁ,ACCID.DEP,7.0
K154,2023,1,ALTO PARANÁ,PROG.DEP,0.882467832958942
K154,2023,1,ALTO PARANÁ,PROD.DEP,1335.51524114279
K154,2023,1,ALTO PARANÁ,TOTAL DEP,56484.393113385
K154,2023,1,ALTO PARANÁ,ACCID.FEP,2.0
K154,2023,1,ALTO PARANÁ,PROG.FEP,0.261918546389009
K154,2023,1,ALTO PARANÁ,PROD.FEP,3526.81150746878
K154,2023,1,ALTO PARANÁ,TOTAL FEP,67420.4523978862
K154,2023,1,ALTO PARANÁ,ACCID.PENF,8.0
K154,2023,1,ALTO PARANÁ,PROG.PENF,0.826942367106996
K154,2023,1,ALTO PARANÁ,PROD.PENF,2915.01586135322
K154,2023,1,ALTO PARANÁ,TOTAL PENEF,64655.9049172332
K155,2023,1,ALTO PARANÁ,ACCID.DEP,1.0
K155,2023,1,ALTO PARANÁ,PROG.DEP,0.61875499769555
K155,2023,1,ALTO PARANÁ,PROD.DEP,3392.00789516807
K155,2023,1,ALTO PARANÁ,TOTAL DEP,65698.6636147978
K155,2023,1,ALTO PARANÁ,ACCID.FEP,6.0
K155,2023,1,ALTO PARANÁ,PROG.FEP,0.980689979988462
K155,2023,1,ALTO PARANÁ,PROD.FEP,4882.25013214819
K155,2023,1,ALTO PARANÁ,TOTAL FEP,57505.8874757226
K155,2023,1,ALTO PARANÁ,ACCID.PENF,2.0
K155,2023,1,ALTO PARANÁ,PROG.PENF,0.223587335170319
K155,2023,1,ALTO PARANÁ,PROD.PENF,3985.28750833944
K155,2023,1,ALTO PARANÁ,TOTAL PENEF,66006.8519487196
K156,2023,1,ALTO PARANÁ,ACCID.DEP,7.0
K156,2023,1,ALTO PARANÁ,PROG.DEP,0.997382162201691
K156,2023,1,ALTO PARANÁ,PROD.DEP,2033.11179072972
K156,2023,1,ALTO PARANÁ,TOTAL DEP,67927.5646939548
K156,2023,1,ALTO PARANÁ,ACCID.FEP,8.0
K156,2023,1,ALTO PARANÁ,PROG.FEP,0.857402161640516
K156,2023,1,ALTO PARANÁ,PROD.FEP,1980.47163321039
K156,2023,1,ALTO PARANÁ,TOTAL FEP,63468.2185000758
K156,2023,1,ALTO PARANÁ,ACCID.PENF,1.0
K156,2023,1,ALTO PARANÁ,PROG.PENF,0.188160947008342
K156,2023,1,ALTO PARANÁ,PROD.PENF,1455.60938891079
K156,2023,1,ALTO PARANÁ,TOTAL PENEF,65962.7050944822
K157,2023,1,ALTO PARANÁ,ACCID.DEP,8.0
K157,2023,1,ALTO PARANÁ,PROG.DEP,0.272001815232441
K157,2023,1,ALTO PARANÁ,PROD.DEP,4224.95275613195
K157,2023,1,ALTO PARANÁ,TOTAL DEP,65773.1490528524
K157,2023,1,ALTO PARANÁ,ACCID.FEP,1.0
K157,2023,1,ALTO PARANÁ,PROG.FEP,0.343414078598111
K157,2023,1,ALTO PARANÁ,PROD.FEP,2861.863658232
K157,2023,1,ALTO PARANÁ,TOTAL FEP,54591.5866719483
K157,2023,1,ALTO PARANÁ,ACCID.PENF,1.0
K157,2023,1,ALTO PARANÁ,PROG.PENF,0.37245518941697
K157,2023,1,ALTO PARANÁ,PROD.PENF,4154.6891325399
K157,2023,1,ALTO PARANÁ,TOTAL PENEF,69089.4900332858
K158,2023,1,ALTO PARANÁ,ACCID.DEP,7.0
K158,2023,1,ALTO PARANÁ,PROG.DEP,0.430939650466095
K158,2023,1,ALTO PARANÁ,PROD.DEP,2408.8090401391
K158,2023,1,ALTO PARANÁ,TOTAL DEP,65280.1556104405
K158,2023,1,ALTO PARANÁ,ACCID.FEP,4.0
K158,2023,1,ALTO PARANÁ,PROG.FEP,0.31829228938132
K158,2023,1,ALTO PARANÁ,PROD.FEP,4726.64390155068
K158,2023,1,ALTO PARANÁ,TOTAL FEP,66499.6266705305
JLM2,2023,1,ALTO PARANÁ,PROG.FEP,0.346228126879809
JLM2,2023,1,ALTO PARANÁ,TOTAL FEP,54554.7287115402
JLM2,2023,1,ALTO PARANÁ,PROD.FEP,4282.41237688107
K158,2023,1,ALTO PARANÁ,ACCID.PENF,5.0
K158,2023,1,ALTO PARANÁ,PROG.PENF,0.535405257849183
K159,2023,1,ALTO PARANÁ,PROG.DEP,0.203191224109163
K159,2023,1,ALTO PARANÁ,PROD.DEP,2318.84012165241
K159,2023,1,ALTO PARANÁ,TOTAL DEP,64600.9968579678
K159,2023,1,ALTO PARANÁ,ACCID.FEP,7.0
K159,2023,1,ALTO PARANÁ,PROG.FEP,0.801905534957612
K159,2023,1,ALTO PARANÁ,PROD.FEP,2363.80776528482
K159,2023,1,ALTO PARANÁ,TOTAL FEP,68109.0413699143
K159,2023,1,ALTO PARANÁ,PROG.PENF,0.565502546554505
K159,2023,1,ALTO PARANÁ,ACCID.PENF,0.0
K159,2023,1,ALTO PARANÁ,PROD.PENF,3669.78177427002
K159,2023,1,ALTO PARANÁ,TOTAL PENEF,65055.4213965045
K301,2023,1,ALTO PARANÁ,ACCID.DEP,3.0
K301,2023,1,ALTO PARANÁ,PROG.DEP,0.562432906455251
K301,2023,1,ALTO PARANÁ,PROD.DEP,2503.86462886645
K301,2023,1,ALTO PARANÁ,TOTAL DEP,69395.6258516801
K301,2023,1,ALTO PARANÁ,ACCID.FEP,4.0
K301,2023,1,ALTO PARANÁ,PROG.FEP,0.454274095807575
K301,2023,1,ALTO PARANÁ,PROD.FEP,3314.25359054444
K301,2023,1,ALTO PARANÁ,TOTAL FEP,61816.6742436484
K301,2023,1,ALTO PARANÁ,ACCID.PENF,0.0
K301,2023,1,ALTO PARANÁ,PROG.PENF,0.873463181774811
K301,2023,1,ALTO PARANÁ,PROD.PENF,4888.89941708103
K301,2023,1,ALTO PARANÁ,TOTAL PENEF,57192.7964030755
K302,2023,1,ALTO PARANÁ,ACCID.DEP,9.0
K302,2023,1,ALTO PARANÁ,PROG.DEP,0.506414830831782
K302,2023,1,ALTO PARANÁ,PROD.DEP,3175.33114622082
K302,2023,1,ALTO PARANÁ,TOTAL DEP,53798.9563495851
K302,2023,1,ALTO PARANÁ,ACCID.FEP,2.0
K302,2023,1,ALTO PARANÁ,PROG.FEP,0.27712066868769
K302,2023,1,ALTO PARANÁ,PROD.FEP,1740.03664874628
K302,2023,1,ALTO PARANÁ,TOTAL FEP,66006.7389731585
K302,2023,1,ALTO PARANÁ,ACCID.PENF,7.0
K302,2023,1,ALTO PARANÁ,PROG.PENF,0.33812053327975
K302,2023,1,ALTO PARANÁ,PROD.PENF,3034.08263082139
K159,2023,1,ALTO PARANÁ,ACCID.DEP,8.0
K303,2023,1,ALTO PARANÁ,ACCID.DEP,1.0
K303,2023,1,ALTO PARANÁ,PROG.DEP,0.50757502264386
K303,2023,1,ALTO PARANÁ,PROD.DEP,4006.42806220177
K303,2023,1,ALTO PARANÁ,TOTAL DEP,56672.246222156
K303,2023,1,ALTO PARANÁ,ACCID.FEP,9.0
K303,2023,1,ALTO PARANÁ,PROG.FEP,0.905706219831732
K303,2023,1,ALTO PARANÁ,PROD.FEP,1634.27745058211
K302,2023,1,ALTO PARANÁ,TOTAL PENEF,59261.4239011185
K303,2023,1,ALTO PARANÁ,ACCID.PENF,8.0
K303,2023,1,ALTO PARANÁ,PROG.PENF,0.763664022070425
K303,2023,1,ALTO PARANÁ,PROD.PENF,1943.92552590112
K303,2023,1,ALTO PARANÁ,TOTAL PENEF,55553.8577560738
K304,2023,1,ALTO PARANÁ,ACCID.DEP,3.0
K304,2023,1,ALTO PARANÁ,PROG.DEP,0.377904258069331
K304,2023,1,ALTO PARANÁ,PROD.DEP,1511.14942769871
K304,2023,1,ALTO PARANÁ,TOTAL DEP,63525.5044941224
K304,2023,1,ALTO PARANÁ,ACCID.FEP,4.0
K304,2023,1,ALTO PARANÁ,PROG.FEP,0.872008424747481
K304,2023,1,ALTO PARANÁ,PROD.FEP,3060.06199744433
K304,2023,1,ALTO PARANÁ,TOTAL FEP,61610.0878718222
K304,2023,1,ALTO PARANÁ,ACCID.PENF,7.0
K304,2023,1,ALTO PARANÁ,PROG.PENF,0.636833266686069
K158,2023,1,ALTO PARANÁ,TOTAL PENEF,59147.7950408712
K304,2023,1,ALTO PARANÁ,TOTAL PENEF,62308.5628464736
K305,2023,1,ALTO PARANÁ,ACCID.DEP,3.0
K305,2023,1,ALTO PARANÁ,PROG.DEP,0.740676340457375
K305,2023,1,ALTO PARANÁ,PROD.DEP,1446.89741570346
K305,2023,1,ALTO PARANÁ,TOTAL DEP,55021.0497796791
K305,2023,1,ALTO PARANÁ,ACCID.FEP,3.0
K305,2023,1,ALTO PARANÁ,PROG.FEP,0.306328306625424
K305,2023,1,ALTO PARANÁ,PROD.FEP,2310.87644323691
K305,2023,1,ALTO PARANÁ,TOTAL FEP,51905.3326660072
K305,2023,1,ALTO PARANÁ,ACCID.PENF,6.0
K305,2023,1,ALTO PARANÁ,PROG.PENF,0.458354270184906
K305,2023,1,ALTO PARANÁ,PROD.PENF,3115.78678698481
K305,2023,1,ALTO PARANÁ,TOTAL PENEF,69152.5485331977
K306,2023,1,ALTO PARANÁ,ACCID.DEP,6.0
K306,2023,1,ALTO PARANÁ,PROG.DEP,0.434238981255561
K304,2023,1,ALTO PARANÁ,PROD.PENF,2933.27311552659
K306,2023,1,ALTO PARANÁ,TOTAL DEP,61766.5450480391
K306,2023,1,ALTO PARANÁ,ACCID.FEP,6.0
K306,2023,1,ALTO PARANÁ,PROG.FEP,0.223545993782883
K306,2023,1,ALTO PARANÁ,PROD.FEP,4720.52593400988
K306,2023,1,ALTO PARANÁ,TOTAL FEP,50182.9715020235
K306,2023,1,ALTO PARANÁ,ACCID.PENF,5.0
K306,2023,1,ALTO PARANÁ,PROG.PENF,0.814532579754589
K306,2023,1,ALTO PARANÁ,PROD.PENF,1056.44957768877
K306,2023,1,ALTO PARANÁ,TOTAL PENEF,60301.5668270465
K307,2023,1,ALTO PARANÁ,ACCID.DEP,4.0
K307,2023,1,ALTO PARANÁ,PROG.DEP,0.99021123107874
K307,2023,1,ALTO PARANÁ,PROD.DEP,2128.95239153694
K307,2023,1,ALTO PARANÁ,TOTAL DEP,65740.5602564185
K307,2023,1,ALTO PARANÁ,ACCID.FEP,9.0
K307,2023,1,ALTO PARANÁ,PROG.FEP,0.434799811469356
K307,2023,1,ALTO PARANÁ,PROD.FEP,1137.88636515938
K307,2023,1,ALTO PARANÁ,TOTAL FEP,60070.061302321
K307,2023,1,ALTO PARANÁ,ACCID.PENF,0.0
K307,2023,1,ALTO PARANÁ,PROG.PENF,0.407765863122228
K307,2023,1,ALTO PARANÁ,PROD.PENF,1306.41285076793
K307,2023,1,ALTO PARANÁ,TOTAL PENEF,66876.370322403
K158,2023,1,ALTO PARANÁ,PROD.PENF,4965.23603027917
K306,2023,1,ALTO PARANÁ,PROD.DEP,3841.05709208152
K303,2023,1,ALTO PARANÁ,TOTAL FEP,52683.843172263
K308,2023,1,ALTO PARANÁ,ACCID.DEP,9.0
K308,2023,1,ALTO PARANÁ,PROG.DEP,0.656528043375292
K308,2023,1,ALTO PARANÁ,PROG.FEP,0.817251629176338
K308,2023,1,ALTO PARANÁ,PROD.FEP,1849.09648470216
K308,2023,1,ALTO PARANÁ,TOTAL FEP,54519.4095702932
K308,2023,1,ALTO PARANÁ,ACCID.PENF,2.0
K308,2023,1,ALTO PARANÁ,PROG.PENF,0.976345167655613
K308,2023,1,ALTO PARANÁ,PROD.PENF,1625.86160499686
K308,2023,1,ALTO PARANÁ,TOTAL PENEF,66766.9225468919
MCE1,2023,1,ALTO PARANÁ,ACCID.DEP,0.0
MCE1,2023,1,ALTO PARANÁ,PROG.DEP,0.319680203786031
MCE1,2023,1,ALTO PARANÁ,PROD.DEP,1635.52479816555
MCE1,2023,1,ALTO PARANÁ,TOTAL DEP,64834.8466604591
MCE1,2023,1,ALTO PARANÁ,ACCID.FEP,3.0
K308,2023,1,ALTO PARANÁ,PROD.DEP,4858.09616673897
MCE1,2023,1,ALTO PARANÁ,PROD.FEP,4210.81895941485
MCE1,2023,1,ALTO PARANÁ,TOTAL FEP,57284.9664712885
MCE1,2023,1,ALTO PARANÁ,ACCID.PENF,7.0
MCE1,2023,1,ALTO PARANÁ,PROG.PENF,0.311980948202358
MCE1,2023,1,ALTO PARANÁ,PROD.PENF,1972.43727632391
MCE1,2023,1,ALTO PARANÁ,TOTAL PENEF,65656.0845120942
MCE2,2023,1,ALTO PARANÁ,ACCID.DEP,1.0
MCE2,2023,1,ALTO PARANÁ,PROG.DEP,0.601913443622181
MCE2,2023,1,ALTO PARANÁ,PROD.DEP,4886.08619150697
MCE2,2023,1,ALTO PARANÁ,TOTAL DEP,52400.0821335801
MCE2,2023,1,ALTO PARANÁ,ACCID.FEP,1.0
MCE2,2023,1,ALTO PARANÁ,PROG.FEP,0.216090736989946
MCE2,2023,1,ALTO PARANÁ,PROD.FEP,3694.47596926073
MCE2,2023,1,ALTO PARANÁ,TOTAL FEP,55728.3062129122
MCE2,2023,1,ALTO PARANÁ,ACCID.PENF,9.0
MCE2,2023,1,ALTO PARANÁ,PROG.PENF,0.741409523183267
MCE2,2023,1,ALTO PARANÁ,PROD.PENF,2286.77704068129
MCE2,2023,1,ALTO PARANÁ,TOTAL PENEF,66021.0684800834
MCE3,2023,1,ALTO PARANÁ,ACCID.DEP,1.0
MCE3,2023,1,ALTO PARANÁ,PROG.DEP,0.223447359687933
MCE3,2023,1,ALTO PARANÁ,PROD.DEP,4166.71791316063
MCE3,2023,1,ALTO PARANÁ,TOTAL DEP,53881.6710570849
MCE3,2023,1,ALTO PARANÁ,ACCID.FEP,0.0
MCE3,2023,1,ALTO PARANÁ,PROG.FEP,0.780470415640816
MCE3,2023,1,ALTO PARANÁ,PROD.FEP,1077.80590178315
MCE3,2023,1,ALTO PARANÁ,TOTAL FEP,66057.1528318139
MCE3,2023,1,ALTO PARANÁ,ACCID.PENF,9.0
MCE3,2023,1,ALTO PARANÁ,PROG.PENF,0.187198308844587
MCE3,2023,1,ALTO PARANÁ,PROD.PENF,4280.7751768163
MCE3,2023,1,ALTO PARANÁ,TOTAL PENEF,64372.0805529899
MCE4,2023,1,ALTO PARANÁ,ACCID.DEP,8.0
MCE4,2023,1,ALTO PARANÁ,PROG.DEP,0.906903052181739
MCE4,2023,1,ALTO PARANÁ,PROD.DEP,1873.04833118155
MCE4,2023,1,ALTO PARANÁ,TOTAL DEP,64267.810329486
MCE4,2023,1,ALTO PARANÁ,ACCID.FEP,6.0
MCE4,2023,1,ALTO PARANÁ,PROG.FEP,0.45710431736064
MCE4,2023,1,ALTO PARANÁ,PROD.FEP,4095.34265834464
MCE4,2023,1,ALTO PARANÁ,TOTAL FEP,61324.1462733716
MCE4,2023,1,ALTO PARANÁ,ACCID.PENF,1.0
MCE4,2023,1,ALTO PARANÁ,PROG.PENF,0.659832710827911
MCE4,2023,1,ALTO PARANÁ,PROD.PENF,2747.35781369933
MCE4,2023,1,ALTO PARANÁ,TOTAL PENEF,59819.713955229
MCE5,2023,1,ALTO PARANÁ,ACCID.DEP,7.0
MCE5,2023,1,ALTO PARANÁ,PROG.DEP,0.82221486543411
MCE5,2023,1,ALTO PARANÁ,PROD.DEP,4745.05419134024
MCE5,2023,1,ALTO PARANÁ,TOTAL DEP,55626.1698376217
MCE5,2023,1,ALTO PARANÁ,ACCID.FEP,7.0
MCE5,2023,1,ALTO PARANÁ,PROG.FEP,0.179250680843642
MCE5,2023,1,ALTO PARANÁ,PROD.FEP,4442.01443798549
MCE5,2023,1,ALTO PARANÁ,TOTAL FEP,54097.8693840108
MCE5,2023,1,ALTO PARANÁ,ACCID.PENF,4.0
MCE5,2023,1,ALTO PARANÁ,PROG.PENF,0.982855288286867
K308,2023,1,ALTO PARANÁ,TOTAL DEP,56093.2178602988
MCE5,2023,1,ALTO PARANÁ,TOTAL PENEF,60824.7309591365
MCE6,2023,1,ALTO PARANÁ,ACCID.DEP,4.0
MCE6,2023,1,ALTO PARANÁ,PROG.DEP,0.642787209064929
MCE5,2023,1,ALTO PARANÁ,PROD.PENF,3477.08102440567
MCE6,2023,1,ALTO PARANÁ,TOTAL DEP,62132.0906248953
MCE6,2023,1,ALTO PARANÁ,ACCID.FEP,8.0
MCE6,2023,1,ALTO PARANÁ,PROG.FEP,0.206670738441293
MCE6,2023,1,ALTO PARANÁ,PROD.DEP,2655.33526726193
MCE6,2023,1,ALTO PARANÁ,TOTAL FEP,64084.1621521494
MCE6,2023,1,ALTO PARANÁ,ACCID.PENF,8.0
MCE6,2023,1,ALTO PARANÁ,PROG.PENF,0.913039943778596
MCE6,2023,1,ALTO PARANÁ,PROD.PENF,2560.138374624
MCE6,2023,1,ALTO PARANÁ,TOTAL PENEF,61467.137545016
MCE7,2023,1,ALTO PARANÁ,ACCID.DEP,5.0
MCE7,2023,1,ALTO PARANÁ,PROG.DEP,0.306056012617707
MCE6,2023,1,ALTO PARANÁ,PROD.FEP,1498.21409639628
MCE7,2023,1,ALTO PARANÁ,TOTAL DEP,66484.6705505196
MCE7,2023,1,ALTO PARANÁ,ACCID.FEP,7.0
MCE7,2023,1,ALTO PARANÁ,PROG.FEP,0.667129244657916
MCE7,2023,1,ALTO PARANÁ,PROD.FEP,3554.14283361697
MCE7,2023,1,ALTO PARANÁ,TOTAL FEP,52479.2626276772
MCE7,2023,1,ALTO PARANÁ,ACCID.PENF,9.0
MCE7,2023,1,ALTO PARANÁ,PROG.PENF,0.788588409295596
MCE7,2023,1,ALTO PARANÁ,PROD.DEP,3080.22200521423
MCE7,2023,1,ALTO PARANÁ,TOTAL PENEF,50458.2721286955
MPO1,2023,1,ALTO PARANÁ,ACCID.DEP,0.0
MPO1,2023,1,ALTO PARANÁ,PROG.DEP,0.901756362938369
MPO1,2023,1,ALTO PARANÁ,PROD.DEP,1856.5024695134
K308,2023,1,ALTO PARANÁ,ACCID.FEP,7.0
MCE1,2023,1,ALTO PARANÁ,PROG.FEP,0.366496534959077
MCE7,2023,1,ALTO PARANÁ,PROD.PENF,4251.56467402286
MPO1,2023,1,ALTO PARANÁ,TOTAL DEP,52483.6004163812
MPO1,2023,1,ALTO PARANÁ,ACCID.FEP,3.0
MPO1,2023,1,ALTO PARANÁ,PROD.FEP,3943.20524367977
MPO1,2023,1,ALTO PARANÁ,PROG.PENF,0.893830039007375
MPO1,2023,1,ALTO PARANÁ,PROD.PENF,1233.63319669806
MPO1,2023,1,ALTO PARANÁ,TOTAL PENEF,59924.9447901571
MPO2,2023,1,CANINDEYU,ACCID.DEP,4.0
MPO2,2023,1,CANINDEYU,PROG.DEP,0.655940016840324
MPO2,2023,1,CANINDEYU,PROD.DEP,2483.39398134592
MPO2,2023,1,CANINDEYU,TOTAL DEP,54699.6307085788
MPO2,2023,1,CANINDEYU,ACCID.FEP,3.0
MPO2,2023,1,CANINDEYU,PROG.FEP,0.370565060023624
MPO2,2023,1,CANINDEYU,PROD.FEP,3256.62590639994
MPO2,2023,1,CANINDEYU,TOTAL FEP,69227.8365280375
MPO2,2023,1,CANINDEYU,ACCID.PENF,1.0
MPO2,2023,1,CANINDEYU,PROG.PENF,0.371418056207709
MPO2,2023,1,CANINDEYU,PROD.PENF,1032.11560912786
MPO2,2023,1,CANINDEYU,TOTAL PENEF,61400.8089790942
MPO3,2023,1,ALTO PARANÁ,PROG.DEP,0.609829999229421
MPO3,2023,1,ALTO PARANÁ,ACCID.DEP,3.0
MPO3,2023,1,ALTO PARANÁ,PROD.DEP,4002.39994150711
MPO3,2023,1,ALTO PARANÁ,TOTAL DEP,67863.4869998012
MPO3,2023,1,ALTO PARANÁ,ACCID.FEP,1.0
MPO3,2023,1,ALTO PARANÁ,PROG.FEP,0.631383303973462
MPO3,2023,1,ALTO PARANÁ,PROD.FEP,3220.53204013966
MPO3,2023,1,ALTO PARANÁ,TOTAL FEP,51885.9212900675
MPO3,2023,1,ALTO PARANÁ,ACCID.PENF,7.0
MPO3,2023,1,ALTO PARANÁ,PROG.PENF,0.505363284884274
MPO3,2023,1,ALTO PARANÁ,PROD.PENF,1403.18711281731
MPO3,2023,1,ALTO PARANÁ,TOTAL PENEF,63855.4450483126
NAR2,2023,1,ALTO PARANÁ,ACCID.DEP,8.0
NAR2,2023,1,ALTO PARANÁ,PROG.DEP,0.508505380905549
NAR2,2023,1,ALTO PARANÁ,PROD.DEP,4416.02347375623
NAR2,2023,1,ALTO PARANÁ,TOTAL DEP,62370.8085789499
NAR2,2023,1,ALTO PARANÁ,ACCID.FEP,6.0
NAR2,2023,1,ALTO PARANÁ,PROG.FEP,0.951148923433525
NAR2,2023,1,ALTO PARANÁ,TOTAL FEP,57157.6933863552
NAR2,2023,1,ALTO PARANÁ,ACCID.PENF,7.0
NAR2,2023,1,ALTO PARANÁ,PROD.FEP,1290.8158116229
NAR2,2023,1,ALTO PARANÁ,PROG.PENF,0.630487753042061
NAR2,2023,1,ALTO PARANÁ,PROD.PENF,2856.41238599414
NAR2,2023,1,ALTO PARANÁ,TOTAL PENEF,60383.6212005617
NAR4,2023,1,ALTO PARANÁ,ACCID.DEP,4.0
NAR4,2023,1,ALTO PARANÁ,PROG.DEP,0.950291695281606
NAR4,2023,1,ALTO PARANÁ,PROD.DEP,2438.25238212891
NAR4,2023,1,ALTO PARANÁ,TOTAL DEP,50654.4152431974
NAR4,2023,1,ALTO PARANÁ,ACCID.FEP,6.0
NAR4,2023,1,ALTO PARANÁ,PROG.FEP,0.613122376335992
NAR4,2023,1,ALTO PARANÁ,PROD.FEP,4159.54539737311
NAR4,2023,1,ALTO PARANÁ,TOTAL FEP,55359.9622785339
NAR4,2023,1,ALTO PARANÁ,ACCID.PENF,1.0
NAR4,2023,1,ALTO PARANÁ,PROG.PENF,0.426490309104877
NAR4,2023,1,ALTO PARANÁ,PROD.PENF,3431.03164678802
NAR4,2023,1,ALTO PARANÁ,TOTAL PENEF,69402.8979453743
NAR5,2023,1,ALTO PARANÁ,ACCID.DEP,6.0
NAR5,2023,1,ALTO PARANÁ,PROG.DEP,0.656777344088443
NAR5,2023,1,ALTO PARANÁ,PROD.DEP,1964.79713726165
NAR5,2023,1,ALTO PARANÁ,TOTAL DEP,55646.9676984079
NAR5,2023,1,ALTO PARANÁ,ACCID.FEP,8.0
NAR5,2023,1,ALTO PARANÁ,PROG.FEP,0.7431761426248
NAR5,2023,1,ALTO PARANÁ,PROD.FEP,4735.19587853768
NAR5,2023,1,ALTO PARANÁ,TOTAL FEP,54044.7388051773
NAR5,2023,1,ALTO PARANÁ,ACCID.PENF,1.0
NAR5,2023,1,ALTO PARANÁ,PROG.PENF,0.557966436696032
NAR5,2023,1,ALTO PARANÁ,PROD.PENF,1319.69199667416
NAR5,2023,1,ALTO PARANÁ,TOTAL PENEF,61690.3400754176
NAR6,2023,1,ALTO PARANÁ,ACCID.DEP,5.0
NAR6,2023,1,ALTO PARANÁ,PROG.DEP,0.222111229516493
NAR6,2023,1,ALTO PARANÁ,PROD.DEP,2705.57588036725
NAR6,2023,1,ALTO PARANÁ,TOTAL DEP,57363.288568589
NAR6,2023,1,ALTO PARANÁ,ACCID.FEP,9.0
NAR6,2023,1,ALTO PARANÁ,PROG.FEP,0.731503046098484
NAR6,2023,1,ALTO PARANÁ,PROD.FEP,1967.28247949843
NAR6,2023,1,ALTO PARANÁ,TOTAL FEP,55052.9737669604
NAR6,2023,1,ALTO PARANÁ,ACCID.PENF,1.0
NAR6,2023,1,ALTO PARANÁ,PROG.PENF,0.655635475420292
NAR6,2023,1,ALTO PARANÁ,PROD.PENF,1414.02465951874
NAR6,2023,1,ALTO PARANÁ,TOTAL PENEF,56807.8108440689
NAR8,2023,1,ALTO PARANÁ,ACCID.DEP,5.0
NAR8,2023,1,ALTO PARANÁ,PROG.DEP,0.761385904717091
NAR8,2023,1,ALTO PARANÁ,TOTAL DEP,62841.8770068416
NAR8,2023,1,ALTO PARANÁ,PROD.DEP,3654.02064026832
NAR8,2023,1,ALTO PARANÁ,ACCID.FEP,1.0
NAR8,2023,1,ALTO PARANÁ,PROG.FEP,0.616325462806886
NAR8,2023,1,ALTO PARANÁ,PROD.FEP,4825.55783493369
NAR8,2023,1,ALTO PARANÁ,TOTAL FEP,68240.3244026333
NAR8,2023,1,ALTO PARANÁ,ACCID.PENF,7.0
NAR8,2023,1,ALTO PARANÁ,PROG.PENF,0.741137850161643
NAR8,2023,1,ALTO PARANÁ,PROD.PENF,2312.87735372294
NAR8,2023,1,ALTO PARANÁ,TOTAL PENEF,61796.5518711944
PBU1,2023,1,ALTO PARANÁ,ACCID.DEP,7.0
PBU1,2023,1,ALTO PARANÁ,PROG.DEP,0.609910336065669
PBU1,2023,1,ALTO PARANÁ,PROD.DEP,1850.07068250026
PBU1,2023,1,ALTO PARANÁ,TOTAL DEP,61818.8934041772
PBU1,2023,1,ALTO PARANÁ,ACCID.FEP,3.0
PBU1,2023,1,ALTO PARANÁ,PROG.FEP,0.580410595837465
PBU1,2023,1,ALTO PARANÁ,PROD.FEP,4685.2255771674
PBU1,2023,1,ALTO PARANÁ,TOTAL FEP,56225.431382904
MPO1,2023,1,ALTO PARANÁ,TOTAL FEP,62678.3800706136
MPO1,2023,1,ALTO PARANÁ,PROG.FEP,0.689718122649045
MPO1,2023,1,ALTO PARANÁ,ACCID.PENF,2.0
PBU1,2023,1,ALTO PARANÁ,ACCID.PENF,3.0
PBU2,2023,1,ALTO PARANÁ,ACCID.DEP,8.0
PBU2,2023,1,ALTO PARANÁ,PROG.DEP,0.577505733661499
PBU2,2023,1,ALTO PARANÁ,PROD.DEP,4025.18109248435
PBU2,2023,1,ALTO PARANÁ,TOTAL DEP,57861.1853981355
PBU2,2023,1,ALTO PARANÁ,ACCID.FEP,1.0
PBU2,2023,1,ALTO PARANÁ,PROG.FEP,0.762489937069885
PBU2,2023,1,ALTO PARANÁ,PROD.FEP,1428.24112778966
PBU2,2023,1,ALTO PARANÁ,TOTAL FEP,66009.4175855462
PBU2,2023,1,ALTO PARANÁ,ACCID.PENF,0.0
PBU2,2023,1,ALTO PARANÁ,PROG.PENF,0.532927068210986
PBU2,2023,1,ALTO PARANÁ,PROD.PENF,3970.65487317928
PBU2,2023,1,ALTO PARANÁ,TOTAL PENEF,52048.9260462077
PBU3,2023,1,ALTO PARANÁ,ACCID.DEP,6.0
PBU3,2023,1,ALTO PARANÁ,PROG.DEP,0.848719482660713
PBU3,2023,1,ALTO PARANÁ,PROD.DEP,3471.00014491839
PBU3,2023,1,ALTO PARANÁ,TOTAL DEP,50884.6908952584
PBU3,2023,1,ALTO PARANÁ,ACCID.FEP,0.0
PBU3,2023,1,ALTO PARANÁ,PROG.FEP,0.185760852136113
PBU3,2023,1,ALTO PARANÁ,PROD.FEP,1615.63454606445
PBU3,2023,1,ALTO PARANÁ,TOTAL FEP,61719.6432594424
PBU3,2023,1,ALTO PARANÁ,ACCID.PENF,1.0
PBU3,2023,1,ALTO PARANÁ,PROG.PENF,0.933156059913347
PBU3,2023,1,ALTO PARANÁ,PROD.PENF,2193.89607057498
PBU3,2023,1,ALTO PARANÁ,TOTAL PENEF,66878.7204529589
PBU4,2023,1,ALTO PARANÁ,ACCID.DEP,0.0
PBU4,2023,1,ALTO PARANÁ,PROG.DEP,0.281580389288478
PBU4,2023,1,ALTO PARANÁ,PROD.DEP,1666.79100682957
PBU4,2023,1,ALTO PARANÁ,TOTAL DEP,54868.4719890294
PBU4,2023,1,ALTO PARANÁ,ACCID.FEP,5.0
PBU4,2023,1,ALTO PARANÁ,PROG.FEP,0.19300052360154
PBU4,2023,1,ALTO PARANÁ,PROD.FEP,2665.54015912837
PBU4,2023,1,ALTO PARANÁ,TOTAL FEP,54231.2724028696
PBU4,2023,1,ALTO PARANÁ,ACCID.PENF,0.0
PBU4,2023,1,ALTO PARANÁ,PROG.PENF,0.784737697904972
PBU4,2023,1,ALTO PARANÁ,PROD.PENF,1858.70739237656
PBU4,2023,1,ALTO PARANÁ,TOTAL PENEF,51180.5724648039
PBU5,2023,1,ALTO PARANÁ,ACCID.DEP,6.0
PBU5,2023,1,ALTO PARANÁ,PROG.DEP,0.130288104656185
PBU5,2023,1,ALTO PARANÁ,PROD.DEP,2801.86075819837
PBU5,2023,1,ALTO PARANÁ,TOTAL DEP,62788.9915601882
PBU5,2023,1,ALTO PARANÁ,ACCID.FEP,8.0
PBU5,2023,1,ALTO PARANÁ,PROG.FEP,0.695032817712003
PBU5,2023,1,ALTO PARANÁ,PROD.FEP,1550.19156308184
PBU5,2023,1,ALTO PARANÁ,TOTAL FEP,61509.7882705462
PBU5,2023,1,ALTO PARANÁ,ACCID.PENF,2.0
PBU5,2023,1,ALTO PARANÁ,PROG.PENF,0.248117159760571
PBU5,2023,1,ALTO PARANÁ,PROD.PENF,1524.24827096206
PBU5,2023,1,ALTO PARANÁ,TOTAL PENEF,63696.0116484201
PFO1,2023,1,ALTO PARANÁ,ACCID.DEP,0.0
PFO1,2023,1,ALTO PARANÁ,PROG.DEP,0.251234374924196
PFO1,2023,1,ALTO PARANÁ,PROD.DEP,3182.6423078308
PFO1,2023,1,ALTO PARANÁ,TOTAL DEP,50221.835538626
PFO1,2023,1,ALTO PARANÁ,ACCID.FEP,6.0
PFO1,2023,1,ALTO PARANÁ,PROG.FEP,0.982631658563589
PFO1,2023,1,ALTO PARANÁ,PROD.FEP,3041.16908344848
PFO1,2023,1,ALTO PARANÁ,TOTAL FEP,56380.3891094988
PFO1,2023,1,ALTO PARANÁ,ACCID.PENF,1.0
PFO1,2023,1,ALTO PARANÁ,PROG.PENF,0.147939363678387
PFO1,2023,1,ALTO PARANÁ,PROD.PENF,3186.12175261547
PFO1,2023,1,ALTO PARANÁ,TOTAL PENEF,63725.0427333411
PFO10,2023,1,ALTO PARANÁ,ACCID.DEP,9.0
PFO10,2023,1,ALTO PARANÁ,PROG.DEP,0.38565826690034
PFO10,2023,1,ALTO PARANÁ,PROD.DEP,1460.56590298026
PFO10,2023,1,ALTO PARANÁ,TOTAL DEP,60343.5558859583
PFO10,2023,1,ALTO PARANÁ,ACCID.FEP,2.0
PFO10,2023,1,ALTO PARANÁ,PROG.FEP,0.751900605243337
PFO10,2023,1,ALTO PARANÁ,PROD.FEP,2936.35938825185
PFO10,2023,1,ALTO PARANÁ,TOTAL FEP,53844.6925926319
PFO10,2023,1,ALTO PARANÁ,ACCID.PENF,6.0
PFO10,2023,1,ALTO PARANÁ,PROG.PENF,0.623887139872374
PFO10,2023,1,ALTO PARANÁ,PROD.PENF,3593.7541011837
PFO10,2023,1,ALTO PARANÁ,TOTAL PENEF,64532.5244311393
PFO11,2023,1,ALTO PARANÁ,ACCID.DEP,2.0
PFO11,2023,1,ALTO PARANÁ,PROG.DEP,0.932503967013364
PFO11,2023,1,ALTO PARANÁ,PROD.DEP,1739.16814728376
PFO11,2023,1,ALTO PARANÁ,TOTAL DEP,51245.6817593979
PFO11,2023,1,ALTO PARANÁ,ACCID.FEP,9.0
PFO11,2023,1,ALTO PARANÁ,PROG.FEP,0.796603931935646
PFO11,2023,1,ALTO PARANÁ,PROD.FEP,1377.08719511007
PBU1,2023,1,ALTO PARANÁ,PROG.PENF,0.751403041266328
PFO11,2023,1,ALTO PARANÁ,ACCID.PENF,6.0
PFO11,2023,1,ALTO PARANÁ,PROG.PENF,0.293317656433082
PFO11,2023,1,ALTO PARANÁ,PROD.PENF,1103.94410871811
PFO11,2023,1,ALTO PARANÁ,TOTAL PENEF,64609.7243889674
PFO12,2023,1,ALTO PARANÁ,ACCID.DEP,8.0
PFO12,2023,1,ALTO PARANÁ,PROG.DEP,0.987605574216207
PFO12,2023,1,ALTO PARANÁ,PROD.DEP,3476.86228453424
PFO12,2023,1,ALTO PARANÁ,TOTAL DEP,66513.702139408
PFO12,2023,1,ALTO PARANÁ,ACCID.FEP,7.0
PFO12,2023,1,ALTO PARANÁ,PROG.FEP,0.966825782251197
PFO12,2023,1,ALTO PARANÁ,PROD.FEP,1899.67729871705
PFO12,2023,1,ALTO PARANÁ,TOTAL FEP,51664.2423932001
PFO12,2023,1,ALTO PARANÁ,ACCID.PENF,7.0
PFO12,2023,1,ALTO PARANÁ,PROG.PENF,0.460346924467658
PFO12,2023,1,ALTO PARANÁ,PROD.PENF,3808.01362499495
PFO12,2023,1,ALTO PARANÁ,TOTAL PENEF,53498.8307301425
PFO11,2023,1,ALTO PARANÁ,TOTAL FEP,60962.5603554321
PBU1,2023,1,ALTO PARANÁ,TOTAL PENEF,64198.5394540642
PBU1,2023,1,ALTO PARANÁ,PROD.PENF,2885.0818896529
PFO14,2023,1,ALTO PARANÁ,ACCID.DEP,5.0
PFO14,2023,1,ALTO PARANÁ,PROG.DEP,0.364108726106275
PFO14,2023,1,ALTO PARANÁ,PROG.FEP,0.149324620964255
PFO14,2023,1,ALTO PARANÁ,PROD.FEP,1229.91671354012
PFO14,2023,1,ALTO PARANÁ,TOTAL FEP,63209.0918127068
PFO14,2023,1,ALTO PARANÁ,ACCID.PENF,5.0
PFO14,2023,1,ALTO PARANÁ,PROG.PENF,0.132015400635008
PFO14,2023,1,ALTO PARANÁ,PROD.PENF,4097.25297677399
PFO14,2023,1,ALTO PARANÁ,TOTAL PENEF,52088.2459506008
PFO15,2023,1,ALTO PARANÁ,ACCID.DEP,4.0
PFO15,2023,1,ALTO PARANÁ,PROG.DEP,0.716639507405032
PFO15,2023,1,ALTO PARANÁ,PROD.DEP,4445.72308426439
PFO15,2023,1,ALTO PARANÁ,TOTAL DEP,53116.7467312535
PFO15,2023,1,ALTO PARANÁ,ACCID.FEP,0.0
PFO15,2023,1,ALTO PARANÁ,PROG.FEP,0.128769712423192
PFO15,2023,1,ALTO PARANÁ,PROD.FEP,4603.48219931491
PFO15,2023,1,ALTO PARANÁ,TOTAL FEP,58469.8685665785
PFO15,2023,1,ALTO PARANÁ,ACCID.PENF,6.0
PFO15,2023,1,ALTO PARANÁ,PROG.PENF,0.56421821352209
PFO15,2023,1,ALTO PARANÁ,PROD.PENF,3984.6346555389
PFO15,2023,1,ALTO PARANÁ,TOTAL PENEF,54158.3682429766
PFO16,2023,1,ALTO PARANÁ,ACCID.DEP,6.0
PFO16,2023,1,ALTO PARANÁ,PROG.DEP,0.466346722966207
PFO16,2023,1,ALTO PARANÁ,PROD.DEP,2944.70059007737
PFO16,2023,1,ALTO PARANÁ,TOTAL DEP,62197.4480932806
PFO16,2023,1,ALTO PARANÁ,ACCID.FEP,3.0
PFO16,2023,1,ALTO PARANÁ,PROG.FEP,0.721965151790023
PFO16,2023,1,ALTO PARANÁ,PROD.FEP,2695.39097393351
PFO16,2023,1,ALTO PARANÁ,TOTAL FEP,57615.1722396885
PFO16,2023,1,ALTO PARANÁ,ACCID.PENF,9.0
PFO16,2023,1,ALTO PARANÁ,PROG.PENF,0.558736288207764
PFO16,2023,1,ALTO PARANÁ,PROD.PENF,1947.04450346245
PFO16,2023,1,ALTO PARANÁ,TOTAL PENEF,69831.8082394248
PFO17,2023,1,ALTO PARANÁ,ACCID.DEP,1.0
PFO17,2023,1,ALTO PARANÁ,PROG.DEP,0.12409823079147
PFO17,2023,1,ALTO PARANÁ,PROD.DEP,4139.85776763418
PFO17,2023,1,ALTO PARANÁ,TOTAL DEP,57201.610971531
PFO17,2023,1,ALTO PARANÁ,ACCID.FEP,4.0
PFO17,2023,1,ALTO PARANÁ,PROG.FEP,0.240205509513987
PFO17,2023,1,ALTO PARANÁ,PROD.FEP,3861.64998214373
PFO17,2023,1,ALTO PARANÁ,TOTAL FEP,63502.3337235924
PFO17,2023,1,ALTO PARANÁ,ACCID.PENF,2.0
PFO17,2023,1,ALTO PARANÁ,PROG.PENF,0.604377218511002
PFO17,2023,1,ALTO PARANÁ,PROD.PENF,3909.6457952203
PFO17,2023,1,ALTO PARANÁ,TOTAL PENEF,61264.349570815
PFO2,2023,1,ALTO PARANÁ,ACCID.DEP,3.0
PFO2,2023,1,ALTO PARANÁ,PROG.DEP,0.3449517305689
PFO2,2023,1,ALTO PARANÁ,PROD.DEP,2099.28669974775
PFO2,2023,1,ALTO PARANÁ,TOTAL DEP,50719.6785020776
PFO2,2023,1,ALTO PARANÁ,ACCID.FEP,0.0
PFO2,2023,1,ALTO PARANÁ,PROG.FEP,0.603624065300299
PFO2,2023,1,ALTO PARANÁ,PROD.FEP,4503.86305658487
PFO2,2023,1,ALTO PARANÁ,TOTAL FEP,64741.8971713904
PFO2,2023,1,ALTO PARANÁ,ACCID.PENF,6.0
PFO2,2023,1,ALTO PARANÁ,PROG.PENF,0.972297384258499
PFO2,2023,1,ALTO PARANÁ,PROD.PENF,3982.21679491427
PFO2,2023,1,ALTO PARANÁ,TOTAL PENEF,61245.0332304424
PFO3,2023,1,ALTO PARANÁ,ACCID.DEP,8.0
PFO3,2023,1,ALTO PARANÁ,PROG.DEP,0.164607170544259
PFO3,2023,1,ALTO PARANÁ,PROD.DEP,1317.95782236116
PFO3,2023,1,ALTO PARANÁ,TOTAL DEP,53299.0626619622
PFO3,2023,1,ALTO PARANÁ,ACCID.FEP,5.0
PFO3,2023,1,ALTO PARANÁ,PROG.FEP,0.585976809021801
PFO3,2023,1,ALTO PARANÁ,PROD.FEP,4318.84042228099
PFO3,2023,1,ALTO PARANÁ,TOTAL FEP,54653.9745275428
PFO3,2023,1,ALTO PARANÁ,ACCID.PENF,2.0
PFO3,2023,1,ALTO PARANÁ,PROG.PENF,0.820565554094862
PFO3,2023,1,ALTO PARANÁ,PROD.PENF,3391.68697138645
PFO3,2023,1,ALTO PARANÁ,TOTAL PENEF,58504.2648878314
PFO4,2023,1,ALTO PARANÁ,ACCID.DEP,9.0
PFO4,2023,1,ALTO PARANÁ,PROG.DEP,0.906102244856711
PFO4,2023,1,ALTO PARANÁ,PROD.DEP,1884.7432908105
PFO4,2023,1,ALTO PARANÁ,TOTAL DEP,53183.624642744
PFO4,2023,1,ALTO PARANÁ,ACCID.FEP,0.0
PFO4,2023,1,ALTO PARANÁ,PROG.FEP,0.811041476195506
PFO4,2023,1,ALTO PARANÁ,PROD.FEP,2073.06124938865
PFO4,2023,1,ALTO PARANÁ,TOTAL FEP,68339.8685248243
PFO4,2023,1,ALTO PARANÁ,ACCID.PENF,9.0
PFO4,2023,1,ALTO PARANÁ,PROG.PENF,0.162159124824476
PFO4,2023,1,ALTO PARANÁ,PROD.PENF,3045.82184767797
PFO14,2023,1,ALTO PARANÁ,ACCID.FEP,7.0
PFO5,2023,1,ALTO PARANÁ,ACCID.DEP,4.0
PFO5,2023,1,ALTO PARANÁ,PROG.DEP,0.813677608742589
PFO5,2023,1,ALTO PARANÁ,PROD.DEP,2389.01039296697
PFO5,2023,1,ALTO PARANÁ,TOTAL DEP,57153.4175468687
PFO5,2023,1,ALTO PARANÁ,ACCID.FEP,5.0
PFO5,2023,1,ALTO PARANÁ,PROG.FEP,0.225991724973528
PFO5,2023,1,ALTO PARANÁ,PROD.FEP,4897.08250625328
PFO5,2023,1,ALTO PARANÁ,TOTAL FEP,51934.08908782
PFO5,2023,1,ALTO PARANÁ,ACCID.PENF,6.0
PFO5,2023,1,ALTO PARANÁ,PROG.PENF,0.889427799175947
PFO5,2023,1,ALTO PARANÁ,PROD.PENF,2430.3627746051
PFO5,2023,1,ALTO PARANÁ,TOTAL PENEF,64054.7085635383
PFO6,2023,1,ALTO PARANÁ,ACCID.DEP,4.0
PFO6,2023,1,ALTO PARANÁ,PROG.DEP,0.375942070005416
PFO6,2023,1,ALTO PARANÁ,PROD.DEP,2641.10915981535
PFO6,2023,1,ALTO PARANÁ,TOTAL DEP,63599.4923990917
PFO14,2023,1,ALTO PARANÁ,PROD.DEP,1707.81036159041
PFO14,2023,1,ALTO PARANÁ,TOTAL DEP,52872.883450311
PFO4,2023,1,ALTO PARANÁ,TOTAL PENEF,66174.4374642694
PFO6,2023,1,ALTO PARANÁ,PROG.FEP,0.218449224456842
PFO6,2023,1,ALTO PARANÁ,ACCID.PENF,1.0
PFO6,2023,1,ALTO PARANÁ,PROG.PENF,0.979740821870401
PFO6,2023,1,ALTO PARANÁ,PROD.PENF,3465.24452135382
PFO6,2023,1,ALTO PARANÁ,TOTAL PENEF,52800.3937390966
PFO7,2023,1,ALTO PARANÁ,ACCID.DEP,5.0
PFO7,2023,1,ALTO PARANÁ,PROG.DEP,0.734866223625613
PFO7,2023,1,ALTO PARANÁ,PROD.DEP,3903.82030131085
PFO7,2023,1,ALTO PARANÁ,TOTAL DEP,55890.727696643
PFO7,2023,1,ALTO PARANÁ,ACCID.FEP,2.0
PFO7,2023,1,ALTO PARANÁ,PROG.FEP,0.959172974480626
PFO7,2023,1,ALTO PARANÁ,PROD.FEP,3500.66250913598
PFO7,2023,1,ALTO PARANÁ,TOTAL FEP,63011.6103859314
PFO7,2023,1,ALTO PARANÁ,ACCID.PENF,9.0
PFO7,2023,1,ALTO PARANÁ,PROG.PENF,0.294817148606039
PFO7,2023,1,ALTO PARANÁ,PROD.PENF,2128.55983134355
PFO7,2023,1,ALTO PARANÁ,TOTAL PENEF,60595.3835771188
PFO8,2023,1,ALTO PARANÁ,ACCID.DEP,9.0
PFO8,2023,1,ALTO PARANÁ,PROG.DEP,0.71153279768883
PFO8,2023,1,ALTO PARANÁ,PROD.DEP,1647.27420070735
PFO8,2023,1,ALTO PARANÁ,TOTAL DEP,51862.2698195597
PFO8,2023,1,ALTO PARANÁ,ACCID.FEP,8.0
PFO8,2023,1,ALTO PARANÁ,PROG.FEP,0.599977436603353
PFO8,2023,1,ALTO PARANÁ,PROD.FEP,4459.38715722502
PFO8,2023,1,ALTO PARANÁ,TOTAL FEP,65896.2287768846
PFO8,2023,1,ALTO PARANÁ,ACCID.PENF,8.0
PFO8,2023,1,ALTO PARANÁ,PROG.PENF,0.41258318631041
PFO8,2023,1,ALTO PARANÁ,PROD.PENF,1341.56496836535
PFO8,2023,1,ALTO PARANÁ,TOTAL PENEF,59204.3285900296
PFO9,2023,1,ALTO PARANÁ,ACCID.DEP,7.0
PFO9,2023,1,ALTO PARANÁ,PROG.DEP,0.830576445511299
PFO9,2023,1,ALTO PARANÁ,PROD.DEP,1017.38378533161
PFO9,2023,1,ALTO PARANÁ,TOTAL DEP,67388.6992060957
PFO9,2023,1,ALTO PARANÁ,ACCID.FEP,8.0
PFO9,2023,1,ALTO PARANÁ,PROG.FEP,0.931624366973416
PFO9,2023,1,ALTO PARANÁ,PROD.FEP,2168.79200332676
PFO9,2023,1,ALTO PARANÁ,TOTAL FEP,65820.9620114222
PFO9,2023,1,ALTO PARANÁ,ACCID.PENF,3.0
PFO9,2023,1,ALTO PARANÁ,PROG.PENF,0.19090387858377
PFO9,2023,1,ALTO PARANÁ,TOTAL PENEF,51319.2327831136
PFO9,2023,1,ALTO PARANÁ,PROD.PENF,1855.80217835938
PIH1,2023,1,ALTO PARANÁ,ACCID.DEP,0.0
PIH1,2023,1,ALTO PARANÁ,PROG.DEP,0.359085135639701
PIH1,2023,1,ALTO PARANÁ,PROD.DEP,2898.87819223689
PIH1,2023,1,ALTO PARANÁ,TOTAL DEP,65612.3122359896
PIH1,2023,1,ALTO PARANÁ,ACCID.FEP,4.0
PIH1,2023,1,ALTO PARANÁ,PROG.FEP,0.982957378689798
PIH1,2023,1,ALTO PARANÁ,PROD.FEP,1370.55471902188
PIH1,2023,1,ALTO PARANÁ,TOTAL FEP,69310.9562597067
PIH1,2023,1,ALTO PARANÁ,ACCID.PENF,3.0
PIH1,2023,1,ALTO PARANÁ,PROG.PENF,0.898190903161775
PIH1,2023,1,ALTO PARANÁ,PROD.PENF,4502.12164147805
PIH1,2023,1,ALTO PARANÁ,TOTAL PENEF,65228.8574145251
PIH2,2023,1,ALTO PARANÁ,ACCID.DEP,5.0
PIH2,2023,1,ALTO PARANÁ,PROG.DEP,0.118738047201244
PIH2,2023,1,ALTO PARANÁ,PROD.DEP,1164.69599733235
PIH2,2023,1,ALTO PARANÁ,TOTAL DEP,54483.6168619068
PIH2,2023,1,ALTO PARANÁ,ACCID.FEP,9.0
PIH2,2023,1,ALTO PARANÁ,PROG.FEP,0.10744139652013
PIH2,2023,1,ALTO PARANÁ,PROD.FEP,1696.95079756397
PIH2,2023,1,ALTO PARANÁ,TOTAL FEP,64572.8291949175
PIH2,2023,1,ALTO PARANÁ,ACCID.PENF,5.0
PIH2,2023,1,ALTO PARANÁ,PROG.PENF,0.869710834366834
PIH2,2023,1,ALTO PARANÁ,PROD.PENF,1713.07295984084
PIH2,2023,1,ALTO PARANÁ,TOTAL PENEF,51978.6570780547
PIH3,2023,1,ALTO PARANÁ,ACCID.DEP,0.0
PIH3,2023,1,ALTO PARANÁ,PROG.DEP,0.256632127523192
PIH3,2023,1,ALTO PARANÁ,PROD.DEP,3613.98291607425
PIH3,2023,1,ALTO PARANÁ,TOTAL DEP,68399.942817716
PIH3,2023,1,ALTO PARANÁ,ACCID.FEP,7.0
PIH3,2023,1,ALTO PARANÁ,PROG.FEP,0.869286676766375
PIH3,2023,1,ALTO PARANÁ,PROD.FEP,4169.67184216818
PIH3,2023,1,ALTO PARANÁ,TOTAL FEP,58000.5275307645
PIH3,2023,1,ALTO PARANÁ,ACCID.PENF,9.0
PIH3,2023,1,ALTO PARANÁ,PROG.PENF,0.160627853532062
PIH3,2023,1,ALTO PARANÁ,PROD.PENF,1794.93753963025
PIH3,2023,1,ALTO PARANÁ,TOTAL PENEF,62989.5318076342
PIH4,2023,1,ALTO PARANÁ,ACCID.DEP,9.0
PIH4,2023,1,ALTO PARANÁ,PROG.DEP,0.167159763436179
PIH4,2023,1,ALTO PARANÁ,PROD.DEP,4369.77919266354
PIH4,2023,1,ALTO PARANÁ,TOTAL DEP,65498.1613421149
PIH4,2023,1,ALTO PARANÁ,ACCID.FEP,8.0
PIH4,2023,1,ALTO PARANÁ,PROG.FEP,0.471829859969174
PIH4,2023,1,ALTO PARANÁ,PROD.FEP,2973.07432572858
PIH4,2023,1,ALTO PARANÁ,TOTAL FEP,55937.3840361738
PIH4,2023,1,ALTO PARANÁ,ACCID.PENF,1.0
PIH4,2023,1,ALTO PARANÁ,PROG.PENF,0.319441328127847
PIH4,2023,1,ALTO PARANÁ,PROD.PENF,1373.58817516642
PIH4,2023,1,ALTO PARANÁ,TOTAL PENEF,59529.5126780455
PIH5,2023,1,ALTO PARANÁ,ACCID.DEP,4.0
PIH5,2023,1,ALTO PARANÁ,PROG.DEP,0.911706282810244
PIH5,2023,1,ALTO PARANÁ,PROD.DEP,2204.21975194599
PIH5,2023,1,ALTO PARANÁ,TOTAL DEP,63318.6864996133
PIH5,2023,1,ALTO PARANÁ,ACCID.FEP,0.0
PIH5,2023,1,ALTO PARANÁ,PROG.FEP,0.356676982855645
PFO6,2023,1,ALTO PARANÁ,PROD.FEP,2120.57783632439
PIH5,2023,1,ALTO PARANÁ,TOTAL FEP,55102.8950502229
PFO6,2023,1,ALTO PARANÁ,TOTAL FEP,53744.9387557649
PIH5,2023,1,ALTO PARANÁ,PROD.FEP,4881.62021119208
PFO6,2023,1,ALTO PARANÁ,ACCID.FEP,4.0
PIH5,2023,1,ALTO PARANÁ,ACCID.PENF,1.0
PIH5,2023,1,ALTO PARANÁ,PROG.PENF,0.229965839440057
SGA1,2023,1,CANINDEYU,PROG.DEP,0.706231449144379
SGA1,2023,1,CANINDEYU,PROD.DEP,3147.5415266371
SGA1,2023,1,CANINDEYU,TOTAL DEP,55846.4895173136
SGA1,2023,1,CANINDEYU,ACCID.FEP,8.0
PIH5,2023,1,ALTO PARANÁ,TOTAL PENEF,51303.1162132957
SGA1,2023,1,CANINDEYU,TOTAL FEP,56405.8675507422
SGA1,2023,1,CANINDEYU,PROD.FEP,4846.09643445605
SGA1,2023,1,CANINDEYU,ACCID.PENF,6.0
SGA1,2023,1,CANINDEYU,PROG.PENF,0.939600999538747
SGA1,2023,1,CANINDEYU,PROD.PENF,2752.1510222976
SGA1,2023,1,CANINDEYU,TOTAL PENEF,60145.9291500484
SGA2,2023,1,CANINDEYU,ACCID.DEP,1.0
SGA2,2023,1,CANINDEYU,PROG.DEP,0.799249034903843
SGA2,2023,1,CANINDEYU,PROD.DEP,2615.5097590573
SGA2,2023,1,CANINDEYU,TOTAL DEP,66838.0104566989
SGA2,2023,1,CANINDEYU,ACCID.FEP,8.0
SGA2,2023,1,CANINDEYU,PROG.FEP,0.435735464109169
SGA2,2023,1,CANINDEYU,PROD.FEP,1194.44015373614
SGA2,2023,1,CANINDEYU,TOTAL FEP,63921.0125919729
SGA2,2023,1,CANINDEYU,ACCID.PENF,2.0
SGA2,2023,1,CANINDEYU,PROG.PENF,0.625778634461212
SGA2,2023,1,CANINDEYU,PROD.PENF,1793.42773588886
SGA2,2023,1,CANINDEYU,TOTAL PENEF,52299.2103747612
SGA3,2023,1,CANINDEYU,ACCID.DEP,5.0
SGA3,2023,1,CANINDEYU,PROG.DEP,0.520225756100865
SGA3,2023,1,CANINDEYU,PROD.DEP,3696.73889733411
SGA3,2023,1,CANINDEYU,TOTAL DEP,50478.2601917392
SGA3,2023,1,CANINDEYU,ACCID.FEP,4.0
SGA3,2023,1,CANINDEYU,PROG.FEP,0.749944071658297
SGA3,2023,1,CANINDEYU,PROD.FEP,2209.70182363587
SGA3,2023,1,CANINDEYU,TOTAL FEP,67326.4602613779
SGA3,2023,1,CANINDEYU,ACCID.PENF,4.0
SGA3,2023,1,CANINDEYU,PROG.PENF,0.165551540354407
SGA3,2023,1,CANINDEYU,PROD.PENF,2318.0328204109
SGA3,2023,1,CANINDEYU,TOTAL PENEF,68973.5500899887
SGA4,2023,1,CANINDEYU,ACCID.DEP,8.0
SGA4,2023,1,CANINDEYU,PROG.DEP,0.657564258177381
SGA4,2023,1,CANINDEYU,PROD.DEP,1347.986895332
SGA4,2023,1,CANINDEYU,TOTAL DEP,59383.2872880236
SGA4,2023,1,CANINDEYU,PROG.FEP,0.126163276409036
SGA4,2023,1,CANINDEYU,ACCID.FEP,9.0
SGA4,2023,1,CANINDEYU,PROD.FEP,4112.68865084763
SGA4,2023,1,CANINDEYU,TOTAL FEP,66247.0792446221
SGA4,2023,1,CANINDEYU,ACCID.PENF,9.0
SGA4,2023,1,CANINDEYU,PROG.PENF,0.406735222863856
SGA4,2023,1,CANINDEYU,PROD.PENF,2475.14006488638
SGA4,2023,1,CANINDEYU,TOTAL PENEF,50079.82500199
SGA5,2023,1,CANINDEYU,ACCID.DEP,6.0
SGA5,2023,1,CANINDEYU,PROG.DEP,0.719679019705404
SGA5,2023,1,CANINDEYU,PROD.DEP,2838.50831529276
SGA5,2023,1,CANINDEYU,TOTAL DEP,50786.0727598779
SGA5,2023,1,CANINDEYU,ACCID.FEP,1.0
SGA5,2023,1,CANINDEYU,PROG.FEP,0.425910441868427
SGA5,2023,1,CANINDEYU,PROD.FEP,2051.87711956085
SGA5,2023,1,CANINDEYU,TOTAL FEP,63221.1606844408
SGA5,2023,1,CANINDEYU,ACCID.PENF,9.0
SGA5,2023,1,CANINDEYU,PROG.PENF,0.106533245323044
SGA5,2023,1,CANINDEYU,PROD.PENF,2064.06721412338
SGA5,2023,1,CANINDEYU,TOTAL PENEF,58937.2783122098
SGA6,2023,1,CANINDEYU,ACCID.DEP,0.0
SGA6,2023,1,CANINDEYU,PROG.DEP,0.477596564835332
SGA6,2023,1,CANINDEYU,PROD.DEP,4341.98461073416
SGA6,2023,1,CANINDEYU,TOTAL DEP,57134.988064322
SGA6,2023,1,CANINDEYU,ACCID.FEP,0.0
SGA6,2023,1,CANINDEYU,PROG.FEP,0.981177192001997
SGA6,2023,1,CANINDEYU,PROD.FEP,1016.72312044421
SGA6,2023,1,CANINDEYU,TOTAL FEP,53558.1894800869
SGA6,2023,1,CANINDEYU,ACCID.PENF,1.0
SGA6,2023,1,CANINDEYU,PROG.PENF,0.421981749073614
SGA6,2023,1,CANINDEYU,PROD.PENF,4030.60127517677
SGA6,2023,1,CANINDEYU,TOTAL PENEF,50028.4801793634
SRI1,2023,1,ALTO PARANÁ,ACCID.DEP,4.0
SRI1,2023,1,ALTO PARANÁ,PROG.DEP,0.924405864368772
SRI1,2023,1,ALTO PARANÁ,PROD.DEP,2981.98791030846
SRI1,2023,1,ALTO PARANÁ,TOTAL DEP,67118.9053330801
SRI1,2023,1,ALTO PARANÁ,ACCID.FEP,0.0
SRI1,2023,1,ALTO PARANÁ,PROG.FEP,0.534743238690772
SRI1,2023,1,ALTO PARANÁ,PROD.FEP,4252.40213933933
SRI1,2023,1,ALTO PARANÁ,TOTAL FEP,60694.5470294846
SRI1,2023,1,ALTO PARANÁ,ACCID.PENF,0.0
SRI1,2023,1,ALTO PARANÁ,PROG.PENF,0.657952374536936
SRI1,2023,1,ALTO PARANÁ,PROD.PENF,3550.88431639035
SRI1,2023,1,ALTO PARANÁ,TOTAL PENEF,57275.5393463388
SRI2,2023,1,ALTO PARANÁ,ACCID.DEP,6.0
SRI2,2023,1,ALTO PARANÁ,PROG.DEP,0.541094157946533
SRI2,2023,1,ALTO PARANÁ,PROD.DEP,3757.1460687672
SRI2,2023,1,ALTO PARANÁ,TOTAL DEP,65591.0612137369
SRI2,2023,1,ALTO PARANÁ,ACCID.FEP,5.0
SRI2,2023,1,ALTO PARANÁ,PROG.FEP,0.146556421579185
SRI2,2023,1,ALTO PARANÁ,PROD.FEP,2033.41998394795
SRI2,2023,1,ALTO PARANÁ,TOTAL FEP,50069.120675324
SRI2,2023,1,ALTO PARANÁ,ACCID.PENF,5.0
SRI2,2023,1,ALTO PARANÁ,PROG.PENF,0.362042678796217
SRI2,2023,1,ALTO PARANÁ,PROD.PENF,3194.20446246146
SRI2,2023,1,ALTO PARANÁ,TOTAL PENEF,68624.9689060301
SGA1,2023,1,CANINDEYU,PROG.FEP,0.941315257150126
PIH5,2023,1,ALTO PARANÁ,PROD.PENF,2346.58352849207
SGA1,2023,1,CANINDEYU,ACCID.DEP,0.0
SRI3,2023,1,ALTO PARANÁ,ACCID.DEP,0.0
SRI3,2023,1,ALTO PARANÁ,ACCID.FEP,4.0
SRI3,2023,1,ALTO PARANÁ,PROD.DEP,4860.84155167721
SRI3,2023,1,ALTO PARANÁ,PROD.FEP,1249.95066685148
SRI3,2023,1,ALTO PARANÁ,TOTAL FEP,53433.5990536962
SRI3,2023,1,ALTO PARANÁ,ACCID.PENF,2.0
SRI3,2023,1,ALTO PARANÁ,PROG.PENF,0.237790141612812
SRI3,2023,1,ALTO PARANÁ,PROD.PENF,1691.16983498634
SRI3,2023,1,ALTO PARANÁ,TOTAL PENEF,56789.9355096218
SRI4,2023,1,ALTO PARANÁ,ACCID.DEP,5.0
SRI4,2023,1,ALTO PARANÁ,PROG.DEP,0.526088935053206
SRI4,2023,1,ALTO PARANÁ,PROD.DEP,4678.87545595004
SRI4,2023,1,ALTO PARANÁ,TOTAL DEP,51149.0764930718
SRI4,2023,1,ALTO PARANÁ,ACCID.FEP,6.0
SRI4,2023,1,ALTO PARANÁ,PROG.FEP,0.254181154767863
SRI4,2023,1,ALTO PARANÁ,PROD.FEP,3779.02280232048
SRI4,2023,1,ALTO PARANÁ,TOTAL FEP,52805.4254679681
SRI4,2023,1,ALTO PARANÁ,ACCID.PENF,7.0
SRI4,2023,1,ALTO PARANÁ,PROG.PENF,0.949419875309413
SRI4,2023,1,ALTO PARANÁ,PROD.PENF,4606.06376143194
SRI4,2023,1,ALTO PARANÁ,TOTAL PENEF,54933.5817289543
ACY1,2023,2,ALTO PARANÁ,ACCID.DEP,6.0
ACY1,2023,2,ALTO PARANÁ,PROG.DEP,0.164064207057745
ACY1,2023,2,ALTO PARANÁ,PROD.DEP,1892.4568713953
ACY1,2023,2,ALTO PARANÁ,TOTAL DEP,53337.2402336837
ACY1,2023,2,ALTO PARANÁ,ACCID.FEP,6.0
ACY1,2023,2,ALTO PARANÁ,PROG.FEP,0.797600755489662
ACY1,2023,2,ALTO PARANÁ,PROD.FEP,2914.23803402191
ACY1,2023,2,ALTO PARANÁ,TOTAL FEP,66756.213703984
ACY1,2023,2,ALTO PARANÁ,ACCID.PENF,0.0
ACY1,2023,2,ALTO PARANÁ,PROG.PENF,0.590088863460683
ACY1,2023,2,ALTO PARANÁ,PROD.PENF,3151.79590490629
ACY1,2023,2,ALTO PARANÁ,TOTAL PENEF,51037.7861521817
ACY2,2023,2,ALTO PARANÁ,ACCID.DEP,3.0
ACY2,2023,2,ALTO PARANÁ,PROG.DEP,0.687876375862748
ACY2,2023,2,ALTO PARANÁ,PROD.DEP,3085.55579075669
ACY2,2023,2,ALTO PARANÁ,TOTAL DEP,54376.0893095248
ACY2,2023,2,ALTO PARANÁ,ACCID.FEP,9.0
ACY2,2023,2,ALTO PARANÁ,PROG.FEP,0.930737343344957
ACY2,2023,2,ALTO PARANÁ,PROD.FEP,2044.8800420206
ACY2,2023,2,ALTO PARANÁ,TOTAL FEP,56510.4293615938
ACY2,2023,2,ALTO PARANÁ,ACCID.PENF,5.0
ACY2,2023,2,ALTO PARANÁ,PROG.PENF,0.456230051958987
ACY2,2023,2,ALTO PARANÁ,PROD.PENF,4401.72586993003
ACY2,2023,2,ALTO PARANÁ,TOTAL PENEF,56690.8500460995
ACY3,2023,2,ALTO PARANÁ,ACCID.DEP,7.0
ACY3,2023,2,ALTO PARANÁ,PROG.DEP,0.933617153993136
ACY3,2023,2,ALTO PARANÁ,PROD.DEP,3436.09036857847
ACY3,2023,2,ALTO PARANÁ,TOTAL DEP,55701.1395512206
ACY3,2023,2,ALTO PARANÁ,ACCID.FEP,5.0
ACY3,2023,2,ALTO PARANÁ,PROG.FEP,0.853689045341201
ACY3,2023,2,ALTO PARANÁ,PROD.FEP,1201.3622739044
ACY3,2023,2,ALTO PARANÁ,TOTAL FEP,55344.9192541574
ACY3,2023,2,ALTO PARANÁ,ACCID.PENF,3.0
ACY3,2023,2,ALTO PARANÁ,PROG.PENF,0.565551401917604
ACY3,2023,2,ALTO PARANÁ,PROD.PENF,1357.19001465707
ACY3,2023,2,ALTO PARANÁ,TOTAL PENEF,50776.216046636
ACY4,2023,2,ALTO PARANÁ,ACCID.DEP,6.0
ACY4,2023,2,ALTO PARANÁ,PROG.DEP,0.187916012647844
ACY4,2023,2,ALTO PARANÁ,PROD.DEP,4728.53625942891
ACY4,2023,2,ALTO PARANÁ,TOTAL DEP,65618.2579722412
ACY4,2023,2,ALTO PARANÁ,ACCID.FEP,8.0
ACY4,2023,2,ALTO PARANÁ,PROG.FEP,0.257005149647189
ACY4,2023,2,ALTO PARANÁ,PROD.FEP,3201.43760085191
ACY4,2023,2,ALTO PARANÁ,TOTAL FEP,61615.0360263749
ACY4,2023,2,ALTO PARANÁ,ACCID.PENF,8.0
ACY4,2023,2,ALTO PARANÁ,PROG.PENF,0.623749034814001
ACY4,2023,2,ALTO PARANÁ,PROD.PENF,1489.1483049519
ACY4,2023,2,ALTO PARANÁ,TOTAL PENEF,61450.1693214571
ACY5,2023,2,ALTO PARANÁ,ACCID.DEP,2.0
ACY5,2023,2,ALTO PARANÁ,PROG.DEP,0.409891054285909
ACY5,2023,2,ALTO PARANÁ,PROD.DEP,2000.41922173191
ACY5,2023,2,ALTO PARANÁ,TOTAL DEP,53460.1240270927
ACY5,2023,2,ALTO PARANÁ,ACCID.FEP,4.0
ACY5,2023,2,ALTO PARANÁ,PROG.FEP,0.631843187627795
ACY5,2023,2,ALTO PARANÁ,PROD.FEP,1199.58969358738
ACY5,2023,2,ALTO PARANÁ,TOTAL FEP,54554.8859406174
ACY5,2023,2,ALTO PARANÁ,ACCID.PENF,5.0
ACY5,2023,2,ALTO PARANÁ,PROG.PENF,0.567468286083881
ACY5,2023,2,ALTO PARANÁ,PROD.PENF,3385.82115037815
ACY5,2023,2,ALTO PARANÁ,TOTAL PENEF,59256.3948984797
ACY6,2023,2,ALTO PARANÁ,ACCID.DEP,4.0
ACY6,2023,2,ALTO PARANÁ,PROG.DEP,0.231296184225274
ACY6,2023,2,ALTO PARANÁ,PROD.DEP,3909.32556762962
ACY6,2023,2,ALTO PARANÁ,TOTAL DEP,61229.5557636975
ACY6,2023,2,ALTO PARANÁ,ACCID.FEP,9.0
ACY6,2023,2,ALTO PARANÁ,PROG.FEP,0.545184696969673
ACY6,2023,2,ALTO PARANÁ,PROD.FEP,3189.7612157391
ACY6,2023,2,ALTO PARANÁ,TOTAL FEP,52392.3967416088
ACY6,2023,2,ALTO PARANÁ,ACCID.PENF,3.0
ACY6,2023,2,ALTO PARANÁ,PROG.PENF,0.75528928059109
ACY6,2023,2,ALTO PARANÁ,PROD.PENF,4257.33091204469
ACY6,2023,2,ALTO PARANÁ,TOTAL PENEF,65900.9924678236
ACY7,2023,2,ALTO PARANÁ,ACCID.DEP,3.0
ACY7,2023,2,ALTO PARANÁ,PROG.DEP,0.888635587006426
ACY7,2023,2,ALTO PARANÁ,PROD.DEP,1847.16680200372
ACY7,2023,2,ALTO PARANÁ,TOTAL DEP,55350.5315082202
SRI3,2023,1,ALTO PARANÁ,PROG.FEP,0.809774274805936
SRI3,2023,1,ALTO PARANÁ,TOTAL DEP,56249.7967705581
SRI3,2023,1,ALTO PARANÁ,PROG.DEP,0.312193710182741
ACY7,2023,2,ALTO PARANÁ,ACCID.FEP,7.0
ACY7,2023,2,ALTO PARANÁ,PROG.FEP,0.2524413637798
ACY7,2023,2,ALTO PARANÁ,PROG.PENF,0.131488663962924
ACY7,2023,2,ALTO PARANÁ,PROD.PENF,2988.62569951719
ACY7,2023,2,ALTO PARANÁ,TOTAL PENEF,60185.1557748079
ACY8,2023,2,ALTO PARANÁ,ACCID.DEP,1.0
ACY8,2023,2,ALTO PARANÁ,PROG.DEP,0.100215070267104
ACY8,2023,2,ALTO PARANÁ,PROD.DEP,3395.98250886985
ACY8,2023,2,ALTO PARANÁ,TOTAL DEP,67310.8727186772
ACY8,2023,2,ALTO PARANÁ,ACCID.FEP,7.0
ACY8,2023,2,ALTO PARANÁ,PROG.FEP,0.196063685066493
ACY8,2023,2,ALTO PARANÁ,PROD.FEP,1182.3266275459
ACY8,2023,2,ALTO PARANÁ,TOTAL FEP,54414.7781327151
ACY8,2023,2,ALTO PARANÁ,ACCID.PENF,7.0
ACY8,2023,2,ALTO PARANÁ,PROG.PENF,0.62538263663442
ACY8,2023,2,ALTO PARANÁ,PROD.PENF,2984.75807667295
ACY8,2023,2,ALTO PARANÁ,TOTAL PENEF,53986.1818537943
ACY9,2023,2,ALTO PARANÁ,ACCID.DEP,5.0
ACY9,2023,2,ALTO PARANÁ,PROG.DEP,0.574545981077524
ACY9,2023,2,ALTO PARANÁ,PROD.DEP,3009.52891199402
ACY9,2023,2,ALTO PARANÁ,TOTAL DEP,58449.4958282517
ACY9,2023,2,ALTO PARANÁ,ACCID.FEP,5.0
ACY9,2023,2,ALTO PARANÁ,PROG.FEP,0.645694285235357
ACY9,2023,2,ALTO PARANÁ,PROD.FEP,2652.09837072142
ACY9,2023,2,ALTO PARANÁ,TOTAL FEP,53460.4951626132
ACY9,2023,2,ALTO PARANÁ,ACCID.PENF,6.0
ACY9,2023,2,ALTO PARANÁ,PROG.PENF,0.317849834365348
ACY9,2023,2,ALTO PARANÁ,PROD.PENF,4010.11958125162
ACY9,2023,2,ALTO PARANÁ,TOTAL PENEF,58184.0719801932
APR10,2023,2,ALTO PARANÁ,ACCID.DEP,0.0
APR10,2023,2,ALTO PARANÁ,PROG.DEP,0.794872994169296
APR10,2023,2,ALTO PARANÁ,PROD.DEP,3957.86925903431
APR10,2023,2,ALTO PARANÁ,TOTAL DEP,64210.4859376
APR10,2023,2,ALTO PARANÁ,ACCID.FEP,2.0
APR10,2023,2,ALTO PARANÁ,PROG.FEP,0.310419168315133
APR10,2023,2,ALTO PARANÁ,PROD.FEP,1080.00873883967
APR10,2023,2,ALTO PARANÁ,TOTAL FEP,62458.2401076502
APR10,2023,2,ALTO PARANÁ,ACCID.PENF,2.0
APR10,2023,2,ALTO PARANÁ,PROG.PENF,0.907342039733218
APR10,2023,2,ALTO PARANÁ,PROD.PENF,3134.51200930079
APR10,2023,2,ALTO PARANÁ,TOTAL PENEF,66084.4889364153
APR11,2023,2,ALTO PARANÁ,ACCID.DEP,0.0
APR11,2023,2,ALTO PARANÁ,PROG.DEP,0.460727683449887
APR11,2023,2,ALTO PARANÁ,PROD.DEP,3953.20547264337
APR11,2023,2,ALTO PARANÁ,TOTAL DEP,60404.7664879195
APR11,2023,2,ALTO PARANÁ,ACCID.FEP,1.0
APR11,2023,2,ALTO PARANÁ,PROG.FEP,0.340594993236547
APR11,2023,2,ALTO PARANÁ,PROD.FEP,3569.43225502667
APR11,2023,2,ALTO PARANÁ,TOTAL FEP,60407.4797514952
APR11,2023,2,ALTO PARANÁ,ACCID.PENF,1.0
APR11,2023,2,ALTO PARANÁ,PROG.PENF,0.420011436213051
APR11,2023,2,ALTO PARANÁ,PROD.PENF,2577.40027576556
APR11,2023,2,ALTO PARANÁ,TOTAL PENEF,61542.8964449338
APR12,2023,2,ALTO PARANÁ,ACCID.DEP,9.0
APR12,2023,2,ALTO PARANÁ,PROG.DEP,0.666857181104649
APR12,2023,2,ALTO PARANÁ,PROD.DEP,3631.44011192134
APR12,2023,2,ALTO PARANÁ,TOTAL DEP,56664.7585864058
APR12,2023,2,ALTO PARANÁ,ACCID.FEP,5.0
APR12,2023,2,ALTO PARANÁ,PROG.FEP,0.792687139838405
APR12,2023,2,ALTO PARANÁ,PROD.FEP,3321.10540250847
APR12,2023,2,ALTO PARANÁ,TOTAL FEP,65947.9561230328
APR12,2023,2,ALTO PARANÁ,ACCID.PENF,3.0
APR12,2023,2,ALTO PARANÁ,PROG.PENF,0.144774180744645
APR12,2023,2,ALTO PARANÁ,PROD.PENF,4359.84016872375
APR12,2023,2,ALTO PARANÁ,TOTAL PENEF,69818.4793068753
APR13,2023,2,ALTO PARANÁ,ACCID.DEP,5.0
APR13,2023,2,ALTO PARANÁ,PROG.DEP,0.513761857476983
APR13,2023,2,ALTO PARANÁ,PROD.DEP,4999.20750732798
APR13,2023,2,ALTO PARANÁ,TOTAL DEP,62989.7860812558
APR13,2023,2,ALTO PARANÁ,ACCID.FEP,4.0
APR13,2023,2,ALTO PARANÁ,PROG.FEP,0.319620024930074
APR13,2023,2,ALTO PARANÁ,PROD.FEP,2352.09754057516
APR13,2023,2,ALTO PARANÁ,TOTAL FEP,55239.6587643895
APR13,2023,2,ALTO PARANÁ,ACCID.PENF,6.0
APR13,2023,2,ALTO PARANÁ,PROG.PENF,0.389545397299206
APR13,2023,2,ALTO PARANÁ,PROD.PENF,1536.9280981725
APR13,2023,2,ALTO PARANÁ,TOTAL PENEF,61159.9731338284
APR14,2023,2,ALTO PARANÁ,ACCID.DEP,0.0
APR14,2023,2,ALTO PARANÁ,PROG.DEP,0.11658952281338
APR14,2023,2,ALTO PARANÁ,PROD.DEP,1996.7838495447
APR14,2023,2,ALTO PARANÁ,TOTAL DEP,57633.7345947616
APR14,2023,2,ALTO PARANÁ,ACCID.FEP,5.0
APR14,2023,2,ALTO PARANÁ,PROG.FEP,0.645874533348175
APR14,2023,2,ALTO PARANÁ,PROD.FEP,2551.57728801108
APR14,2023,2,ALTO PARANÁ,TOTAL FEP,68859.7870751949
APR14,2023,2,ALTO PARANÁ,ACCID.PENF,0.0
APR14,2023,2,ALTO PARANÁ,PROG.PENF,0.723792696811841
APR14,2023,2,ALTO PARANÁ,PROD.PENF,4057.01465441968
APR14,2023,2,ALTO PARANÁ,TOTAL PENEF,62768.368289336
APR2,2023,2,ALTO PARANÁ,ACCID.DEP,1.0
APR2,2023,2,ALTO PARANÁ,PROG.DEP,0.680178135366663
APR2,2023,2,ALTO PARANÁ,PROD.DEP,3084.24045899944
APR2,2023,2,ALTO PARANÁ,TOTAL DEP,67989.1700123522
APR2,2023,2,ALTO PARANÁ,ACCID.FEP,9.0
APR2,2023,2,ALTO PARANÁ,PROG.FEP,0.912800096740232
APR2,2023,2,ALTO PARANÁ,PROD.FEP,2756.28204714264
ACY7,2023,2,ALTO PARANÁ,PROD.FEP,3544.77367836441
ACY7,2023,2,ALTO PARANÁ,TOTAL FEP,62598.6801457585
ACY7,2023,2,ALTO PARANÁ,ACCID.PENF,5.0
APR2,2023,2,ALTO PARANÁ,TOTAL FEP,52703.2901069518
APR2,2023,2,ALTO PARANÁ,ACCID.PENF,0.0
APR3,2023,2,ALTO PARANÁ,ACCID.DEP,6.0
APR3,2023,2,ALTO PARANÁ,PROG.DEP,0.305110618149014
APR3,2023,2,ALTO PARANÁ,PROD.DEP,1905.30713738081
APR3,2023,2,ALTO PARANÁ,TOTAL DEP,55474.3224914087
APR3,2023,2,ALTO PARANÁ,ACCID.FEP,4.0
APR3,2023,2,ALTO PARANÁ,PROG.FEP,0.940951367916734
APR3,2023,2,ALTO PARANÁ,PROD.FEP,4682.42667244373
APR3,2023,2,ALTO PARANÁ,TOTAL FEP,55821.5983036237
APR3,2023,2,ALTO PARANÁ,ACCID.PENF,3.0
APR3,2023,2,ALTO PARANÁ,PROG.PENF,0.248065987002505
APR3,2023,2,ALTO PARANÁ,PROD.PENF,3307.14744281187
APR3,2023,2,ALTO PARANÁ,TOTAL PENEF,68757.7326006638
APR4,2023,2,ALTO PARANÁ,ACCID.DEP,5.0
APR4,2023,2,ALTO PARANÁ,PROG.DEP,0.150587477587546
APR4,2023,2,ALTO PARANÁ,PROD.DEP,1928.24303415517
APR4,2023,2,ALTO PARANÁ,TOTAL DEP,53637.1090591253
APR4,2023,2,ALTO PARANÁ,ACCID.FEP,0.0
APR4,2023,2,ALTO PARANÁ,PROG.FEP,0.520603449665728
APR4,2023,2,ALTO PARANÁ,PROD.FEP,3198.66032991659
APR4,2023,2,ALTO PARANÁ,TOTAL FEP,51508.6529436759
APR4,2023,2,ALTO PARANÁ,ACCID.PENF,7.0
APR4,2023,2,ALTO PARANÁ,PROG.PENF,0.941151183731447
APR4,2023,2,ALTO PARANÁ,PROD.PENF,2058.85557524983
APR4,2023,2,ALTO PARANÁ,TOTAL PENEF,66392.6923026628
APR5,2023,2,ALTO PARANÁ,ACCID.DEP,4.0
APR5,2023,2,ALTO PARANÁ,PROG.DEP,0.618396459118197
APR5,2023,2,ALTO PARANÁ,PROD.DEP,4626.26555114518
APR5,2023,2,ALTO PARANÁ,TOTAL DEP,64047.8883084369
APR5,2023,2,ALTO PARANÁ,ACCID.FEP,3.0
APR5,2023,2,ALTO PARANÁ,PROG.FEP,0.717816534677076
APR5,2023,2,ALTO PARANÁ,PROD.FEP,4028.56447360857
APR5,2023,2,ALTO PARANÁ,TOTAL FEP,68960.067302411
APR5,2023,2,ALTO PARANÁ,ACCID.PENF,0.0
APR5,2023,2,ALTO PARANÁ,PROG.PENF,0.186475485977137
APR5,2023,2,ALTO PARANÁ,PROD.PENF,4900.20178618677
APR5,2023,2,ALTO PARANÁ,TOTAL PENEF,57943.8317256514
APR6,2023,2,ALTO PARANÁ,ACCID.DEP,7.0
APR6,2023,2,ALTO PARANÁ,PROG.DEP,0.309088661254518
APR6,2023,2,ALTO PARANÁ,PROD.DEP,1790.19106522184
APR6,2023,2,ALTO PARANÁ,TOTAL DEP,69481.7255503792
APR6,2023,2,ALTO PARANÁ,ACCID.FEP,0.0
APR6,2023,2,ALTO PARANÁ,PROG.FEP,0.801215931108087
APR6,2023,2,ALTO PARANÁ,PROD.FEP,4580.33093118397
APR6,2023,2,ALTO PARANÁ,TOTAL FEP,60576.5668041389
APR6,2023,2,ALTO PARANÁ,ACCID.PENF,2.0
APR6,2023,2,ALTO PARANÁ,PROG.PENF,0.193790073716174
APR6,2023,2,ALTO PARANÁ,PROD.PENF,4199.57331443672
APR6,2023,2,ALTO PARANÁ,TOTAL PENEF,63634.6136865119
APR8,2023,2,ALTO PARANÁ,ACCID.DEP,7.0
APR8,2023,2,ALTO PARANÁ,PROG.DEP,0.184280852262406
APR8,2023,2,ALTO PARANÁ,PROD.DEP,3818.67760489614
APR8,2023,2,ALTO PARANÁ,TOTAL DEP,63031.7259330377
APR8,2023,2,ALTO PARANÁ,ACCID.FEP,5.0
APR8,2023,2,ALTO PARANÁ,PROG.FEP,0.521927389385549
APR8,2023,2,ALTO PARANÁ,PROD.FEP,1987.6302853957
APR8,2023,2,ALTO PARANÁ,TOTAL FEP,67216.114061135
APR8,2023,2,ALTO PARANÁ,ACCID.PENF,9.0
APR8,2023,2,ALTO PARANÁ,PROG.PENF,0.83565182326288
APR8,2023,2,ALTO PARANÁ,PROD.PENF,2660.406711413
APR8,2023,2,ALTO PARANÁ,TOTAL PENEF,58221.704533503
APR9,2023,2,ALTO PARANÁ,ACCID.DEP,6.0
APR9,2023,2,ALTO PARANÁ,PROG.DEP,0.943699800616718
APR9,2023,2,ALTO PARANÁ,PROD.DEP,1652.11885256516
APR9,2023,2,ALTO PARANÁ,TOTAL DEP,55362.464216444
APR9,2023,2,ALTO PARANÁ,ACCID.FEP,9.0
APR9,2023,2,ALTO PARANÁ,PROG.FEP,0.481992144827192
APR9,2023,2,ALTO PARANÁ,PROD.FEP,1496.38248170048
APR9,2023,2,ALTO PARANÁ,TOTAL FEP,55183.8903243244
APR9,2023,2,ALTO PARANÁ,ACCID.PENF,5.0
APR9,2023,2,ALTO PARANÁ,PROG.PENF,0.307993604702298
APR9,2023,2,ALTO PARANÁ,PROD.PENF,4115.11346175182
APR9,2023,2,ALTO PARANÁ,TOTAL PENEF,52667.4482070454
CAT1,2023,2,CANINDEYU,ACCID.DEP,9.0
CAT1,2023,2,CANINDEYU,PROG.DEP,0.765593321419127
CAT1,2023,2,CANINDEYU,PROD.DEP,4974.68697074043
CAT1,2023,2,CANINDEYU,TOTAL DEP,58662.8608201892
CAT1,2023,2,CANINDEYU,ACCID.FEP,0.0
CAT1,2023,2,CANINDEYU,PROG.FEP,0.180313859903351
CAT1,2023,2,CANINDEYU,PROD.FEP,3943.61864916115
CAT1,2023,2,CANINDEYU,TOTAL FEP,53189.3670785496
CAT1,2023,2,CANINDEYU,ACCID.PENF,1.0
CAT1,2023,2,CANINDEYU,PROG.PENF,0.260175207738037
CAT1,2023,2,CANINDEYU,PROD.PENF,4395.7871593711
CAT1,2023,2,CANINDEYU,TOTAL PENEF,51213.3669421209
CAT10,2023,2,CANINDEYU,ACCID.DEP,7.0
CAT10,2023,2,CANINDEYU,PROG.DEP,0.243887061169977
CAT10,2023,2,CANINDEYU,PROD.DEP,3908.13119846066
CAT10,2023,2,CANINDEYU,TOTAL DEP,54163.269174501
CAT10,2023,2,CANINDEYU,ACCID.FEP,0.0
CAT10,2023,2,CANINDEYU,PROG.FEP,0.694237784279818
CAT10,2023,2,CANINDEYU,PROD.FEP,4614.66468322543
CAT10,2023,2,CANINDEYU,TOTAL FEP,50140.0795308935
CAT10,2023,2,CANINDEYU,ACCID.PENF,9.0
CAT10,2023,2,CANINDEYU,PROG.PENF,0.937216569091323
CAT10,2023,2,CANINDEYU,PROD.PENF,1064.0545027327
CAT10,2023,2,CANINDEYU,TOTAL PENEF,50136.0080717459
APR2,2023,2,ALTO PARANÁ,PROD.PENF,1011.99341821714
APR2,2023,2,ALTO PARANÁ,TOTAL PENEF,59762.2930775196
APR2,2023,2,ALTO PARANÁ,PROG.PENF,0.785840174197163
CAT11,2023,2,CANINDEYU,ACCID.DEP,5.0
CAT11,2023,2,CANINDEYU,ACCID.FEP,1.0
CAT11,2023,2,CANINDEYU,PROG.FEP,0.978556523253068
CAT11,2023,2,CANINDEYU,PROD.FEP,3502.97140911445
CAT11,2023,2,CANINDEYU,TOTAL FEP,64393.8562452882
CAT11,2023,2,CANINDEYU,ACCID.PENF,5.0
CAT11,2023,2,CANINDEYU,PROG.PENF,0.314680362131691
CAT11,2023,2,CANINDEYU,PROD.PENF,1041.27251068139
CAT11,2023,2,CANINDEYU,TOTAL PENEF,65154.2544206977
CAT2,2023,2,CANINDEYU,ACCID.DEP,4.0
CAT2,2023,2,CANINDEYU,PROG.DEP,0.659665887401909
CAT2,2023,2,CANINDEYU,PROD.DEP,2504.84586944075
CAT2,2023,2,CANINDEYU,TOTAL DEP,61178.9904573348
CAT2,2023,2,CANINDEYU,ACCID.FEP,1.0
CAT2,2023,2,CANINDEYU,PROG.FEP,0.495882014379574
CAT2,2023,2,CANINDEYU,PROD.FEP,2569.40709625434
CAT2,2023,2,CANINDEYU,TOTAL FEP,61759.3586671522
CAT2,2023,2,CANINDEYU,ACCID.PENF,9.0
CAT2,2023,2,CANINDEYU,PROG.PENF,0.342575997320812
CAT2,2023,2,CANINDEYU,PROD.PENF,4802.39787505633
CAT2,2023,2,CANINDEYU,TOTAL PENEF,52174.5268668932
CAT3,2023,2,CANINDEYU,ACCID.DEP,2.0
CAT3,2023,2,CANINDEYU,PROG.DEP,0.359858748621305
CAT3,2023,2,CANINDEYU,PROD.DEP,2503.49971258655
CAT3,2023,2,CANINDEYU,TOTAL DEP,65245.1298659494
CAT3,2023,2,CANINDEYU,ACCID.FEP,0.0
CAT3,2023,2,CANINDEYU,PROG.FEP,0.8636293066042
CAT3,2023,2,CANINDEYU,PROD.FEP,1636.74016498551
CAT3,2023,2,CANINDEYU,TOTAL FEP,60106.5073968828
CAT3,2023,2,CANINDEYU,ACCID.PENF,1.0
CAT3,2023,2,CANINDEYU,PROG.PENF,0.148917128008941
CAT3,2023,2,CANINDEYU,PROD.PENF,1561.92305554987
CAT3,2023,2,CANINDEYU,TOTAL PENEF,67950.6225496897
CAT4,2023,2,CANINDEYU,ACCID.DEP,7.0
CAT11,2023,2,CANINDEYU,PROD.DEP,2273.50305882856
CAT4,2023,2,CANINDEYU,PROD.DEP,2816.53305357104
CAT4,2023,2,CANINDEYU,TOTAL DEP,52622.7450772839
CAT4,2023,2,CANINDEYU,ACCID.FEP,8.0
CAT4,2023,2,CANINDEYU,PROG.FEP,0.459705538018858
CAT4,2023,2,CANINDEYU,PROD.FEP,1829.44895522187
CAT4,2023,2,CANINDEYU,TOTAL FEP,54130.9723970044
CAT4,2023,2,CANINDEYU,ACCID.PENF,1.0
CAT4,2023,2,CANINDEYU,PROG.PENF,0.81545993022318
CAT4,2023,2,CANINDEYU,PROD.PENF,1265.92434213674
CAT4,2023,2,CANINDEYU,TOTAL PENEF,67460.2890571749
CAT5,2023,2,CANINDEYU,ACCID.DEP,4.0
CAT5,2023,2,CANINDEYU,PROG.DEP,0.527099178295547
CAT5,2023,2,CANINDEYU,PROD.DEP,3876.03651284705
CAT5,2023,2,CANINDEYU,TOTAL DEP,64206.7538639916
CAT5,2023,2,CANINDEYU,ACCID.FEP,1.0
CAT5,2023,2,CANINDEYU,PROG.FEP,0.737233548379103
CAT11,2023,2,CANINDEYU,TOTAL DEP,62071.1565675397
CAT5,2023,2,CANINDEYU,TOTAL FEP,66633.5200813606
CAT5,2023,2,CANINDEYU,ACCID.PENF,0.0
CAT5,2023,2,CANINDEYU,PROG.PENF,0.542877625070941
CAT5,2023,2,CANINDEYU,PROD.PENF,3620.70886070796
CAT5,2023,2,CANINDEYU,TOTAL PENEF,64176.45283533
CAT6,2023,2,CANINDEYU,ACCID.DEP,6.0
CAT6,2023,2,CANINDEYU,PROG.DEP,0.49292596539301
CAT6,2023,2,CANINDEYU,PROD.DEP,4741.44132960545
CAT6,2023,2,CANINDEYU,TOTAL DEP,62881.6894099419
CAT6,2023,2,CANINDEYU,ACCID.FEP,8.0
CAT6,2023,2,CANINDEYU,PROG.FEP,0.856734705481534
CAT5,2023,2,CANINDEYU,PROD.FEP,4044.88840303129
CAT6,2023,2,CANINDEYU,TOTAL FEP,62571.291225372
CAT6,2023,2,CANINDEYU,ACCID.PENF,9.0
CAT6,2023,2,CANINDEYU,PROG.PENF,0.977050342008949
CAT6,2023,2,CANINDEYU,PROD.PENF,1229.32243590207
CAT6,2023,2,CANINDEYU,TOTAL PENEF,55090.9774657165
CAT7,2023,2,CANINDEYU,ACCID.DEP,3.0
CAT7,2023,2,CANINDEYU,PROG.DEP,0.25987650795997
CAT7,2023,2,CANINDEYU,PROD.DEP,2396.50730613679
CAT7,2023,2,CANINDEYU,TOTAL DEP,62396.2567253895
CAT7,2023,2,CANINDEYU,ACCID.FEP,0.0
CAT7,2023,2,CANINDEYU,PROG.FEP,0.674664590720559
CAT7,2023,2,CANINDEYU,PROD.FEP,2660.52091303473
CAT7,2023,2,CANINDEYU,TOTAL FEP,65055.4252557708
CAT7,2023,2,CANINDEYU,ACCID.PENF,2.0
CAT7,2023,2,CANINDEYU,PROG.PENF,0.271487966657528
CAT7,2023,2,CANINDEYU,PROD.PENF,4199.4322512509
CAT7,2023,2,CANINDEYU,TOTAL PENEF,60355.7240268124
CAT8,2023,2,CANINDEYU,ACCID.DEP,9.0
CAT8,2023,2,CANINDEYU,PROG.DEP,0.376862683491899
CAT8,2023,2,CANINDEYU,PROD.DEP,4082.79156459867
CAT8,2023,2,CANINDEYU,TOTAL DEP,58519.1628944859
CAT8,2023,2,CANINDEYU,ACCID.FEP,0.0
CAT8,2023,2,CANINDEYU,PROG.FEP,0.541069856977711
CAT8,2023,2,CANINDEYU,PROD.FEP,2853.58289518961
CAT8,2023,2,CANINDEYU,TOTAL FEP,64591.3545886411
CAT8,2023,2,CANINDEYU,ACCID.PENF,7.0
CAT8,2023,2,CANINDEYU,PROG.PENF,0.175233970750804
CAT8,2023,2,CANINDEYU,PROD.PENF,1754.73017261854
CAT8,2023,2,CANINDEYU,TOTAL PENEF,53433.6520623889
CAT9,2023,2,CANINDEYU,ACCID.DEP,0.0
CAT9,2023,2,CANINDEYU,PROG.DEP,0.74907340529515
CAT9,2023,2,CANINDEYU,PROD.DEP,2230.99564458552
CAT9,2023,2,CANINDEYU,TOTAL DEP,62289.558454891
CAT4,2023,2,CANINDEYU,PROG.DEP,0.544576753562672
CAT6,2023,2,CANINDEYU,PROD.FEP,1817.53437111506
CAT11,2023,2,CANINDEYU,PROG.DEP,0.478599073660681
CAT9,2023,2,CANINDEYU,ACCID.FEP,4.0
CAT9,2023,2,CANINDEYU,ACCID.PENF,5.0
CAT9,2023,2,CANINDEYU,PROG.PENF,0.33851959262911
CAT9,2023,2,CANINDEYU,PROD.PENF,4699.36043173141
CAT9,2023,2,CANINDEYU,TOTAL PENEF,67332.051869156
CUR1,2023,2,CANINDEYU,ACCID.DEP,4.0
CUR1,2023,2,CANINDEYU,PROD.DEP,1886.42957918874
CUR1,2023,2,CANINDEYU,PROG.DEP,0.958028763703959
CUR1,2023,2,CANINDEYU,TOTAL DEP,53059.7017297484
CUR1,2023,2,CANINDEYU,ACCID.FEP,1.0
CUR1,2023,2,CANINDEYU,PROG.FEP,0.856004842490606
CUR1,2023,2,CANINDEYU,PROD.FEP,4949.33605398144
CUR1,2023,2,CANINDEYU,TOTAL FEP,60804.0943882118
CUR1,2023,2,CANINDEYU,ACCID.PENF,8.0
CUR1,2023,2,CANINDEYU,PROG.PENF,0.592721666357769
CUR1,2023,2,CANINDEYU,PROD.PENF,2238.31036612065
CUR1,2023,2,CANINDEYU,TOTAL PENEF,52308.9143533127
CUR2,2023,2,CANINDEYU,ACCID.DEP,3.0
CUR2,2023,2,CANINDEYU,PROG.DEP,0.615830728586971
CUR2,2023,2,CANINDEYU,PROD.DEP,1225.29163812876
CUR2,2023,2,CANINDEYU,TOTAL DEP,63861.3423138246
CUR2,2023,2,CANINDEYU,ACCID.FEP,3.0
CUR2,2023,2,CANINDEYU,PROG.FEP,0.415180130923463
CUR2,2023,2,CANINDEYU,PROD.FEP,3325.04491564724
CUR2,2023,2,CANINDEYU,TOTAL FEP,64577.0966260673
CUR2,2023,2,CANINDEYU,ACCID.PENF,8.0
CUR2,2023,2,CANINDEYU,PROG.PENF,0.90751255285542
CUR2,2023,2,CANINDEYU,PROD.PENF,3561.27052452959
CUR2,2023,2,CANINDEYU,TOTAL PENEF,62987.4488749182
CUR3,2023,2,CANINDEYU,ACCID.DEP,4.0
CUR3,2023,2,CANINDEYU,PROG.DEP,0.360142045289568
CUR3,2023,2,CANINDEYU,PROD.DEP,4801.14927753062
CUR3,2023,2,CANINDEYU,TOTAL DEP,63757.6795614416
CUR3,2023,2,CANINDEYU,ACCID.FEP,1.0
CUR3,2023,2,CANINDEYU,PROG.FEP,0.74398091450202
CUR3,2023,2,CANINDEYU,PROD.FEP,2984.33012866397
CUR3,2023,2,CANINDEYU,TOTAL FEP,52012.5551527907
CUR3,2023,2,CANINDEYU,ACCID.PENF,2.0
CUR3,2023,2,CANINDEYU,PROG.PENF,0.126658811148494
CUR3,2023,2,CANINDEYU,PROD.PENF,2008.57900163898
CUR3,2023,2,CANINDEYU,TOTAL PENEF,65885.6857969531
CUR4,2023,2,CANINDEYU,ACCID.DEP,2.0
CUR4,2023,2,CANINDEYU,PROG.DEP,0.634739826450907
CUR4,2023,2,CANINDEYU,PROD.DEP,4371.21889232203
CUR4,2023,2,CANINDEYU,TOTAL DEP,57178.1351065846
CUR4,2023,2,CANINDEYU,ACCID.FEP,6.0
CUR4,2023,2,CANINDEYU,PROG.FEP,0.255483667354568
CUR4,2023,2,CANINDEYU,PROD.FEP,4088.57980187236
CUR4,2023,2,CANINDEYU,TOTAL FEP,61083.4488673199
CUR4,2023,2,CANINDEYU,ACCID.PENF,9.0
CUR4,2023,2,CANINDEYU,PROG.PENF,0.399839230075161
CUR4,2023,2,CANINDEYU,PROD.PENF,4705.6390314275
CUR4,2023,2,CANINDEYU,TOTAL PENEF,61802.1325715368
CUR5,2023,2,CANINDEYU,ACCID.DEP,0.0
CUR5,2023,2,CANINDEYU,PROG.DEP,0.627135404053411
CUR5,2023,2,CANINDEYU,PROD.DEP,1197.91294738166
CUR5,2023,2,CANINDEYU,TOTAL DEP,65029.4765199426
CUR5,2023,2,CANINDEYU,ACCID.FEP,9.0
CUR5,2023,2,CANINDEYU,PROG.FEP,0.641602232472379
CUR5,2023,2,CANINDEYU,PROD.FEP,1185.92714496776
CUR5,2023,2,CANINDEYU,TOTAL FEP,50381.9765620435
CUR5,2023,2,CANINDEYU,ACCID.PENF,6.0
CUR5,2023,2,CANINDEYU,PROG.PENF,0.877635313713397
CUR5,2023,2,CANINDEYU,PROD.PENF,2842.21745405919
CUR5,2023,2,CANINDEYU,TOTAL PENEF,66766.1344846545
DES10,2023,2,ALTO PARANÁ,ACCID.DEP,1.0
DES10,2023,2,ALTO PARANÁ,PROG.DEP,0.382002055305597
DES10,2023,2,ALTO PARANÁ,PROD.DEP,2304.97368568415
DES10,2023,2,ALTO PARANÁ,TOTAL DEP,58685.5731589663
DES10,2023,2,ALTO PARANÁ,ACCID.FEP,2.0
DES10,2023,2,ALTO PARANÁ,PROG.FEP,0.505389217051551
DES10,2023,2,ALTO PARANÁ,PROD.FEP,1398.97354515248
DES10,2023,2,ALTO PARANÁ,TOTAL FEP,57559.4044665149
DES10,2023,2,ALTO PARANÁ,ACCID.PENF,0.0
DES10,2023,2,ALTO PARANÁ,PROG.PENF,0.758245510577016
DES10,2023,2,ALTO PARANÁ,PROD.PENF,1068.17088200227
DES10,2023,2,ALTO PARANÁ,TOTAL PENEF,64095.4972342091
DES3,2023,2,ALTO PARANÁ,ACCID.DEP,8.0
DES3,2023,2,ALTO PARANÁ,PROG.DEP,0.755283813465816
DES3,2023,2,ALTO PARANÁ,PROD.DEP,1529.79387333166
DES3,2023,2,ALTO PARANÁ,TOTAL DEP,66234.6943119335
DES3,2023,2,ALTO PARANÁ,ACCID.FEP,3.0
DES3,2023,2,ALTO PARANÁ,PROG.FEP,0.919957762353579
DES3,2023,2,ALTO PARANÁ,PROD.FEP,1324.71018780653
DES3,2023,2,ALTO PARANÁ,TOTAL FEP,55998.3350496266
DES3,2023,2,ALTO PARANÁ,ACCID.PENF,2.0
DES3,2023,2,ALTO PARANÁ,PROG.PENF,0.293457469557675
DES3,2023,2,ALTO PARANÁ,PROD.PENF,2310.11262842243
DES3,2023,2,ALTO PARANÁ,TOTAL PENEF,59559.476659762
DES4,2023,2,ALTO PARANÁ,ACCID.DEP,6.0
DES4,2023,2,ALTO PARANÁ,PROG.DEP,0.111907059111006
DES4,2023,2,ALTO PARANÁ,PROD.DEP,2329.8320676159
DES4,2023,2,ALTO PARANÁ,TOTAL DEP,66947.099106204
DES4,2023,2,ALTO PARANÁ,ACCID.FEP,2.0
DES4,2023,2,ALTO PARANÁ,PROG.FEP,0.756232063948458
DES4,2023,2,ALTO PARANÁ,PROD.FEP,4669.98486629864
DES4,2023,2,ALTO PARANÁ,TOTAL FEP,62980.4944100771
CAT9,2023,2,CANINDEYU,PROD.FEP,2829.82264805849
CAT9,2023,2,CANINDEYU,PROG.FEP,0.52728219033897
CAT9,2023,2,CANINDEYU,TOTAL FEP,50432.0455443601
DES4,2023,2,ALTO PARANÁ,ACCID.PENF,3.0
DES5,2023,2,ALTO PARANÁ,ACCID.DEP,3.0
DES5,2023,2,ALTO PARANÁ,PROG.DEP,0.365521673703454
DES5,2023,2,ALTO PARANÁ,PROD.DEP,2009.7056930847
DES5,2023,2,ALTO PARANÁ,TOTAL DEP,64376.6849032623
DES5,2023,2,ALTO PARANÁ,ACCID.FEP,5.0
DES5,2023,2,ALTO PARANÁ,PROG.FEP,0.515988661305898
DES5,2023,2,ALTO PARANÁ,PROD.FEP,2113.41364599228
DES5,2023,2,ALTO PARANÁ,TOTAL FEP,56720.3435961104
DES5,2023,2,ALTO PARANÁ,ACCID.PENF,5.0
DES5,2023,2,ALTO PARANÁ,PROG.PENF,0.579704850921489
DES5,2023,2,ALTO PARANÁ,PROD.PENF,3667.12128293433
DES5,2023,2,ALTO PARANÁ,TOTAL PENEF,60549.5873632717
DES8,2023,2,ALTO PARANÁ,ACCID.DEP,6.0
DES8,2023,2,ALTO PARANÁ,PROG.DEP,0.443210563136482
DES8,2023,2,ALTO PARANÁ,PROD.DEP,2562.74637098239
DES8,2023,2,ALTO PARANÁ,TOTAL DEP,69054.7226973781
DES8,2023,2,ALTO PARANÁ,ACCID.FEP,1.0
DES8,2023,2,ALTO PARANÁ,PROG.FEP,0.664933031648702
DES8,2023,2,ALTO PARANÁ,PROD.FEP,1118.80519212726
DES8,2023,2,ALTO PARANÁ,TOTAL FEP,63570.7427060476
DES8,2023,2,ALTO PARANÁ,ACCID.PENF,8.0
DES8,2023,2,ALTO PARANÁ,PROG.PENF,0.707812683590238
DES8,2023,2,ALTO PARANÁ,PROD.PENF,3059.19980443608
DES8,2023,2,ALTO PARANÁ,TOTAL PENEF,61231.4191545543
DES9,2023,2,ALTO PARANÁ,ACCID.DEP,5.0
DES9,2023,2,ALTO PARANÁ,PROG.DEP,0.269168655794805
DES9,2023,2,ALTO PARANÁ,PROD.DEP,3091.36017732467
DES9,2023,2,ALTO PARANÁ,TOTAL DEP,69038.5562783724
DES9,2023,2,ALTO PARANÁ,ACCID.FEP,3.0
DES9,2023,2,ALTO PARANÁ,PROG.FEP,0.602498458747406
DES9,2023,2,ALTO PARANÁ,PROD.FEP,4152.67140338186
DES9,2023,2,ALTO PARANÁ,TOTAL FEP,50968.8885072486
DES9,2023,2,ALTO PARANÁ,ACCID.PENF,0.0
DES9,2023,2,ALTO PARANÁ,PROG.PENF,0.456490294922012
DES9,2023,2,ALTO PARANÁ,PROD.PENF,2824.07860542642
DES9,2023,2,ALTO PARANÁ,TOTAL PENEF,58229.5285962
HER1,2023,2,ALTO PARANÁ,ACCID.DEP,4.0
HER1,2023,2,ALTO PARANÁ,PROG.DEP,0.550137071609358
HER1,2023,2,ALTO PARANÁ,PROD.DEP,4296.74774817687
HER1,2023,2,ALTO PARANÁ,TOTAL DEP,65588.0179018608
HER1,2023,2,ALTO PARANÁ,ACCID.FEP,8.0
HER1,2023,2,ALTO PARANÁ,PROG.FEP,0.212241762425737
HER1,2023,2,ALTO PARANÁ,PROD.FEP,4071.83697490697
HER1,2023,2,ALTO PARANÁ,TOTAL FEP,62316.4731899753
HER1,2023,2,ALTO PARANÁ,ACCID.PENF,4.0
HER1,2023,2,ALTO PARANÁ,PROG.PENF,0.690957732722564
HER1,2023,2,ALTO PARANÁ,PROD.PENF,2009.59805778042
HER1,2023,2,ALTO PARANÁ,TOTAL PENEF,50247.7420984085
HER10,2023,2,ALTO PARANÁ,ACCID.DEP,4.0
HER10,2023,2,ALTO PARANÁ,PROG.DEP,0.832067607647224
HER10,2023,2,ALTO PARANÁ,PROD.DEP,3905.72839424542
HER10,2023,2,ALTO PARANÁ,TOTAL DEP,52223.082685098
HER10,2023,2,ALTO PARANÁ,ACCID.FEP,8.0
HER10,2023,2,ALTO PARANÁ,PROG.FEP,0.589301153647901
HER10,2023,2,ALTO PARANÁ,PROD.FEP,2836.75677456337
HER10,2023,2,ALTO PARANÁ,TOTAL FEP,62979.4176715298
HER10,2023,2,ALTO PARANÁ,ACCID.PENF,0.0
HER10,2023,2,ALTO PARANÁ,PROG.PENF,0.660918596071355
HER10,2023,2,ALTO PARANÁ,PROD.PENF,4149.40610634249
HER10,2023,2,ALTO PARANÁ,TOTAL PENEF,63678.2407117411
HER2,2023,2,ALTO PARANÁ,ACCID.DEP,5.0
HER2,2023,2,ALTO PARANÁ,PROG.DEP,0.913200149210989
HER2,2023,2,ALTO PARANÁ,PROD.DEP,1803.41070304397
HER2,2023,2,ALTO PARANÁ,TOTAL DEP,59367.3172943364
HER2,2023,2,ALTO PARANÁ,ACCID.FEP,7.0
HER2,2023,2,ALTO PARANÁ,PROG.FEP,0.543692918991164
HER2,2023,2,ALTO PARANÁ,PROD.FEP,1349.37661745219
HER2,2023,2,ALTO PARANÁ,TOTAL FEP,63578.4549046823
HER2,2023,2,ALTO PARANÁ,ACCID.PENF,8.0
HER2,2023,2,ALTO PARANÁ,PROG.PENF,0.275432722128355
HER2,2023,2,ALTO PARANÁ,PROD.PENF,2246.89703826481
HER2,2023,2,ALTO PARANÁ,TOTAL PENEF,60116.763108711
HER7,2023,2,ALTO PARANÁ,ACCID.DEP,6.0
HER7,2023,2,ALTO PARANÁ,PROG.DEP,0.928430398673879
HER7,2023,2,ALTO PARANÁ,PROD.DEP,1285.60704804945
HER7,2023,2,ALTO PARANÁ,TOTAL DEP,59163.4358154927
HER7,2023,2,ALTO PARANÁ,ACCID.FEP,7.0
HER7,2023,2,ALTO PARANÁ,PROG.FEP,0.92528099062624
HER7,2023,2,ALTO PARANÁ,PROD.FEP,2107.19890988515
HER7,2023,2,ALTO PARANÁ,TOTAL FEP,69984.3176052563
HER7,2023,2,ALTO PARANÁ,ACCID.PENF,2.0
HER7,2023,2,ALTO PARANÁ,PROG.PENF,0.596277248233038
HER7,2023,2,ALTO PARANÁ,PROD.PENF,2259.00296910432
HER7,2023,2,ALTO PARANÁ,TOTAL PENEF,62494.984290886
HER8,2023,2,ALTO PARANÁ,ACCID.DEP,5.0
HER8,2023,2,ALTO PARANÁ,PROG.DEP,0.579515298047383
HER8,2023,2,ALTO PARANÁ,PROD.DEP,1399.21188768427
HER8,2023,2,ALTO PARANÁ,TOTAL DEP,50610.2838194788
HER8,2023,2,ALTO PARANÁ,ACCID.FEP,1.0
HER8,2023,2,ALTO PARANÁ,PROG.FEP,0.74073430736533
HER8,2023,2,ALTO PARANÁ,PROD.FEP,1746.23999122638
HER8,2023,2,ALTO PARANÁ,TOTAL FEP,60471.6876106728
HER8,2023,2,ALTO PARANÁ,ACCID.PENF,6.0
HER8,2023,2,ALTO PARANÁ,PROG.PENF,0.324113060110522
HER8,2023,2,ALTO PARANÁ,PROD.PENF,1778.35782084875
HER8,2023,2,ALTO PARANÁ,TOTAL PENEF,64890.6223565574
DES4,2023,2,ALTO PARANÁ,PROD.PENF,1639.37504521735
DES4,2023,2,ALTO PARANÁ,TOTAL PENEF,52081.9867852003
DES4,2023,2,ALTO PARANÁ,PROG.PENF,0.283363106547757
HER9,2023,2,ALTO PARANÁ,ACCID.DEP,8.0
HER9,2023,2,ALTO PARANÁ,ACCID.FEP,8.0
HER9,2023,2,ALTO PARANÁ,PROG.FEP,0.308357883889496
HER9,2023,2,ALTO PARANÁ,PROD.FEP,1111.44014466766
HER9,2023,2,ALTO PARANÁ,TOTAL FEP,67413.2845040814
HER9,2023,2,ALTO PARANÁ,ACCID.PENF,3.0
HER9,2023,2,ALTO PARANÁ,PROG.PENF,0.16059127277756
HER9,2023,2,ALTO PARANÁ,PROD.PENF,1714.39906034168
HER9,2023,2,ALTO PARANÁ,TOTAL PENEF,50073.1688404434
IRY1,2023,2,ALTO PARANÁ,ACCID.DEP,5.0
IRY1,2023,2,ALTO PARANÁ,PROG.DEP,0.585223742605551
IRY1,2023,2,ALTO PARANÁ,PROD.DEP,4366.49168325065
IRY1,2023,2,ALTO PARANÁ,TOTAL DEP,58257.5394235525
IRY1,2023,2,ALTO PARANÁ,ACCID.FEP,9.0
IRY1,2023,2,ALTO PARANÁ,PROG.FEP,0.953447517358561
IRY1,2023,2,ALTO PARANÁ,PROD.FEP,4134.91906348967
IRY1,2023,2,ALTO PARANÁ,TOTAL FEP,53550.863480914
IRY1,2023,2,ALTO PARANÁ,ACCID.PENF,7.0
IRY1,2023,2,ALTO PARANÁ,PROG.PENF,0.132089190714254
IRY1,2023,2,ALTO PARANÁ,PROD.PENF,1403.15812036076
IRY1,2023,2,ALTO PARANÁ,TOTAL PENEF,61995.5910127762
IRY2,2023,2,ALTO PARANÁ,ACCID.DEP,7.0
IRY2,2023,2,ALTO PARANÁ,PROG.DEP,0.62091789788367
IRY2,2023,2,ALTO PARANÁ,PROD.DEP,2965.70888879877
IRY2,2023,2,ALTO PARANÁ,TOTAL DEP,67315.8412079922
IRY2,2023,2,ALTO PARANÁ,ACCID.FEP,2.0
IRY2,2023,2,ALTO PARANÁ,PROG.FEP,0.783879971286074
IRY2,2023,2,ALTO PARANÁ,PROD.FEP,3192.23452587198
IRY2,2023,2,ALTO PARANÁ,TOTAL FEP,67384.9310009193
IRY2,2023,2,ALTO PARANÁ,ACCID.PENF,9.0
IRY2,2023,2,ALTO PARANÁ,PROG.PENF,0.121491805079657
IRY2,2023,2,ALTO PARANÁ,PROD.PENF,2506.85291478525
IRY2,2023,2,ALTO PARANÁ,TOTAL PENEF,59472.6732296304
IRY3,2023,2,ALTO PARANÁ,ACCID.DEP,0.0
IRY3,2023,2,ALTO PARANÁ,PROG.DEP,0.646932767800106
IRY3,2023,2,ALTO PARANÁ,PROD.DEP,4525.49575641686
IRY3,2023,2,ALTO PARANÁ,TOTAL DEP,54336.8108355646
IRY3,2023,2,ALTO PARANÁ,ACCID.FEP,9.0
IRY3,2023,2,ALTO PARANÁ,PROG.FEP,0.545798125365478
IRY3,2023,2,ALTO PARANÁ,PROD.FEP,1413.62219569491
IRY3,2023,2,ALTO PARANÁ,TOTAL FEP,62937.7240051931
IRY3,2023,2,ALTO PARANÁ,ACCID.PENF,3.0
IRY3,2023,2,ALTO PARANÁ,PROG.PENF,0.175998889352307
IRY3,2023,2,ALTO PARANÁ,PROD.PENF,1908.88423135916
IRY3,2023,2,ALTO PARANÁ,TOTAL PENEF,51302.3620761934
IRY4,2023,2,ALTO PARANÁ,ACCID.DEP,4.0
IRY4,2023,2,ALTO PARANÁ,PROG.DEP,0.111914630124371
IRY4,2023,2,ALTO PARANÁ,PROD.DEP,4942.67250997991
IRY4,2023,2,ALTO PARANÁ,TOTAL DEP,66390.8223712557
IRY4,2023,2,ALTO PARANÁ,ACCID.FEP,7.0
IRY4,2023,2,ALTO PARANÁ,PROG.FEP,0.26314055728131
IRY4,2023,2,ALTO PARANÁ,PROD.FEP,3766.52399556786
IRY4,2023,2,ALTO PARANÁ,TOTAL FEP,54565.8246157186
IRY4,2023,2,ALTO PARANÁ,ACCID.PENF,6.0
IRY4,2023,2,ALTO PARANÁ,PROG.PENF,0.281838077185102
IRY4,2023,2,ALTO PARANÁ,PROD.PENF,2352.24906427401
IRY4,2023,2,ALTO PARANÁ,TOTAL PENEF,50977.4837800436
JEP1,2023,2,CANINDEYU,ACCID.DEP,0.0
JEP1,2023,2,CANINDEYU,PROG.DEP,0.226498367664148
JEP1,2023,2,CANINDEYU,PROD.DEP,2262.98016704468
JEP1,2023,2,CANINDEYU,TOTAL DEP,69848.4481603603
JEP1,2023,2,CANINDEYU,ACCID.FEP,5.0
JEP1,2023,2,CANINDEYU,PROG.FEP,0.553820639527853
JEP1,2023,2,CANINDEYU,PROD.FEP,4017.77353544798
JEP1,2023,2,CANINDEYU,TOTAL FEP,55576.930114452
JEP1,2023,2,CANINDEYU,ACCID.PENF,5.0
JEP1,2023,2,CANINDEYU,PROG.PENF,0.103489100039376
JEP1,2023,2,CANINDEYU,PROD.PENF,4032.47177889588
JEP1,2023,2,CANINDEYU,TOTAL PENEF,69275.8898839122
JEP2,2023,2,CANINDEYU,ACCID.DEP,9.0
JEP2,2023,2,CANINDEYU,PROG.DEP,0.262781997359872
JEP2,2023,2,CANINDEYU,PROD.DEP,1170.80012581109
JEP2,2023,2,CANINDEYU,TOTAL DEP,59480.6012322472
JEP2,2023,2,CANINDEYU,ACCID.FEP,4.0
JEP2,2023,2,CANINDEYU,PROG.FEP,0.885130514034557
JEP2,2023,2,CANINDEYU,PROD.FEP,2206.77566181484
JEP2,2023,2,CANINDEYU,TOTAL FEP,55407.3000149379
JEP2,2023,2,CANINDEYU,ACCID.PENF,5.0
JEP2,2023,2,CANINDEYU,PROG.PENF,0.273966248614092
JEP2,2023,2,CANINDEYU,PROD.PENF,3472.32540892424
JEP2,2023,2,CANINDEYU,TOTAL PENEF,69686.2061762233
JEP3,2023,2,CANINDEYU,ACCID.DEP,5.0
JEP3,2023,2,CANINDEYU,PROG.DEP,0.611568283888193
JEP3,2023,2,CANINDEYU,PROD.DEP,3718.09132706219
JEP3,2023,2,CANINDEYU,TOTAL DEP,67367.9015247506
JEP3,2023,2,CANINDEYU,ACCID.FEP,3.0
JEP3,2023,2,CANINDEYU,PROG.FEP,0.441871024196878
JEP3,2023,2,CANINDEYU,PROD.FEP,1212.67233451068
JEP3,2023,2,CANINDEYU,TOTAL FEP,68024.4291767441
JEP3,2023,2,CANINDEYU,ACCID.PENF,2.0
JEP3,2023,2,CANINDEYU,PROG.PENF,0.139958655912466
JEP3,2023,2,CANINDEYU,PROD.PENF,2679.68709594795
JEP3,2023,2,CANINDEYU,TOTAL PENEF,67250.5920839013
JEP4,2023,2,CANINDEYU,ACCID.DEP,0.0
JEP4,2023,2,CANINDEYU,PROG.DEP,0.711115089651253
JEP4,2023,2,CANINDEYU,PROD.DEP,4217.5366495502
JEP4,2023,2,CANINDEYU,TOTAL DEP,63414.8402097929
HER9,2023,2,ALTO PARANÁ,PROG.DEP,0.625003356273384
HER9,2023,2,ALTO PARANÁ,TOTAL DEP,50525.4583838498
HER9,2023,2,ALTO PARANÁ,PROD.DEP,4481.75301630553
JEP4,2023,2,CANINDEYU,ACCID.FEP,7.0
JEP4,2023,2,CANINDEYU,PROG.FEP,0.689339343121709
JEP4,2023,2,CANINDEYU,PROG.PENF,0.145258748857087
JEP4,2023,2,CANINDEYU,PROD.PENF,4353.46626841513
JEP4,2023,2,CANINDEYU,TOTAL PENEF,51420.3018735478
JLM1,2023,2,ALTO PARANÁ,ACCID.DEP,3.0
JLM1,2023,2,ALTO PARANÁ,PROG.DEP,0.226414698236034
JLM1,2023,2,ALTO PARANÁ,PROD.DEP,3831.32923461008
JLM1,2023,2,ALTO PARANÁ,TOTAL DEP,57880.8354038807
JLM1,2023,2,ALTO PARANÁ,ACCID.FEP,7.0
JLM1,2023,2,ALTO PARANÁ,PROG.FEP,0.91994091206859
JLM1,2023,2,ALTO PARANÁ,PROD.FEP,1379.33125307722
JLM1,2023,2,ALTO PARANÁ,TOTAL FEP,57079.1212830257
JLM1,2023,2,ALTO PARANÁ,ACCID.PENF,8.0
JLM1,2023,2,ALTO PARANÁ,PROG.PENF,0.258481927845689
JLM1,2023,2,ALTO PARANÁ,PROD.PENF,2178.21201772081
JLM1,2023,2,ALTO PARANÁ,TOTAL PENEF,53589.4400953222
JLM2,2023,2,ALTO PARANÁ,ACCID.DEP,3.0
JLM2,2023,2,ALTO PARANÁ,PROG.DEP,0.711235502102835
JLM2,2023,2,ALTO PARANÁ,PROD.DEP,2141.99812988006
JLM2,2023,2,ALTO PARANÁ,TOTAL DEP,57995.1441531284
JLM2,2023,2,ALTO PARANÁ,PROG.FEP,0.433821988074852
JLM2,2023,2,ALTO PARANÁ,PROD.FEP,2575.73860227908
JLM2,2023,2,ALTO PARANÁ,ACCID.FEP,4.0
JLM2,2023,2,ALTO PARANÁ,ACCID.PENF,8.0
JLM2,2023,2,ALTO PARANÁ,TOTAL FEP,56788.57785263
JLM2,2023,2,ALTO PARANÁ,PROG.PENF,0.151545141954747
JLM2,2023,2,ALTO PARANÁ,PROD.PENF,1666.6352504954
JLM2,2023,2,ALTO PARANÁ,TOTAL PENEF,58880.6208007496
JLM3,2023,2,ALTO PARANÁ,ACCID.DEP,4.0
JLM3,2023,2,ALTO PARANÁ,PROG.DEP,0.56752004080365
JLM3,2023,2,ALTO PARANÁ,PROD.DEP,2329.01655340828
JLM3,2023,2,ALTO PARANÁ,TOTAL DEP,55228.091656404
JLM3,2023,2,ALTO PARANÁ,ACCID.FEP,3.0
JLM3,2023,2,ALTO PARANÁ,PROG.FEP,0.328801370017948
JLM3,2023,2,ALTO PARANÁ,PROD.FEP,1172.30945784725
JLM3,2023,2,ALTO PARANÁ,TOTAL FEP,50648.8114815856
JLM3,2023,2,ALTO PARANÁ,ACCID.PENF,9.0
JLM3,2023,2,ALTO PARANÁ,PROG.PENF,0.970792790115502
JLM3,2023,2,ALTO PARANÁ,PROD.PENF,3222.54113260412
JLM3,2023,2,ALTO PARANÁ,TOTAL PENEF,62869.6802611536
K152,2023,2,ALTO PARANÁ,ACCID.DEP,5.0
K152,2023,2,ALTO PARANÁ,PROG.DEP,0.510345612759576
K152,2023,2,ALTO PARANÁ,PROD.DEP,1916.58916400343
K152,2023,2,ALTO PARANÁ,TOTAL DEP,64492.1969582063
K152,2023,2,ALTO PARANÁ,ACCID.FEP,3.0
K152,2023,2,ALTO PARANÁ,PROG.FEP,0.803850288508298
K152,2023,2,ALTO PARANÁ,PROD.FEP,2562.43608837122
K152,2023,2,ALTO PARANÁ,TOTAL FEP,68210.2853326434
K152,2023,2,ALTO PARANÁ,ACCID.PENF,0.0
K152,2023,2,ALTO PARANÁ,PROG.PENF,0.174865916508791
K152,2023,2,ALTO PARANÁ,PROD.PENF,2425.53584430737
K152,2023,2,ALTO PARANÁ,TOTAL PENEF,62129.3111629029
K153,2023,2,ALTO PARANÁ,ACCID.DEP,3.0
K153,2023,2,ALTO PARANÁ,PROG.DEP,0.47826406622748
K153,2023,2,ALTO PARANÁ,PROD.DEP,3855.30689222508
K153,2023,2,ALTO PARANÁ,TOTAL DEP,65757.9972277246
K153,2023,2,ALTO PARANÁ,ACCID.FEP,1.0
K153,2023,2,ALTO PARANÁ,PROG.FEP,0.123738291678387
K153,2023,2,ALTO PARANÁ,PROD.FEP,2082.05576014172
K153,2023,2,ALTO PARANÁ,TOTAL FEP,69553.9563316086
K153,2023,2,ALTO PARANÁ,ACCID.PENF,5.0
K153,2023,2,ALTO PARANÁ,PROG.PENF,0.718995569009796
K153,2023,2,ALTO PARANÁ,PROD.PENF,4998.40157447501
K153,2023,2,ALTO PARANÁ,TOTAL PENEF,59374.6357415068
K154,2023,2,ALTO PARANÁ,ACCID.DEP,5.0
K154,2023,2,ALTO PARANÁ,PROG.DEP,0.224249554036819
K154,2023,2,ALTO PARANÁ,PROD.DEP,4096.3108355733
K154,2023,2,ALTO PARANÁ,TOTAL DEP,60824.8911792573
K154,2023,2,ALTO PARANÁ,ACCID.FEP,0.0
K154,2023,2,ALTO PARANÁ,PROG.FEP,0.360318560556232
K154,2023,2,ALTO PARANÁ,PROD.FEP,4991.98039971364
K154,2023,2,ALTO PARANÁ,TOTAL FEP,53154.3388691789
K154,2023,2,ALTO PARANÁ,ACCID.PENF,5.0
K154,2023,2,ALTO PARANÁ,PROG.PENF,0.670862703126567
K154,2023,2,ALTO PARANÁ,PROD.PENF,1156.48706359194
K154,2023,2,ALTO PARANÁ,TOTAL PENEF,59663.5146794923
K155,2023,2,ALTO PARANÁ,ACCID.DEP,5.0
K155,2023,2,ALTO PARANÁ,PROG.DEP,0.534318260738356
K155,2023,2,ALTO PARANÁ,PROD.DEP,3197.78606244391
K155,2023,2,ALTO PARANÁ,TOTAL DEP,61850.4485539379
K155,2023,2,ALTO PARANÁ,ACCID.FEP,5.0
K155,2023,2,ALTO PARANÁ,PROG.FEP,0.54529728024586
K155,2023,2,ALTO PARANÁ,PROD.FEP,3953.65396737584
K155,2023,2,ALTO PARANÁ,TOTAL FEP,60526.8580198454
K155,2023,2,ALTO PARANÁ,ACCID.PENF,2.0
K155,2023,2,ALTO PARANÁ,PROG.PENF,0.46147646564768
K155,2023,2,ALTO PARANÁ,PROD.PENF,1889.0335060273
K155,2023,2,ALTO PARANÁ,TOTAL PENEF,60458.7480045694
K156,2023,2,ALTO PARANÁ,ACCID.DEP,8.0
K156,2023,2,ALTO PARANÁ,PROG.DEP,0.999117622192517
K156,2023,2,ALTO PARANÁ,PROD.DEP,2541.05342171583
K156,2023,2,ALTO PARANÁ,TOTAL DEP,67625.7908019533
K156,2023,2,ALTO PARANÁ,ACCID.FEP,3.0
JEP4,2023,2,CANINDEYU,TOTAL FEP,65482.8578853397
K156,2023,2,ALTO PARANÁ,PROD.FEP,1500.78655633558
K156,2023,2,ALTO PARANÁ,TOTAL FEP,66783.695676949
K156,2023,2,ALTO PARANÁ,PROG.FEP,0.669493413731319
JEP4,2023,2,CANINDEYU,PROD.FEP,2809.13592293812
JEP4,2023,2,CANINDEYU,ACCID.PENF,9.0
K156,2023,2,ALTO PARANÁ,ACCID.PENF,0.0
K157,2023,2,ALTO PARANÁ,ACCID.DEP,9.0
K157,2023,2,ALTO PARANÁ,PROG.DEP,0.735764039290724
K157,2023,2,ALTO PARANÁ,PROD.DEP,4812.01825947277
K157,2023,2,ALTO PARANÁ,TOTAL DEP,61701.935743931
K157,2023,2,ALTO PARANÁ,ACCID.FEP,3.0
K157,2023,2,ALTO PARANÁ,PROG.FEP,0.708893457072711
K157,2023,2,ALTO PARANÁ,PROD.FEP,1306.80744739068
K157,2023,2,ALTO PARANÁ,TOTAL FEP,55227.7850776874
K157,2023,2,ALTO PARANÁ,ACCID.PENF,7.0
K157,2023,2,ALTO PARANÁ,PROG.PENF,0.670758965632033
K157,2023,2,ALTO PARANÁ,PROD.PENF,2345.67080333106
K157,2023,2,ALTO PARANÁ,TOTAL PENEF,59766.5060429618
K158,2023,2,ALTO PARANÁ,ACCID.DEP,6.0
K158,2023,2,ALTO PARANÁ,PROG.DEP,0.816466968197598
K158,2023,2,ALTO PARANÁ,PROD.DEP,2241.63298741415
K158,2023,2,ALTO PARANÁ,TOTAL DEP,53474.775932519
K158,2023,2,ALTO PARANÁ,ACCID.FEP,1.0
K158,2023,2,ALTO PARANÁ,PROG.FEP,0.742058796268638
K158,2023,2,ALTO PARANÁ,PROD.FEP,1852.28186977518
K158,2023,2,ALTO PARANÁ,TOTAL FEP,50841.6188781512
K158,2023,2,ALTO PARANÁ,ACCID.PENF,4.0
K158,2023,2,ALTO PARANÁ,PROG.PENF,0.914535327578658
K158,2023,2,ALTO PARANÁ,PROD.PENF,2172.98830583517
K158,2023,2,ALTO PARANÁ,TOTAL PENEF,51745.2638871392
K159,2023,2,ALTO PARANÁ,ACCID.DEP,1.0
K159,2023,2,ALTO PARANÁ,PROG.DEP,0.680585332091953
K159,2023,2,ALTO PARANÁ,PROD.DEP,3715.25488947501
K159,2023,2,ALTO PARANÁ,TOTAL DEP,64537.1429896148
K159,2023,2,ALTO PARANÁ,ACCID.FEP,1.0
K159,2023,2,ALTO PARANÁ,PROG.FEP,0.622672738265942
K159,2023,2,ALTO PARANÁ,PROD.FEP,1747.04913424437
K159,2023,2,ALTO PARANÁ,TOTAL FEP,56750.5024098567
K159,2023,2,ALTO PARANÁ,ACCID.PENF,7.0
K159,2023,2,ALTO PARANÁ,PROG.PENF,0.756147753452253
K159,2023,2,ALTO PARANÁ,PROD.PENF,3308.65172711352
K159,2023,2,ALTO PARANÁ,TOTAL PENEF,51566.7062758472
K301,2023,2,ALTO PARANÁ,ACCID.DEP,1.0
K301,2023,2,ALTO PARANÁ,PROG.DEP,0.154865683183515
K301,2023,2,ALTO PARANÁ,PROD.DEP,1995.80672543825
K301,2023,2,ALTO PARANÁ,TOTAL DEP,51063.4094266041
K301,2023,2,ALTO PARANÁ,ACCID.FEP,8.0
K301,2023,2,ALTO PARANÁ,PROG.FEP,0.616658396879876
K301,2023,2,ALTO PARANÁ,PROD.FEP,1277.38539509142
K301,2023,2,ALTO PARANÁ,TOTAL FEP,65826.1258308643
K301,2023,2,ALTO PARANÁ,ACCID.PENF,7.0
K301,2023,2,ALTO PARANÁ,PROG.PENF,0.811776707779514
K301,2023,2,ALTO PARANÁ,PROD.PENF,1677.43355611264
K301,2023,2,ALTO PARANÁ,TOTAL PENEF,69474.8570808468
K302,2023,2,ALTO PARANÁ,ACCID.DEP,5.0
K302,2023,2,ALTO PARANÁ,PROG.DEP,0.489075882607164
K302,2023,2,ALTO PARANÁ,PROD.DEP,2875.58582463475
K302,2023,2,ALTO PARANÁ,TOTAL DEP,59734.8628400148
K302,2023,2,ALTO PARANÁ,ACCID.FEP,1.0
K302,2023,2,ALTO PARANÁ,PROG.FEP,0.389135694835653
K302,2023,2,ALTO PARANÁ,PROD.FEP,4222.70331171851
K302,2023,2,ALTO PARANÁ,TOTAL FEP,53724.9963340813
K302,2023,2,ALTO PARANÁ,ACCID.PENF,9.0
K302,2023,2,ALTO PARANÁ,PROG.PENF,0.319189476900137
K302,2023,2,ALTO PARANÁ,PROD.PENF,1703.58132849191
K302,2023,2,ALTO PARANÁ,TOTAL PENEF,56121.736439096
K303,2023,2,ALTO PARANÁ,ACCID.DEP,4.0
K303,2023,2,ALTO PARANÁ,PROG.DEP,0.681804451649535
K303,2023,2,ALTO PARANÁ,PROD.DEP,3835.21866235529
K303,2023,2,ALTO PARANÁ,TOTAL DEP,59464.7369644203
K303,2023,2,ALTO PARANÁ,ACCID.FEP,5.0
K303,2023,2,ALTO PARANÁ,PROG.FEP,0.5943896365738
K303,2023,2,ALTO PARANÁ,PROD.FEP,1184.64426042998
K303,2023,2,ALTO PARANÁ,TOTAL FEP,64611.4649702021
K303,2023,2,ALTO PARANÁ,ACCID.PENF,8.0
K303,2023,2,ALTO PARANÁ,PROG.PENF,0.917423747738366
K303,2023,2,ALTO PARANÁ,PROD.PENF,1784.97076490428
K303,2023,2,ALTO PARANÁ,TOTAL PENEF,67410.0971631936
K304,2023,2,ALTO PARANÁ,ACCID.DEP,8.0
K304,2023,2,ALTO PARANÁ,PROG.DEP,0.987375484274385
K304,2023,2,ALTO PARANÁ,PROD.DEP,1671.1349637068
K304,2023,2,ALTO PARANÁ,TOTAL DEP,65836.1628293935
K304,2023,2,ALTO PARANÁ,ACCID.FEP,5.0
K304,2023,2,ALTO PARANÁ,PROG.FEP,0.660082456392847
K304,2023,2,ALTO PARANÁ,PROD.FEP,4472.39770142891
K304,2023,2,ALTO PARANÁ,TOTAL FEP,51377.6762861482
K304,2023,2,ALTO PARANÁ,ACCID.PENF,6.0
K304,2023,2,ALTO PARANÁ,PROG.PENF,0.394995877909721
K304,2023,2,ALTO PARANÁ,PROD.PENF,4274.05267659704
K304,2023,2,ALTO PARANÁ,TOTAL PENEF,68359.2758384851
K305,2023,2,ALTO PARANÁ,ACCID.DEP,7.0
K305,2023,2,ALTO PARANÁ,PROG.DEP,0.906093255859618
K305,2023,2,ALTO PARANÁ,PROD.DEP,4832.34294351809
K305,2023,2,ALTO PARANÁ,TOTAL DEP,50756.5810684108
K305,2023,2,ALTO PARANÁ,ACCID.FEP,6.0
K305,2023,2,ALTO PARANÁ,PROG.FEP,0.386855148887884
K305,2023,2,ALTO PARANÁ,PROD.FEP,1557.44835025443
K305,2023,2,ALTO PARANÁ,TOTAL FEP,55202.2342443358
K305,2023,2,ALTO PARANÁ,ACCID.PENF,6.0
K305,2023,2,ALTO PARANÁ,PROG.PENF,0.526717739680314
K305,2023,2,ALTO PARANÁ,PROD.PENF,4913.89328628005
K305,2023,2,ALTO PARANÁ,TOTAL PENEF,60562.4461563592
K156,2023,2,ALTO PARANÁ,PROD.PENF,1606.65243047261
K156,2023,2,ALTO PARANÁ,PROG.PENF,0.36231874560025
K156,2023,2,ALTO PARANÁ,TOTAL PENEF,65269.619666409
K306,2023,2,ALTO PARANÁ,ACCID.DEP,3.0
K306,2023,2,ALTO PARANÁ,ACCID.FEP,3.0
K306,2023,2,ALTO PARANÁ,PROG.FEP,0.37193429665184
K306,2023,2,ALTO PARANÁ,PROD.FEP,3487.83808776665
K306,2023,2,ALTO PARANÁ,TOTAL FEP,59167.4367265173
K306,2023,2,ALTO PARANÁ,ACCID.PENF,3.0
K306,2023,2,ALTO PARANÁ,PROG.PENF,0.466152565487632
K306,2023,2,ALTO PARANÁ,PROD.PENF,1326.04510665553
K306,2023,2,ALTO PARANÁ,TOTAL PENEF,55229.2090475627
K307,2023,2,ALTO PARANÁ,ACCID.DEP,8.0
K307,2023,2,ALTO PARANÁ,PROG.DEP,0.988347989833093
K307,2023,2,ALTO PARANÁ,PROD.DEP,3190.02612308406
K307,2023,2,ALTO PARANÁ,TOTAL DEP,50532.1132232162
K307,2023,2,ALTO PARANÁ,ACCID.FEP,9.0
K307,2023,2,ALTO PARANÁ,PROG.FEP,0.37719135938466
K307,2023,2,ALTO PARANÁ,PROD.FEP,4964.2654680416
K307,2023,2,ALTO PARANÁ,TOTAL FEP,51906.6325857803
K307,2023,2,ALTO PARANÁ,ACCID.PENF,4.0
K307,2023,2,ALTO PARANÁ,PROG.PENF,0.661205665486349
K307,2023,2,ALTO PARANÁ,PROD.PENF,3210.84283400526
K307,2023,2,ALTO PARANÁ,TOTAL PENEF,67806.4034991169
K308,2023,2,ALTO PARANÁ,ACCID.DEP,8.0
K308,2023,2,ALTO PARANÁ,PROG.DEP,0.324505426956899
K308,2023,2,ALTO PARANÁ,PROD.DEP,4432.049286628
K308,2023,2,ALTO PARANÁ,TOTAL DEP,50420.2053054839
K308,2023,2,ALTO PARANÁ,ACCID.FEP,8.0
K308,2023,2,ALTO PARANÁ,PROG.FEP,0.991503742855802
K308,2023,2,ALTO PARANÁ,PROD.FEP,2245.95948698426
K308,2023,2,ALTO PARANÁ,TOTAL FEP,55507.4404583866
K308,2023,2,ALTO PARANÁ,ACCID.PENF,0.0
K308,2023,2,ALTO PARANÁ,PROG.PENF,0.338722933909349
K308,2023,2,ALTO PARANÁ,PROD.PENF,2018.54659045412
K308,2023,2,ALTO PARANÁ,TOTAL PENEF,65562.4062221172
MCE1,2023,2,ALTO PARANÁ,ACCID.DEP,2.0
MCE1,2023,2,ALTO PARANÁ,PROG.DEP,0.650530920348502
MCE1,2023,2,ALTO PARANÁ,PROD.DEP,4561.22455627395
MCE1,2023,2,ALTO PARANÁ,TOTAL DEP,63025.769831493
MCE1,2023,2,ALTO PARANÁ,ACCID.FEP,2.0
MCE1,2023,2,ALTO PARANÁ,PROG.FEP,0.117725924465871
K306,2023,2,ALTO PARANÁ,TOTAL DEP,67618.7272415209
MCE1,2023,2,ALTO PARANÁ,TOTAL FEP,69814.1219566356
MCE1,2023,2,ALTO PARANÁ,ACCID.PENF,3.0
MCE1,2023,2,ALTO PARANÁ,PROG.PENF,0.87236648468034
MCE1,2023,2,ALTO PARANÁ,PROD.PENF,2938.50083725561
MCE1,2023,2,ALTO PARANÁ,TOTAL PENEF,56606.3975093816
MCE2,2023,2,ALTO PARANÁ,ACCID.DEP,6.0
MCE2,2023,2,ALTO PARANÁ,PROG.DEP,0.108254228315789
MCE2,2023,2,ALTO PARANÁ,PROD.DEP,1867.58737432645
MCE2,2023,2,ALTO PARANÁ,TOTAL DEP,64418.7773514172
MCE2,2023,2,ALTO PARANÁ,ACCID.FEP,9.0
MCE2,2023,2,ALTO PARANÁ,PROG.FEP,0.778647973675113
MCE2,2023,2,ALTO PARANÁ,PROD.FEP,4487.55261958349
MCE2,2023,2,ALTO PARANÁ,TOTAL FEP,65375.3229504389
MCE2,2023,2,ALTO PARANÁ,ACCID.PENF,5.0
MCE2,2023,2,ALTO PARANÁ,PROG.PENF,0.519588163126561
MCE2,2023,2,ALTO PARANÁ,PROD.PENF,3247.43672034409
MCE2,2023,2,ALTO PARANÁ,TOTAL PENEF,61099.3873199001
MCE3,2023,2,ALTO PARANÁ,ACCID.DEP,3.0
MCE3,2023,2,ALTO PARANÁ,PROG.DEP,0.701115381508588
MCE3,2023,2,ALTO PARANÁ,PROD.DEP,4591.12744499004
MCE3,2023,2,ALTO PARANÁ,TOTAL DEP,50821.1714557589
MCE3,2023,2,ALTO PARANÁ,ACCID.FEP,5.0
MCE3,2023,2,ALTO PARANÁ,PROG.FEP,0.398580054678424
MCE3,2023,2,ALTO PARANÁ,PROD.FEP,2135.01957628454
MCE3,2023,2,ALTO PARANÁ,TOTAL FEP,66358.708862026
MCE3,2023,2,ALTO PARANÁ,ACCID.PENF,5.0
MCE3,2023,2,ALTO PARANÁ,PROG.PENF,0.920128293531435
MCE3,2023,2,ALTO PARANÁ,PROD.PENF,4296.89728944478
MCE3,2023,2,ALTO PARANÁ,TOTAL PENEF,58220.0081966939
MCE4,2023,2,ALTO PARANÁ,ACCID.DEP,0.0
MCE4,2023,2,ALTO PARANÁ,PROG.DEP,0.832250864747295
MCE1,2023,2,ALTO PARANÁ,PROD.FEP,4281.70062507822
MCE4,2023,2,ALTO PARANÁ,TOTAL DEP,62923.9217111389
MCE4,2023,2,ALTO PARANÁ,ACCID.FEP,8.0
MCE4,2023,2,ALTO PARANÁ,PROG.FEP,0.541052496166172
MCE4,2023,2,ALTO PARANÁ,PROD.FEP,2362.0704598813
MCE4,2023,2,ALTO PARANÁ,TOTAL FEP,50699.279631196
MCE4,2023,2,ALTO PARANÁ,ACCID.PENF,8.0
MCE4,2023,2,ALTO PARANÁ,PROG.PENF,0.140967825869329
MCE4,2023,2,ALTO PARANÁ,PROD.PENF,3858.76819153293
MCE4,2023,2,ALTO PARANÁ,TOTAL PENEF,51213.4282556267
MCE5,2023,2,ALTO PARANÁ,ACCID.DEP,2.0
MCE5,2023,2,ALTO PARANÁ,PROG.DEP,0.138283842123243
MCE5,2023,2,ALTO PARANÁ,PROD.DEP,1824.59139489211
MCE5,2023,2,ALTO PARANÁ,TOTAL DEP,61562.6756301629
MCE5,2023,2,ALTO PARANÁ,ACCID.FEP,7.0
MCE5,2023,2,ALTO PARANÁ,PROG.FEP,0.649540398473676
MCE5,2023,2,ALTO PARANÁ,PROD.FEP,2752.48486999562
MCE5,2023,2,ALTO PARANÁ,TOTAL FEP,68571.9323321265
MCE5,2023,2,ALTO PARANÁ,ACCID.PENF,6.0
MCE5,2023,2,ALTO PARANÁ,PROG.PENF,0.238920329357673
MCE5,2023,2,ALTO PARANÁ,PROD.PENF,2431.51374030518
MCE5,2023,2,ALTO PARANÁ,TOTAL PENEF,63818.6354655382
MCE6,2023,2,ALTO PARANÁ,ACCID.DEP,2.0
MCE6,2023,2,ALTO PARANÁ,PROG.DEP,0.410467069301491
MCE6,2023,2,ALTO PARANÁ,PROD.DEP,2931.53100021974
MCE6,2023,2,ALTO PARANÁ,TOTAL DEP,63268.6099110432
K306,2023,2,ALTO PARANÁ,PROD.DEP,2089.97419303411
MCE4,2023,2,ALTO PARANÁ,PROD.DEP,1221.13603763746
K306,2023,2,ALTO PARANÁ,PROG.DEP,0.7322078195368
MCE6,2023,2,ALTO PARANÁ,ACCID.FEP,7.0
MCE6,2023,2,ALTO PARANÁ,ACCID.PENF,9.0
MCE6,2023,2,ALTO PARANÁ,PROG.PENF,0.701768285662502
MCE6,2023,2,ALTO PARANÁ,PROD.PENF,1056.42617994982
MCE6,2023,2,ALTO PARANÁ,TOTAL PENEF,69436.9466648541
MCE7,2023,2,ALTO PARANÁ,ACCID.DEP,2.0
MCE7,2023,2,ALTO PARANÁ,PROG.DEP,0.393227842065926
MCE7,2023,2,ALTO PARANÁ,PROD.DEP,2334.72548760024
MCE7,2023,2,ALTO PARANÁ,TOTAL DEP,58141.4972077656
MCE7,2023,2,ALTO PARANÁ,ACCID.FEP,7.0
MCE7,2023,2,ALTO PARANÁ,PROG.FEP,0.700162077157398
MCE7,2023,2,ALTO PARANÁ,PROD.FEP,4861.43094191643
MCE7,2023,2,ALTO PARANÁ,TOTAL FEP,51660.5360139066
MCE7,2023,2,ALTO PARANÁ,ACCID.PENF,7.0
MCE7,2023,2,ALTO PARANÁ,PROG.PENF,0.590805019240917
MCE7,2023,2,ALTO PARANÁ,PROD.PENF,2207.34644017177
MCE7,2023,2,ALTO PARANÁ,TOTAL PENEF,69809.1321747253
MPO1,2023,2,ALTO PARANÁ,ACCID.DEP,7.0
MPO1,2023,2,ALTO PARANÁ,PROG.DEP,0.167584495833367
MPO1,2023,2,ALTO PARANÁ,PROD.DEP,2430.54511865242
MPO1,2023,2,ALTO PARANÁ,TOTAL DEP,53763.533761782
MPO1,2023,2,ALTO PARANÁ,ACCID.FEP,7.0
MPO1,2023,2,ALTO PARANÁ,PROG.FEP,0.386377185828737
MPO1,2023,2,ALTO PARANÁ,PROD.FEP,4196.10746445098
MPO1,2023,2,ALTO PARANÁ,TOTAL FEP,64209.1587939836
MPO1,2023,2,ALTO PARANÁ,ACCID.PENF,8.0
MPO1,2023,2,ALTO PARANÁ,PROG.PENF,0.956666726096723
MPO1,2023,2,ALTO PARANÁ,PROD.PENF,3629.2932059095
MPO1,2023,2,ALTO PARANÁ,TOTAL PENEF,57777.1740444163
MPO2,2023,2,CANINDEYU,ACCID.DEP,7.0
MPO2,2023,2,CANINDEYU,PROG.DEP,0.804073119901179
MPO2,2023,2,CANINDEYU,PROD.DEP,4557.92551869834
MPO2,2023,2,CANINDEYU,TOTAL DEP,66339.0039915872
MPO2,2023,2,CANINDEYU,ACCID.FEP,4.0
MPO2,2023,2,CANINDEYU,PROG.FEP,0.399309523127033
MPO2,2023,2,CANINDEYU,PROD.FEP,2675.76566094087
MPO2,2023,2,CANINDEYU,TOTAL FEP,55263.4751542051
MPO2,2023,2,CANINDEYU,ACCID.PENF,5.0
MPO2,2023,2,CANINDEYU,PROG.PENF,0.63339956354688
MPO2,2023,2,CANINDEYU,PROD.PENF,2322.72497202229
MPO2,2023,2,CANINDEYU,TOTAL PENEF,66207.7189648124
MPO3,2023,2,ALTO PARANÁ,ACCID.DEP,3.0
MPO3,2023,2,ALTO PARANÁ,PROG.DEP,0.807976837396224
MPO3,2023,2,ALTO PARANÁ,PROD.DEP,3507.71858168298
MPO3,2023,2,ALTO PARANÁ,TOTAL DEP,61297.4929205873
MPO3,2023,2,ALTO PARANÁ,ACCID.FEP,9.0
MPO3,2023,2,ALTO PARANÁ,PROG.FEP,0.411785361207591
MCE6,2023,2,ALTO PARANÁ,TOTAL FEP,60218.0841895823
MPO3,2023,2,ALTO PARANÁ,TOTAL FEP,63984.5428746042
MPO3,2023,2,ALTO PARANÁ,ACCID.PENF,1.0
MPO3,2023,2,ALTO PARANÁ,PROG.PENF,0.591850518592503
MPO3,2023,2,ALTO PARANÁ,PROD.FEP,1065.19731161903
MPO3,2023,2,ALTO PARANÁ,TOTAL PENEF,58504.7981430951
NAR2,2023,2,ALTO PARANÁ,ACCID.DEP,9.0
NAR2,2023,2,ALTO PARANÁ,PROG.DEP,0.182895870431028
NAR2,2023,2,ALTO PARANÁ,PROD.DEP,4924.02462032958
NAR2,2023,2,ALTO PARANÁ,TOTAL DEP,62944.2412508328
NAR2,2023,2,ALTO PARANÁ,ACCID.FEP,2.0
NAR2,2023,2,ALTO PARANÁ,PROG.FEP,0.106103484725637
NAR2,2023,2,ALTO PARANÁ,PROD.FEP,3043.46406218493
NAR2,2023,2,ALTO PARANÁ,TOTAL FEP,59504.3123283505
NAR2,2023,2,ALTO PARANÁ,ACCID.PENF,8.0
NAR2,2023,2,ALTO PARANÁ,PROG.PENF,0.907689343239362
NAR2,2023,2,ALTO PARANÁ,PROD.PENF,2034.71108332528
NAR2,2023,2,ALTO PARANÁ,TOTAL PENEF,56133.8780170534
NAR4,2023,2,ALTO PARANÁ,ACCID.DEP,9.0
NAR4,2023,2,ALTO PARANÁ,PROG.DEP,0.108385519610251
NAR4,2023,2,ALTO PARANÁ,PROD.DEP,1129.99103214096
NAR4,2023,2,ALTO PARANÁ,TOTAL DEP,57600.2107139725
NAR4,2023,2,ALTO PARANÁ,ACCID.FEP,1.0
NAR4,2023,2,ALTO PARANÁ,PROG.FEP,0.383990593441462
NAR4,2023,2,ALTO PARANÁ,PROD.FEP,2885.02178951948
NAR4,2023,2,ALTO PARANÁ,TOTAL FEP,64059.6809571965
NAR4,2023,2,ALTO PARANÁ,ACCID.PENF,1.0
NAR4,2023,2,ALTO PARANÁ,PROG.PENF,0.403973886538478
NAR4,2023,2,ALTO PARANÁ,PROD.PENF,4809.49436397624
NAR4,2023,2,ALTO PARANÁ,TOTAL PENEF,67110.5396629697
NAR5,2023,2,ALTO PARANÁ,ACCID.DEP,3.0
NAR5,2023,2,ALTO PARANÁ,PROG.DEP,0.780777728324128
NAR5,2023,2,ALTO PARANÁ,PROD.DEP,3177.06156627985
NAR5,2023,2,ALTO PARANÁ,TOTAL DEP,62215.6163181453
NAR5,2023,2,ALTO PARANÁ,ACCID.FEP,1.0
NAR5,2023,2,ALTO PARANÁ,PROG.FEP,0.608186349563871
NAR5,2023,2,ALTO PARANÁ,PROD.FEP,3872.96068206789
NAR5,2023,2,ALTO PARANÁ,TOTAL FEP,50104.2393410932
NAR5,2023,2,ALTO PARANÁ,ACCID.PENF,1.0
NAR5,2023,2,ALTO PARANÁ,PROG.PENF,0.825817651145019
NAR5,2023,2,ALTO PARANÁ,PROD.PENF,2579.10571056108
NAR5,2023,2,ALTO PARANÁ,TOTAL PENEF,53895.5965146758
NAR6,2023,2,ALTO PARANÁ,ACCID.DEP,4.0
NAR6,2023,2,ALTO PARANÁ,PROG.DEP,0.489319223049385
NAR6,2023,2,ALTO PARANÁ,PROD.DEP,4333.85315330345
NAR6,2023,2,ALTO PARANÁ,TOTAL DEP,53457.9481896016
NAR6,2023,2,ALTO PARANÁ,ACCID.FEP,6.0
NAR6,2023,2,ALTO PARANÁ,PROG.FEP,0.203569926754964
NAR6,2023,2,ALTO PARANÁ,PROD.FEP,2159.47093295442
NAR6,2023,2,ALTO PARANÁ,TOTAL FEP,58386.2477177665
MCE6,2023,2,ALTO PARANÁ,PROG.FEP,0.972800560420312
MPO3,2023,2,ALTO PARANÁ,PROD.PENF,1756.66553426775
MCE6,2023,2,ALTO PARANÁ,PROD.FEP,4875.57992368024
NAR6,2023,2,ALTO PARANÁ,ACCID.PENF,8.0
NAR6,2023,2,ALTO PARANÁ,PROG.PENF,0.777590465301726
NAR8,2023,2,ALTO PARANÁ,PROG.DEP,0.676600023662307
NAR8,2023,2,ALTO PARANÁ,PROD.DEP,4327.46395523292
NAR8,2023,2,ALTO PARANÁ,TOTAL DEP,62582.7093606014
NAR8,2023,2,ALTO PARANÁ,ACCID.FEP,8.0
NAR8,2023,2,ALTO PARANÁ,PROG.FEP,0.653225559161843
NAR8,2023,2,ALTO PARANÁ,PROD.FEP,4610.38527675454
NAR8,2023,2,ALTO PARANÁ,TOTAL FEP,57532.6397470377
NAR8,2023,2,ALTO PARANÁ,ACCID.PENF,4.0
NAR8,2023,2,ALTO PARANÁ,PROG.PENF,0.10087547656158
NAR8,2023,2,ALTO PARANÁ,PROD.PENF,3056.21810910822
NAR8,2023,2,ALTO PARANÁ,TOTAL PENEF,65315.6024932367
PBU1,2023,2,ALTO PARANÁ,ACCID.DEP,9.0
PBU1,2023,2,ALTO PARANÁ,PROG.DEP,0.364656942221332
PBU1,2023,2,ALTO PARANÁ,PROD.DEP,3621.81526085241
PBU1,2023,2,ALTO PARANÁ,TOTAL DEP,50740.0343376843
PBU1,2023,2,ALTO PARANÁ,ACCID.FEP,4.0
PBU1,2023,2,ALTO PARANÁ,PROG.FEP,0.550060074894702
PBU1,2023,2,ALTO PARANÁ,PROD.FEP,4499.36683247019
PBU1,2023,2,ALTO PARANÁ,TOTAL FEP,63197.5292331654
PBU1,2023,2,ALTO PARANÁ,ACCID.PENF,7.0
NAR6,2023,2,ALTO PARANÁ,TOTAL PENEF,61726.1528682488
PBU1,2023,2,ALTO PARANÁ,PROD.PENF,2547.28947399084
PBU1,2023,2,ALTO PARANÁ,TOTAL PENEF,67958.59839647
PBU2,2023,2,ALTO PARANÁ,ACCID.DEP,6.0
PBU2,2023,2,ALTO PARANÁ,PROG.DEP,0.297116344398253
PBU2,2023,2,ALTO PARANÁ,PROD.DEP,2618.57222837122
PBU2,2023,2,ALTO PARANÁ,TOTAL DEP,61865.4794283747
PBU2,2023,2,ALTO PARANÁ,ACCID.FEP,8.0
PBU2,2023,2,ALTO PARANÁ,PROG.FEP,0.299623223352002
PBU2,2023,2,ALTO PARANÁ,PROD.FEP,3426.831843169
PBU2,2023,2,ALTO PARANÁ,TOTAL FEP,50831.3933875329
PBU2,2023,2,ALTO PARANÁ,ACCID.PENF,1.0
PBU2,2023,2,ALTO PARANÁ,PROG.PENF,0.793657330162654
PBU2,2023,2,ALTO PARANÁ,PROD.PENF,1415.6289024969
PBU2,2023,2,ALTO PARANÁ,TOTAL PENEF,64751.687972058
PBU3,2023,2,ALTO PARANÁ,ACCID.DEP,9.0
PBU3,2023,2,ALTO PARANÁ,PROG.DEP,0.463912912191607
PBU3,2023,2,ALTO PARANÁ,PROD.DEP,3861.20469230017
PBU3,2023,2,ALTO PARANÁ,TOTAL DEP,58150.7580801055
PBU3,2023,2,ALTO PARANÁ,ACCID.FEP,0.0
PBU3,2023,2,ALTO PARANÁ,PROG.FEP,0.716281275996903
PBU3,2023,2,ALTO PARANÁ,PROD.FEP,3155.90104968743
PBU3,2023,2,ALTO PARANÁ,TOTAL FEP,67867.9031321342
PBU3,2023,2,ALTO PARANÁ,ACCID.PENF,9.0
PBU3,2023,2,ALTO PARANÁ,PROG.PENF,0.837088295360418
PBU3,2023,2,ALTO PARANÁ,PROD.PENF,4756.16970572545
PBU3,2023,2,ALTO PARANÁ,TOTAL PENEF,54528.5012594415
PBU4,2023,2,ALTO PARANÁ,ACCID.DEP,5.0
PBU4,2023,2,ALTO PARANÁ,PROG.DEP,0.279707531526117
PBU4,2023,2,ALTO PARANÁ,PROD.DEP,3338.6961016274
PBU4,2023,2,ALTO PARANÁ,TOTAL DEP,62750.8926906248
PBU4,2023,2,ALTO PARANÁ,ACCID.FEP,9.0
PBU4,2023,2,ALTO PARANÁ,PROG.FEP,0.167621627694907
PBU4,2023,2,ALTO PARANÁ,PROD.FEP,2352.43878733109
PBU4,2023,2,ALTO PARANÁ,TOTAL FEP,54036.053326968
PBU4,2023,2,ALTO PARANÁ,ACCID.PENF,5.0
PBU4,2023,2,ALTO PARANÁ,PROG.PENF,0.946558525913197
PBU4,2023,2,ALTO PARANÁ,PROD.PENF,4335.66319394402
PBU4,2023,2,ALTO PARANÁ,TOTAL PENEF,66463.20334685
PBU5,2023,2,ALTO PARANÁ,ACCID.DEP,1.0
PBU5,2023,2,ALTO PARANÁ,PROG.DEP,0.307758738219436
PBU5,2023,2,ALTO PARANÁ,PROD.DEP,3553.67838433314
PBU5,2023,2,ALTO PARANÁ,TOTAL DEP,62904.9521437739
PBU5,2023,2,ALTO PARANÁ,PROG.FEP,0.58120498674394
PBU5,2023,2,ALTO PARANÁ,ACCID.FEP,0.0
PBU5,2023,2,ALTO PARANÁ,PROD.FEP,2010.66011021348
PBU5,2023,2,ALTO PARANÁ,TOTAL FEP,56036.5488631601
PBU5,2023,2,ALTO PARANÁ,ACCID.PENF,5.0
PBU5,2023,2,ALTO PARANÁ,PROG.PENF,0.33944537032899
PBU5,2023,2,ALTO PARANÁ,PROD.PENF,4844.31321823811
PBU5,2023,2,ALTO PARANÁ,TOTAL PENEF,51009.0964936571
PFO1,2023,2,ALTO PARANÁ,ACCID.DEP,7.0
PFO1,2023,2,ALTO PARANÁ,PROG.DEP,0.489372727821215
PFO1,2023,2,ALTO PARANÁ,PROD.DEP,3378.40284664773
PFO1,2023,2,ALTO PARANÁ,TOTAL DEP,54664.9808925872
PFO1,2023,2,ALTO PARANÁ,ACCID.FEP,1.0
PFO1,2023,2,ALTO PARANÁ,PROD.FEP,2307.17051101675
PFO1,2023,2,ALTO PARANÁ,PROG.FEP,0.653815747466438
PFO1,2023,2,ALTO PARANÁ,TOTAL FEP,57006.5727038416
PFO1,2023,2,ALTO PARANÁ,ACCID.PENF,7.0
PFO1,2023,2,ALTO PARANÁ,PROG.PENF,0.640353112045996
PFO1,2023,2,ALTO PARANÁ,PROD.PENF,4455.1637442478
PFO1,2023,2,ALTO PARANÁ,TOTAL PENEF,58882.8282536027
PFO10,2023,2,ALTO PARANÁ,ACCID.DEP,5.0
PFO10,2023,2,ALTO PARANÁ,PROG.DEP,0.886141853661118
PFO10,2023,2,ALTO PARANÁ,PROD.DEP,1558.42422429925
PFO10,2023,2,ALTO PARANÁ,ACCID.FEP,6.0
PFO10,2023,2,ALTO PARANÁ,TOTAL DEP,65492.2416364997
PFO10,2023,2,ALTO PARANÁ,PROG.FEP,0.397300793563919
PFO10,2023,2,ALTO PARANÁ,PROD.FEP,2740.81039001671
PFO10,2023,2,ALTO PARANÁ,TOTAL FEP,56194.523467695
PFO10,2023,2,ALTO PARANÁ,ACCID.PENF,9.0
PFO10,2023,2,ALTO PARANÁ,PROG.PENF,0.286793388719722
PFO10,2023,2,ALTO PARANÁ,TOTAL PENEF,55342.2226879492
PFO10,2023,2,ALTO PARANÁ,PROD.PENF,4988.65297069039
PBU1,2023,2,ALTO PARANÁ,PROG.PENF,0.109164971468266
NAR8,2023,2,ALTO PARANÁ,ACCID.DEP,7.0
NAR6,2023,2,ALTO PARANÁ,PROD.PENF,4213.90916621872
PFO11,2023,2,ALTO PARANÁ,ACCID.DEP,0.0
PFO11,2023,2,ALTO PARANÁ,ACCID.FEP,2.0
PFO11,2023,2,ALTO PARANÁ,PROG.FEP,0.802827873413765
PFO11,2023,2,ALTO PARANÁ,PROD.FEP,1087.80265425027
PFO11,2023,2,ALTO PARANÁ,TOTAL FEP,65672.3381107322
PFO11,2023,2,ALTO PARANÁ,ACCID.PENF,1.0
PFO11,2023,2,ALTO PARANÁ,PROG.PENF,0.819238122401331
PFO11,2023,2,ALTO PARANÁ,PROD.PENF,2229.82199779606
PFO11,2023,2,ALTO PARANÁ,TOTAL PENEF,64186.9740906833
PFO12,2023,2,ALTO PARANÁ,ACCID.DEP,2.0
PFO12,2023,2,ALTO PARANÁ,PROG.DEP,0.469789603793453
PFO12,2023,2,ALTO PARANÁ,PROD.DEP,2840.19859861027
PFO12,2023,2,ALTO PARANÁ,TOTAL DEP,65564.3483607807
PFO12,2023,2,ALTO PARANÁ,ACCID.FEP,6.0
PFO12,2023,2,ALTO PARANÁ,PROG.FEP,0.551365126714747
PFO12,2023,2,ALTO PARANÁ,PROD.FEP,2726.16639448652
PFO12,2023,2,ALTO PARANÁ,TOTAL FEP,53126.4728877525
PFO12,2023,2,ALTO PARANÁ,ACCID.PENF,6.0
PFO12,2023,2,ALTO PARANÁ,PROG.PENF,0.856595836945214
PFO12,2023,2,ALTO PARANÁ,PROD.PENF,2147.64700051417
PFO12,2023,2,ALTO PARANÁ,TOTAL PENEF,68694.5711174026
PFO14,2023,2,ALTO PARANÁ,ACCID.DEP,4.0
PFO14,2023,2,ALTO PARANÁ,PROG.DEP,0.626341575559444
PFO14,2023,2,ALTO PARANÁ,PROD.DEP,2317.21244313434
PFO14,2023,2,ALTO PARANÁ,TOTAL DEP,69462.0566899209
PFO14,2023,2,ALTO PARANÁ,ACCID.FEP,2.0
PFO14,2023,2,ALTO PARANÁ,PROG.FEP,0.434556318407329
PFO14,2023,2,ALTO PARANÁ,PROD.FEP,1584.60770983612
PFO14,2023,2,ALTO PARANÁ,TOTAL FEP,66656.4719326658
PFO14,2023,2,ALTO PARANÁ,ACCID.PENF,8.0
PFO14,2023,2,ALTO PARANÁ,PROG.PENF,0.845394450624069
PFO14,2023,2,ALTO PARANÁ,PROD.PENF,1076.0960656002
PFO14,2023,2,ALTO PARANÁ,TOTAL PENEF,51979.2480166786
PFO15,2023,2,ALTO PARANÁ,ACCID.DEP,7.0
PFO15,2023,2,ALTO PARANÁ,PROG.DEP,0.320512223901204
PFO15,2023,2,ALTO PARANÁ,PROD.DEP,1873.21271683975
PFO15,2023,2,ALTO PARANÁ,TOTAL DEP,55210.5171598061
PFO15,2023,2,ALTO PARANÁ,ACCID.FEP,3.0
PFO15,2023,2,ALTO PARANÁ,PROG.FEP,0.75362511201314
PFO15,2023,2,ALTO PARANÁ,PROD.FEP,3269.83370136729
PFO15,2023,2,ALTO PARANÁ,TOTAL FEP,65447.0346597259
PFO15,2023,2,ALTO PARANÁ,ACCID.PENF,5.0
PFO15,2023,2,ALTO PARANÁ,PROG.PENF,0.309892348063243
PFO15,2023,2,ALTO PARANÁ,PROD.PENF,2005.55086081514
PFO15,2023,2,ALTO PARANÁ,TOTAL PENEF,59765.4963199871
PFO16,2023,2,ALTO PARANÁ,ACCID.DEP,8.0
PFO16,2023,2,ALTO PARANÁ,PROG.DEP,0.483574229604773
PFO16,2023,2,ALTO PARANÁ,PROD.DEP,1993.27788032157
PFO16,2023,2,ALTO PARANÁ,TOTAL DEP,54067.4505252822
PFO16,2023,2,ALTO PARANÁ,ACCID.FEP,3.0
PFO16,2023,2,ALTO PARANÁ,PROG.FEP,0.359717242308857
PFO16,2023,2,ALTO PARANÁ,PROD.FEP,3873.06196458305
PFO16,2023,2,ALTO PARANÁ,TOTAL FEP,69342.6478527447
PFO16,2023,2,ALTO PARANÁ,ACCID.PENF,3.0
PFO16,2023,2,ALTO PARANÁ,PROG.PENF,0.277317569342424
PFO16,2023,2,ALTO PARANÁ,PROD.PENF,4361.30888800373
PFO16,2023,2,ALTO PARANÁ,TOTAL PENEF,64034.4103316588
PFO17,2023,2,ALTO PARANÁ,ACCID.DEP,5.0
PFO17,2023,2,ALTO PARANÁ,PROG.DEP,0.600560143393505
PFO17,2023,2,ALTO PARANÁ,PROD.DEP,1982.04433211605
PFO17,2023,2,ALTO PARANÁ,TOTAL DEP,52785.9391557585
PFO17,2023,2,ALTO PARANÁ,ACCID.FEP,6.0
PFO17,2023,2,ALTO PARANÁ,PROG.FEP,0.236124858340058
PFO17,2023,2,ALTO PARANÁ,PROD.FEP,3703.94238290164
PFO17,2023,2,ALTO PARANÁ,TOTAL FEP,65434.0083732413
PFO17,2023,2,ALTO PARANÁ,ACCID.PENF,3.0
PFO17,2023,2,ALTO PARANÁ,PROG.PENF,0.576891093158944
PFO17,2023,2,ALTO PARANÁ,PROD.PENF,4912.42460990535
PFO17,2023,2,ALTO PARANÁ,TOTAL PENEF,56595.7216330547
PFO2,2023,2,ALTO PARANÁ,ACCID.DEP,2.0
PFO2,2023,2,ALTO PARANÁ,PROG.DEP,0.434671051290652
PFO2,2023,2,ALTO PARANÁ,PROD.DEP,4678.12965526361
PFO2,2023,2,ALTO PARANÁ,TOTAL DEP,56062.9557986688
PFO2,2023,2,ALTO PARANÁ,ACCID.FEP,3.0
PFO2,2023,2,ALTO PARANÁ,PROG.FEP,0.8033947121257
PFO2,2023,2,ALTO PARANÁ,PROD.FEP,2939.77396106499
PFO2,2023,2,ALTO PARANÁ,TOTAL FEP,52612.4157502962
PFO2,2023,2,ALTO PARANÁ,ACCID.PENF,8.0
PFO2,2023,2,ALTO PARANÁ,PROG.PENF,0.126594311022017
PFO2,2023,2,ALTO PARANÁ,PROD.PENF,2605.27501646464
PFO2,2023,2,ALTO PARANÁ,TOTAL PENEF,66793.5722307185
PFO3,2023,2,ALTO PARANÁ,ACCID.DEP,3.0
PFO3,2023,2,ALTO PARANÁ,PROG.DEP,0.125537922377498
PFO3,2023,2,ALTO PARANÁ,PROD.DEP,1745.7772662718
PFO3,2023,2,ALTO PARANÁ,TOTAL DEP,65562.7344529305
PFO3,2023,2,ALTO PARANÁ,ACCID.FEP,7.0
PFO3,2023,2,ALTO PARANÁ,PROG.FEP,0.176166413659276
PFO3,2023,2,ALTO PARANÁ,PROD.FEP,2767.4512122716
PFO3,2023,2,ALTO PARANÁ,TOTAL FEP,64090.9953500799
PFO3,2023,2,ALTO PARANÁ,ACCID.PENF,0.0
PFO3,2023,2,ALTO PARANÁ,PROG.PENF,0.958876079257164
PFO3,2023,2,ALTO PARANÁ,PROD.PENF,4572.35197357353
PFO3,2023,2,ALTO PARANÁ,TOTAL PENEF,65230.9651868113
PFO4,2023,2,ALTO PARANÁ,ACCID.DEP,6.0
PFO4,2023,2,ALTO PARANÁ,PROG.DEP,0.509973733754819
PFO4,2023,2,ALTO PARANÁ,PROD.DEP,1333.48464820739
PFO4,2023,2,ALTO PARANÁ,TOTAL DEP,59379.6374813856
PFO11,2023,2,ALTO PARANÁ,TOTAL DEP,55470.0545534634
PFO11,2023,2,ALTO PARANÁ,PROD.DEP,4652.82432697645
PFO11,2023,2,ALTO PARANÁ,PROG.DEP,0.920661788996472
PFO4,2023,2,ALTO PARANÁ,ACCID.FEP,3.0
PFO4,2023,2,ALTO PARANÁ,ACCID.PENF,3.0
PFO4,2023,2,ALTO PARANÁ,PROG.PENF,0.828398791656327
PFO4,2023,2,ALTO PARANÁ,PROD.PENF,1632.49573854116
PFO4,2023,2,ALTO PARANÁ,TOTAL PENEF,58943.554360335
PFO5,2023,2,ALTO PARANÁ,ACCID.DEP,3.0
PFO5,2023,2,ALTO PARANÁ,PROG.DEP,0.973607366898397
PFO5,2023,2,ALTO PARANÁ,PROD.DEP,4661.05332290454
PFO5,2023,2,ALTO PARANÁ,TOTAL DEP,53201.6831151794
PFO5,2023,2,ALTO PARANÁ,ACCID.FEP,9.0
PFO5,2023,2,ALTO PARANÁ,PROG.FEP,0.337719638424881
PFO5,2023,2,ALTO PARANÁ,PROD.FEP,3327.98630651032
PFO5,2023,2,ALTO PARANÁ,TOTAL FEP,55881.6185236728
PFO5,2023,2,ALTO PARANÁ,ACCID.PENF,8.0
PFO5,2023,2,ALTO PARANÁ,PROG.PENF,0.621785594531688
PFO5,2023,2,ALTO PARANÁ,PROD.PENF,2795.82644592494
PFO5,2023,2,ALTO PARANÁ,TOTAL PENEF,66492.5703940464
PFO6,2023,2,ALTO PARANÁ,ACCID.DEP,0.0
PFO6,2023,2,ALTO PARANÁ,PROG.DEP,0.909307671894794
PFO6,2023,2,ALTO PARANÁ,PROD.DEP,2702.32415960857
PFO6,2023,2,ALTO PARANÁ,TOTAL DEP,63009.610588369
PFO6,2023,2,ALTO PARANÁ,ACCID.FEP,7.0
PFO6,2023,2,ALTO PARANÁ,PROG.FEP,0.330038602762806
PFO6,2023,2,ALTO PARANÁ,PROD.FEP,4594.36866444608
PFO6,2023,2,ALTO PARANÁ,TOTAL FEP,69719.5109263867
PFO6,2023,2,ALTO PARANÁ,ACCID.PENF,9.0
PFO6,2023,2,ALTO PARANÁ,PROG.PENF,0.579676341333181
PFO6,2023,2,ALTO PARANÁ,PROD.PENF,4500.11137304061
PFO6,2023,2,ALTO PARANÁ,TOTAL PENEF,61164.0665549012
PFO7,2023,2,ALTO PARANÁ,ACCID.DEP,5.0
PFO7,2023,2,ALTO PARANÁ,PROG.DEP,0.75477911113116
PFO7,2023,2,ALTO PARANÁ,PROD.DEP,3489.48655741036
PFO7,2023,2,ALTO PARANÁ,TOTAL DEP,64727.1599800239
PFO7,2023,2,ALTO PARANÁ,ACCID.FEP,9.0
PFO7,2023,2,ALTO PARANÁ,PROG.FEP,0.669028813868297
PFO7,2023,2,ALTO PARANÁ,PROD.FEP,3847.81598755455
PFO7,2023,2,ALTO PARANÁ,TOTAL FEP,61810.4446000338
PFO7,2023,2,ALTO PARANÁ,ACCID.PENF,1.0
PFO7,2023,2,ALTO PARANÁ,PROG.PENF,0.206965816011856
PFO7,2023,2,ALTO PARANÁ,PROD.PENF,3008.25344967646
PFO7,2023,2,ALTO PARANÁ,TOTAL PENEF,61838.1572647632
PFO8,2023,2,ALTO PARANÁ,ACCID.DEP,4.0
PFO8,2023,2,ALTO PARANÁ,PROG.DEP,0.450362429341537
PFO8,2023,2,ALTO PARANÁ,PROD.DEP,3335.88672644109
PFO8,2023,2,ALTO PARANÁ,TOTAL DEP,51198.4037748017
PFO8,2023,2,ALTO PARANÁ,PROG.FEP,0.416032002969376
PFO8,2023,2,ALTO PARANÁ,ACCID.FEP,1.0
PFO8,2023,2,ALTO PARANÁ,PROD.FEP,1916.8392477516
PFO8,2023,2,ALTO PARANÁ,TOTAL FEP,59416.2497155295
PFO8,2023,2,ALTO PARANÁ,ACCID.PENF,0.0
PFO8,2023,2,ALTO PARANÁ,PROG.PENF,0.825427322901031
PFO8,2023,2,ALTO PARANÁ,PROD.PENF,3088.95411053472
PFO8,2023,2,ALTO PARANÁ,TOTAL PENEF,68112.7778836065
PFO9,2023,2,ALTO PARANÁ,ACCID.DEP,1.0
PFO9,2023,2,ALTO PARANÁ,PROG.DEP,0.67304991728666
PFO9,2023,2,ALTO PARANÁ,PROD.DEP,3781.48081707946
PFO9,2023,2,ALTO PARANÁ,TOTAL DEP,65746.0328243681
PFO9,2023,2,ALTO PARANÁ,ACCID.FEP,1.0
PFO9,2023,2,ALTO PARANÁ,PROG.FEP,0.441390769996194
PFO9,2023,2,ALTO PARANÁ,PROD.FEP,4722.4196146942
PFO9,2023,2,ALTO PARANÁ,TOTAL FEP,53443.8720643778
PFO9,2023,2,ALTO PARANÁ,ACCID.PENF,8.0
PFO9,2023,2,ALTO PARANÁ,PROG.PENF,0.889312537675179
PFO9,2023,2,ALTO PARANÁ,PROD.PENF,3885.27370970691
PFO9,2023,2,ALTO PARANÁ,TOTAL PENEF,64158.4323073714
PIH1,2023,2,ALTO PARANÁ,ACCID.DEP,6.0
PIH1,2023,2,ALTO PARANÁ,PROG.DEP,0.839805064001886
PIH1,2023,2,ALTO PARANÁ,PROD.DEP,2766.47388540956
PIH1,2023,2,ALTO PARANÁ,TOTAL DEP,60868.5997919188
PIH1,2023,2,ALTO PARANÁ,ACCID.FEP,5.0
PIH1,2023,2,ALTO PARANÁ,PROG.FEP,0.416138057620494
PIH1,2023,2,ALTO PARANÁ,PROD.FEP,4275.08932080764
PIH1,2023,2,ALTO PARANÁ,TOTAL FEP,52033.12294969
PIH1,2023,2,ALTO PARANÁ,ACCID.PENF,6.0
PIH1,2023,2,ALTO PARANÁ,PROG.PENF,0.523190998567803
PIH1,2023,2,ALTO PARANÁ,PROD.PENF,2981.93531153856
PIH1,2023,2,ALTO PARANÁ,TOTAL PENEF,60130.1277352355
PIH2,2023,2,ALTO PARANÁ,ACCID.DEP,4.0
PIH2,2023,2,ALTO PARANÁ,PROG.DEP,0.607693611459042
PIH2,2023,2,ALTO PARANÁ,PROD.DEP,4521.44625765558
PIH2,2023,2,ALTO PARANÁ,TOTAL DEP,66977.096959239
PIH2,2023,2,ALTO PARANÁ,ACCID.FEP,6.0
PIH2,2023,2,ALTO PARANÁ,PROG.FEP,0.421145837238511
PIH2,2023,2,ALTO PARANÁ,PROD.FEP,1928.62976628241
PIH2,2023,2,ALTO PARANÁ,TOTAL FEP,66786.3433707235
PIH2,2023,2,ALTO PARANÁ,ACCID.PENF,5.0
PIH2,2023,2,ALTO PARANÁ,PROG.PENF,0.84048243480458
PIH2,2023,2,ALTO PARANÁ,PROD.PENF,2342.27038311943
PIH2,2023,2,ALTO PARANÁ,TOTAL PENEF,55433.9999220214
PIH3,2023,2,ALTO PARANÁ,ACCID.DEP,7.0
PIH3,2023,2,ALTO PARANÁ,PROG.DEP,0.693376210967515
PIH3,2023,2,ALTO PARANÁ,PROD.DEP,2385.41232089278
PIH3,2023,2,ALTO PARANÁ,TOTAL DEP,59497.734400815
PIH3,2023,2,ALTO PARANÁ,ACCID.FEP,2.0
PIH3,2023,2,ALTO PARANÁ,PROG.FEP,0.329063921874054
PIH3,2023,2,ALTO PARANÁ,PROD.FEP,2509.92174165428
PIH3,2023,2,ALTO PARANÁ,TOTAL FEP,57892.5019922946
PFO4,2023,2,ALTO PARANÁ,PROD.FEP,1117.19036501491
PFO4,2023,2,ALTO PARANÁ,TOTAL FEP,65388.3687266535
PFO4,2023,2,ALTO PARANÁ,PROG.FEP,0.717228374826644
PIH3,2023,2,ALTO PARANÁ,ACCID.PENF,3.0
PIH4,2023,2,ALTO PARANÁ,ACCID.DEP,2.0
PIH4,2023,2,ALTO PARANÁ,PROG.DEP,0.479606401645305
PIH4,2023,2,ALTO PARANÁ,PROD.DEP,3592.36190270644
PIH4,2023,2,ALTO PARANÁ,TOTAL DEP,68661.9618609522
PIH4,2023,2,ALTO PARANÁ,ACCID.FEP,2.0
PIH4,2023,2,ALTO PARANÁ,PROG.FEP,0.317408267892013
PIH4,2023,2,ALTO PARANÁ,PROD.FEP,4570.40496129324
PIH4,2023,2,ALTO PARANÁ,TOTAL FEP,59696.1203710452
PIH4,2023,2,ALTO PARANÁ,ACCID.PENF,8.0
PIH4,2023,2,ALTO PARANÁ,PROG.PENF,0.489341604925882
PIH4,2023,2,ALTO PARANÁ,PROD.PENF,2746.68542380861
PIH4,2023,2,ALTO PARANÁ,TOTAL PENEF,58210.7124518212
PIH5,2023,2,ALTO PARANÁ,ACCID.DEP,0.0
PIH5,2023,2,ALTO PARANÁ,PROG.DEP,0.279341759683071
PIH5,2023,2,ALTO PARANÁ,PROD.DEP,4480.52688849942
PIH5,2023,2,ALTO PARANÁ,TOTAL DEP,54114.8229819626
PIH5,2023,2,ALTO PARANÁ,ACCID.FEP,2.0
PIH5,2023,2,ALTO PARANÁ,PROG.FEP,0.824745080673678
PIH5,2023,2,ALTO PARANÁ,PROD.FEP,2323.49521289114
PIH5,2023,2,ALTO PARANÁ,TOTAL FEP,55319.5044260349
PIH5,2023,2,ALTO PARANÁ,ACCID.PENF,3.0
PIH5,2023,2,ALTO PARANÁ,PROG.PENF,0.451602671556534
PIH5,2023,2,ALTO PARANÁ,PROD.PENF,2248.35510344309
PIH5,2023,2,ALTO PARANÁ,TOTAL PENEF,56875.0082320166
SGA1,2023,2,CANINDEYU,ACCID.DEP,8.0
SGA1,2023,2,CANINDEYU,PROG.DEP,0.977491168973818
SGA1,2023,2,CANINDEYU,PROD.DEP,2628.92880551679
SGA1,2023,2,CANINDEYU,TOTAL DEP,63994.1457190762
SGA1,2023,2,CANINDEYU,ACCID.FEP,5.0
SGA1,2023,2,CANINDEYU,PROG.FEP,0.656589770147989
SGA1,2023,2,CANINDEYU,PROD.FEP,4217.68609537602
SGA1,2023,2,CANINDEYU,TOTAL FEP,55462.4321156128
SGA1,2023,2,CANINDEYU,ACCID.PENF,7.0
SGA1,2023,2,CANINDEYU,PROG.PENF,0.911547085589227
SGA1,2023,2,CANINDEYU,PROD.PENF,3323.06087845437
SGA1,2023,2,CANINDEYU,TOTAL PENEF,51833.2347744246
SGA2,2023,2,CANINDEYU,ACCID.DEP,1.0
SGA2,2023,2,CANINDEYU,PROG.DEP,0.839122699797442
SGA2,2023,2,CANINDEYU,PROD.DEP,4816.06150070274
SGA2,2023,2,CANINDEYU,TOTAL DEP,66523.4064075379
SGA2,2023,2,CANINDEYU,ACCID.FEP,0.0
SGA2,2023,2,CANINDEYU,PROG.FEP,0.939120533416666
SGA2,2023,2,CANINDEYU,TOTAL FEP,56877.5384594568
SGA2,2023,2,CANINDEYU,PROD.FEP,4034.01125743836
SGA2,2023,2,CANINDEYU,ACCID.PENF,0.0
SGA2,2023,2,CANINDEYU,PROG.PENF,0.700596319916618
SGA2,2023,2,CANINDEYU,PROD.PENF,2596.9494954516
SGA2,2023,2,CANINDEYU,TOTAL PENEF,65797.6484935954
SGA3,2023,2,CANINDEYU,ACCID.DEP,4.0
SGA3,2023,2,CANINDEYU,PROG.DEP,0.587553521649701
SGA3,2023,2,CANINDEYU,PROD.DEP,3285.62088407319
SGA3,2023,2,CANINDEYU,TOTAL DEP,68513.6555513798
SGA3,2023,2,CANINDEYU,ACCID.FEP,9.0
SGA3,2023,2,CANINDEYU,PROG.FEP,0.266051072785568
SGA3,2023,2,CANINDEYU,PROD.FEP,2895.77995520028
SGA3,2023,2,CANINDEYU,TOTAL FEP,69249.4860295689
SGA3,2023,2,CANINDEYU,ACCID.PENF,4.0
SGA3,2023,2,CANINDEYU,PROG.PENF,0.781510074658559
SGA3,2023,2,CANINDEYU,PROD.PENF,2262.47259528282
SGA3,2023,2,CANINDEYU,TOTAL PENEF,52305.401680798
SGA4,2023,2,CANINDEYU,ACCID.DEP,2.0
SGA4,2023,2,CANINDEYU,PROG.DEP,0.518426359586705
SGA4,2023,2,CANINDEYU,PROD.DEP,2885.55440747295
SGA4,2023,2,CANINDEYU,TOTAL DEP,56375.0752638526
SGA4,2023,2,CANINDEYU,ACCID.FEP,2.0
SGA4,2023,2,CANINDEYU,PROG.FEP,0.788329254173483
SGA4,2023,2,CANINDEYU,PROD.FEP,1260.41741388172
SGA4,2023,2,CANINDEYU,TOTAL FEP,58331.0645237868
SGA4,2023,2,CANINDEYU,ACCID.PENF,9.0
SGA4,2023,2,CANINDEYU,PROG.PENF,0.406749312705489
SGA4,2023,2,CANINDEYU,PROD.PENF,3947.85643387487
SGA4,2023,2,CANINDEYU,TOTAL PENEF,51567.0657149126
SGA5,2023,2,CANINDEYU,ACCID.DEP,6.0
SGA5,2023,2,CANINDEYU,PROG.DEP,0.123629910810721
SGA5,2023,2,CANINDEYU,PROD.DEP,1542.63189037504
SGA5,2023,2,CANINDEYU,TOTAL DEP,69462.0009988947
SGA5,2023,2,CANINDEYU,ACCID.FEP,6.0
SGA5,2023,2,CANINDEYU,PROG.FEP,0.231967735935621
SGA5,2023,2,CANINDEYU,PROD.FEP,1415.82039150393
SGA5,2023,2,CANINDEYU,TOTAL FEP,66337.4994513284
SGA5,2023,2,CANINDEYU,ACCID.PENF,8.0
SGA5,2023,2,CANINDEYU,PROG.PENF,0.294455111231491
SGA5,2023,2,CANINDEYU,PROD.PENF,2169.38476954948
SGA5,2023,2,CANINDEYU,TOTAL PENEF,58214.9269128575
SGA6,2023,2,CANINDEYU,ACCID.DEP,0.0
SGA6,2023,2,CANINDEYU,PROG.DEP,0.151813989932321
SGA6,2023,2,CANINDEYU,PROD.DEP,4804.91922989865
SGA6,2023,2,CANINDEYU,TOTAL DEP,55221.5665570578
SGA6,2023,2,CANINDEYU,ACCID.FEP,2.0
SGA6,2023,2,CANINDEYU,PROG.FEP,0.522780028833822
SGA6,2023,2,CANINDEYU,PROD.FEP,2633.29425588238
SGA6,2023,2,CANINDEYU,ACCID.PENF,6.0
SGA6,2023,2,CANINDEYU,PROG.PENF,0.304512632057609
SGA6,2023,2,CANINDEYU,TOTAL FEP,64326.3393275966
SGA6,2023,2,CANINDEYU,PROD.PENF,3183.63572386708
SGA6,2023,2,CANINDEYU,TOTAL PENEF,69768.2255661004
PIH3,2023,2,ALTO PARANÁ,PROD.PENF,3922.93205456642
PIH3,2023,2,ALTO PARANÁ,TOTAL PENEF,69713.5680383002
PIH3,2023,2,ALTO PARANÁ,PROG.PENF,0.603251696165405
SRI1,2023,2,ALTO PARANÁ,ACCID.DEP,8.0
SRI1,2023,2,ALTO PARANÁ,ACCID.FEP,2.0
SRI1,2023,2,ALTO PARANÁ,PROG.FEP,0.170764930121606
SRI1,2023,2,ALTO PARANÁ,PROD.FEP,1859.78179697935
SRI1,2023,2,ALTO PARANÁ,TOTAL FEP,50523.2981367209
SRI1,2023,2,ALTO PARANÁ,ACCID.PENF,8.0
SRI1,2023,2,ALTO PARANÁ,PROG.PENF,0.842007912650968
SRI1,2023,2,ALTO PARANÁ,PROD.PENF,3434.07803405831
SRI1,2023,2,ALTO PARANÁ,TOTAL PENEF,55818.8460724938
SRI2,2023,2,ALTO PARANÁ,ACCID.DEP,8.0
SRI2,2023,2,ALTO PARANÁ,PROG.DEP,0.747798010091247
SRI2,2023,2,ALTO PARANÁ,PROD.DEP,2205.58551802505
SRI2,2023,2,ALTO PARANÁ,TOTAL DEP,66380.4296101615
SRI2,2023,2,ALTO PARANÁ,ACCID.FEP,3.0
SRI2,2023,2,ALTO PARANÁ,PROG.FEP,0.930923612690227
SRI2,2023,2,ALTO PARANÁ,PROD.FEP,4257.16514531844
SRI2,2023,2,ALTO PARANÁ,TOTAL FEP,55861.0569608201
SRI2,2023,2,ALTO PARANÁ,ACCID.PENF,2.0
SRI2,2023,2,ALTO PARANÁ,PROG.PENF,0.271595201227823
SRI2,2023,2,ALTO PARANÁ,PROD.PENF,4662.33662509791
SRI2,2023,2,ALTO PARANÁ,TOTAL PENEF,60289.2311766929
SRI3,2023,2,ALTO PARANÁ,ACCID.DEP,1.0
SRI3,2023,2,ALTO PARANÁ,PROG.DEP,0.441058843759354
SRI3,2023,2,ALTO PARANÁ,PROD.DEP,2129.23626611061
SRI3,2023,2,ALTO PARANÁ,TOTAL DEP,50322.08008085
SRI3,2023,2,ALTO PARANÁ,ACCID.FEP,8.0
SRI3,2023,2,ALTO PARANÁ,PROG.FEP,0.436329439220014
SRI3,2023,2,ALTO PARANÁ,PROD.FEP,4270.65432143059
SRI3,2023,2,ALTO PARANÁ,TOTAL FEP,56416.6947906363
SRI3,2023,2,ALTO PARANÁ,ACCID.PENF,3.0
SRI3,2023,2,ALTO PARANÁ,PROG.PENF,0.673982174845334
SRI3,2023,2,ALTO PARANÁ,PROD.PENF,1995.59774582674
SRI3,2023,2,ALTO PARANÁ,TOTAL PENEF,65425.6495228512
SRI4,2023,2,ALTO PARANÁ,ACCID.DEP,8.0
SRI4,2023,2,ALTO PARANÁ,PROG.DEP,0.378279220075568
SRI4,2023,2,ALTO PARANÁ,PROD.DEP,1964.35244794862
SRI4,2023,2,ALTO PARANÁ,TOTAL DEP,63922.9673207821
SRI4,2023,2,ALTO PARANÁ,ACCID.FEP,8.0
SRI4,2023,2,ALTO PARANÁ,PROG.FEP,0.444655081512665
SRI4,2023,2,ALTO PARANÁ,PROD.FEP,3069.83949093754
SRI4,2023,2,ALTO PARANÁ,TOTAL FEP,53047.3488703403
SRI4,2023,2,ALTO PARANÁ,ACCID.PENF,6.0
SRI4,2023,2,ALTO PARANÁ,PROG.PENF,0.199852264758764
SRI1,2023,2,ALTO PARANÁ,PROG.DEP,0.356361246054328
SRI4,2023,2,ALTO PARANÁ,TOTAL PENEF,68288.4710897318
ACY1,2023,3,ALTO PARANÁ,ACCID.DEP,2.0
ACY1,2023,3,ALTO PARANÁ,PROG.DEP,0.212207178895694
ACY1,2023,3,ALTO PARANÁ,PROD.DEP,1304.80351339088
SRI1,2023,2,ALTO PARANÁ,PROD.DEP,2242.42890609256
ACY1,2023,3,ALTO PARANÁ,ACCID.FEP,9.0
SRI1,2023,2,ALTO PARANÁ,TOTAL DEP,69627.5910174123
ACY1,2023,3,ALTO PARANÁ,PROD.FEP,3353.32846809376
ACY1,2023,3,ALTO PARANÁ,TOTAL FEP,56701.8561850928
ACY1,2023,3,ALTO PARANÁ,ACCID.PENF,3.0
ACY1,2023,3,ALTO PARANÁ,PROG.PENF,0.771319012302
ACY1,2023,3,ALTO PARANÁ,PROD.PENF,2939.63223103132
ACY1,2023,3,ALTO PARANÁ,TOTAL PENEF,56970.3116632141
ACY2,2023,3,ALTO PARANÁ,ACCID.DEP,2.0
ACY2,2023,3,ALTO PARANÁ,PROG.DEP,0.112629139759891
ACY2,2023,3,ALTO PARANÁ,PROD.DEP,4316.83042693367
ACY2,2023,3,ALTO PARANÁ,TOTAL DEP,65050.7643024095
ACY2,2023,3,ALTO PARANÁ,ACCID.FEP,4.0
ACY2,2023,3,ALTO PARANÁ,PROG.FEP,0.519395552108606
ACY2,2023,3,ALTO PARANÁ,PROD.FEP,1538.44129330122
ACY2,2023,3,ALTO PARANÁ,TOTAL FEP,55603.7761505649
ACY2,2023,3,ALTO PARANÁ,ACCID.PENF,6.0
ACY2,2023,3,ALTO PARANÁ,PROG.PENF,0.82076054196992
ACY2,2023,3,ALTO PARANÁ,PROD.PENF,1488.57376495254
ACY2,2023,3,ALTO PARANÁ,TOTAL PENEF,64383.2526575544
ACY3,2023,3,ALTO PARANÁ,ACCID.DEP,5.0
ACY3,2023,3,ALTO PARANÁ,PROG.DEP,0.437114130233492
ACY3,2023,3,ALTO PARANÁ,PROD.DEP,2422.01259317991
ACY3,2023,3,ALTO PARANÁ,TOTAL DEP,66634.9126355177
ACY3,2023,3,ALTO PARANÁ,ACCID.FEP,0.0
ACY3,2023,3,ALTO PARANÁ,PROG.FEP,0.662332771943536
ACY3,2023,3,ALTO PARANÁ,PROD.FEP,4046.65768939273
ACY3,2023,3,ALTO PARANÁ,TOTAL FEP,68747.0166662283
ACY3,2023,3,ALTO PARANÁ,ACCID.PENF,0.0
ACY3,2023,3,ALTO PARANÁ,PROG.PENF,0.899760817742649
ACY3,2023,3,ALTO PARANÁ,PROD.PENF,4841.97855131586
ACY3,2023,3,ALTO PARANÁ,TOTAL PENEF,56418.6722479115
ACY4,2023,3,ALTO PARANÁ,ACCID.DEP,9.0
ACY4,2023,3,ALTO PARANÁ,PROG.DEP,0.911861683104845
ACY4,2023,3,ALTO PARANÁ,PROD.DEP,2119.37966493859
ACY4,2023,3,ALTO PARANÁ,TOTAL DEP,65324.5768455188
ACY4,2023,3,ALTO PARANÁ,ACCID.FEP,7.0
ACY4,2023,3,ALTO PARANÁ,PROG.FEP,0.290839515843335
ACY4,2023,3,ALTO PARANÁ,PROD.FEP,3148.49971327376
ACY4,2023,3,ALTO PARANÁ,TOTAL FEP,59918.1383962458
ACY4,2023,3,ALTO PARANÁ,ACCID.PENF,0.0
ACY4,2023,3,ALTO PARANÁ,PROG.PENF,0.402126409059842
ACY4,2023,3,ALTO PARANÁ,PROD.PENF,3388.38379546079
ACY4,2023,3,ALTO PARANÁ,TOTAL PENEF,52994.5109365287
ACY5,2023,3,ALTO PARANÁ,ACCID.DEP,7.0
ACY5,2023,3,ALTO PARANÁ,PROG.DEP,0.63031976231712
ACY5,2023,3,ALTO PARANÁ,PROD.DEP,3031.24324668676
ACY5,2023,3,ALTO PARANÁ,TOTAL DEP,66842.7437608286
ACY1,2023,3,ALTO PARANÁ,PROG.FEP,0.195524653388827
SRI4,2023,2,ALTO PARANÁ,PROD.PENF,1879.03306819398
ACY1,2023,3,ALTO PARANÁ,TOTAL DEP,65313.8492203125
ACY5,2023,3,ALTO PARANÁ,ACCID.FEP,1.0
ACY5,2023,3,ALTO PARANÁ,ACCID.PENF,3.0
ACY5,2023,3,ALTO PARANÁ,PROG.PENF,0.618053105803113
ACY5,2023,3,ALTO PARANÁ,PROD.PENF,4218.24744124891
ACY5,2023,3,ALTO PARANÁ,TOTAL PENEF,60571.6129577782
ACY6,2023,3,ALTO PARANÁ,ACCID.DEP,2.0
ACY6,2023,3,ALTO PARANÁ,PROG.DEP,0.633477893642868
ACY6,2023,3,ALTO PARANÁ,PROD.DEP,1428.7408608591
ACY6,2023,3,ALTO PARANÁ,TOTAL DEP,69613.8631529226
ACY6,2023,3,ALTO PARANÁ,ACCID.FEP,3.0
ACY6,2023,3,ALTO PARANÁ,PROG.FEP,0.772956700526948
ACY6,2023,3,ALTO PARANÁ,PROD.FEP,1678.2530581878
ACY6,2023,3,ALTO PARANÁ,TOTAL FEP,59464.2828139894
ACY6,2023,3,ALTO PARANÁ,ACCID.PENF,7.0
ACY6,2023,3,ALTO PARANÁ,PROG.PENF,0.478069356893841
ACY6,2023,3,ALTO PARANÁ,PROD.PENF,1850.20524154888
ACY6,2023,3,ALTO PARANÁ,TOTAL PENEF,66230.5869361315
ACY7,2023,3,ALTO PARANÁ,ACCID.DEP,2.0
ACY7,2023,3,ALTO PARANÁ,PROG.DEP,0.781576586987684
ACY7,2023,3,ALTO PARANÁ,PROD.DEP,2352.15646495853
ACY7,2023,3,ALTO PARANÁ,TOTAL DEP,57160.9110850766
ACY7,2023,3,ALTO PARANÁ,ACCID.FEP,2.0
ACY7,2023,3,ALTO PARANÁ,PROG.FEP,0.52935175536627
ACY7,2023,3,ALTO PARANÁ,PROD.FEP,4321.6576092748
ACY7,2023,3,ALTO PARANÁ,TOTAL FEP,56034.7625942307
ACY7,2023,3,ALTO PARANÁ,ACCID.PENF,6.0
ACY7,2023,3,ALTO PARANÁ,PROG.PENF,0.466747743243364
ACY7,2023,3,ALTO PARANÁ,PROD.PENF,1354.54601460415
ACY7,2023,3,ALTO PARANÁ,TOTAL PENEF,60051.2575942745
ACY8,2023,3,ALTO PARANÁ,ACCID.DEP,2.0
ACY8,2023,3,ALTO PARANÁ,PROG.DEP,0.981443752001318
ACY8,2023,3,ALTO PARANÁ,PROD.DEP,3434.43352164315
ACY8,2023,3,ALTO PARANÁ,TOTAL DEP,50744.224572103
ACY8,2023,3,ALTO PARANÁ,ACCID.FEP,3.0
ACY8,2023,3,ALTO PARANÁ,PROG.FEP,0.236221505268093
ACY8,2023,3,ALTO PARANÁ,PROD.FEP,3051.73492156395
ACY8,2023,3,ALTO PARANÁ,TOTAL FEP,65270.7583582549
ACY8,2023,3,ALTO PARANÁ,ACCID.PENF,2.0
ACY8,2023,3,ALTO PARANÁ,PROG.PENF,0.556873648025934
ACY8,2023,3,ALTO PARANÁ,PROD.PENF,2672.77032779709
ACY8,2023,3,ALTO PARANÁ,TOTAL PENEF,69161.2842653527
ACY9,2023,3,ALTO PARANÁ,ACCID.DEP,8.0
ACY9,2023,3,ALTO PARANÁ,PROG.DEP,0.941993345259926
ACY9,2023,3,ALTO PARANÁ,PROD.DEP,3126.2510862586
ACY9,2023,3,ALTO PARANÁ,TOTAL DEP,56842.7495659141
ACY9,2023,3,ALTO PARANÁ,ACCID.FEP,6.0
ACY9,2023,3,ALTO PARANÁ,PROG.FEP,0.424485662449285
ACY9,2023,3,ALTO PARANÁ,PROD.FEP,4238.87684541344
ACY9,2023,3,ALTO PARANÁ,TOTAL FEP,53893.5342694296
ACY9,2023,3,ALTO PARANÁ,ACCID.PENF,5.0
ACY9,2023,3,ALTO PARANÁ,PROG.PENF,0.306596884977243
ACY9,2023,3,ALTO PARANÁ,PROD.PENF,3673.31556208102
ACY9,2023,3,ALTO PARANÁ,TOTAL PENEF,50114.5114063918
APR10,2023,3,ALTO PARANÁ,ACCID.DEP,3.0
APR10,2023,3,ALTO PARANÁ,PROG.DEP,0.81439796722262
APR10,2023,3,ALTO PARANÁ,PROD.DEP,4238.25712094439
APR10,2023,3,ALTO PARANÁ,TOTAL DEP,56458.0090961995
APR10,2023,3,ALTO PARANÁ,ACCID.FEP,3.0
APR10,2023,3,ALTO PARANÁ,PROG.FEP,0.728777868490194
APR10,2023,3,ALTO PARANÁ,PROD.FEP,3701.26795107059
APR10,2023,3,ALTO PARANÁ,TOTAL FEP,54306.7363752915
APR10,2023,3,ALTO PARANÁ,ACCID.PENF,7.0
APR10,2023,3,ALTO PARANÁ,PROG.PENF,0.282401235758356
APR10,2023,3,ALTO PARANÁ,PROD.PENF,1821.29895497808
APR10,2023,3,ALTO PARANÁ,TOTAL PENEF,61706.835205362
APR11,2023,3,ALTO PARANÁ,ACCID.DEP,3.0
APR11,2023,3,ALTO PARANÁ,PROG.DEP,0.781864208646475
APR11,2023,3,ALTO PARANÁ,PROD.DEP,4472.67115924314
APR11,2023,3,ALTO PARANÁ,TOTAL DEP,63643.3784763165
APR11,2023,3,ALTO PARANÁ,ACCID.FEP,4.0
APR11,2023,3,ALTO PARANÁ,PROG.FEP,0.875782501933968
APR11,2023,3,ALTO PARANÁ,PROD.FEP,1024.39627002947
APR11,2023,3,ALTO PARANÁ,TOTAL FEP,58857.058700954
APR11,2023,3,ALTO PARANÁ,ACCID.PENF,6.0
APR11,2023,3,ALTO PARANÁ,PROG.PENF,0.609139088748071
APR11,2023,3,ALTO PARANÁ,PROD.PENF,2814.68070898274
APR11,2023,3,ALTO PARANÁ,TOTAL PENEF,51350.2525326171
APR12,2023,3,ALTO PARANÁ,ACCID.DEP,7.0
APR12,2023,3,ALTO PARANÁ,PROG.DEP,0.753854471282195
APR12,2023,3,ALTO PARANÁ,PROD.DEP,4289.5863669326
APR12,2023,3,ALTO PARANÁ,TOTAL DEP,57504.3607827252
APR12,2023,3,ALTO PARANÁ,ACCID.FEP,4.0
APR12,2023,3,ALTO PARANÁ,PROG.FEP,0.67110503231727
APR12,2023,3,ALTO PARANÁ,PROD.FEP,4295.62092575644
APR12,2023,3,ALTO PARANÁ,TOTAL FEP,60548.8251859684
APR12,2023,3,ALTO PARANÁ,ACCID.PENF,3.0
APR12,2023,3,ALTO PARANÁ,PROG.PENF,0.159220256376727
APR12,2023,3,ALTO PARANÁ,PROD.PENF,2179.98029154876
APR12,2023,3,ALTO PARANÁ,TOTAL PENEF,53880.1918454631
APR13,2023,3,ALTO PARANÁ,ACCID.DEP,8.0
APR13,2023,3,ALTO PARANÁ,PROG.DEP,0.658805894214023
APR13,2023,3,ALTO PARANÁ,PROD.DEP,3517.51178681822
APR13,2023,3,ALTO PARANÁ,TOTAL DEP,58966.4347205235
APR13,2023,3,ALTO PARANÁ,ACCID.FEP,8.0
APR13,2023,3,ALTO PARANÁ,PROG.FEP,0.258060809270977
APR13,2023,3,ALTO PARANÁ,PROD.FEP,1277.62885100813
APR13,2023,3,ALTO PARANÁ,TOTAL FEP,65795.640862714
ACY5,2023,3,ALTO PARANÁ,PROD.FEP,3913.89388142025
ACY5,2023,3,ALTO PARANÁ,TOTAL FEP,54055.4458250247
ACY5,2023,3,ALTO PARANÁ,PROG.FEP,0.917567925614982
APR13,2023,3,ALTO PARANÁ,ACCID.PENF,8.0
APR14,2023,3,ALTO PARANÁ,ACCID.DEP,4.0
APR14,2023,3,ALTO PARANÁ,PROG.DEP,0.548942765604554
APR14,2023,3,ALTO PARANÁ,PROD.DEP,3768.35332330783
APR13,2023,3,ALTO PARANÁ,PROG.PENF,0.323373073050029
APR14,2023,3,ALTO PARANÁ,ACCID.FEP,2.0
APR14,2023,3,ALTO PARANÁ,PROG.FEP,0.536722473636635
APR14,2023,3,ALTO PARANÁ,PROD.FEP,2536.44901852681
APR14,2023,3,ALTO PARANÁ,TOTAL FEP,62598.955027362
APR14,2023,3,ALTO PARANÁ,ACCID.PENF,2.0
APR14,2023,3,ALTO PARANÁ,PROG.PENF,0.649929071462008
APR14,2023,3,ALTO PARANÁ,PROD.PENF,1728.78121540585
APR14,2023,3,ALTO PARANÁ,TOTAL PENEF,50405.2894559779
APR2,2023,3,ALTO PARANÁ,ACCID.DEP,9.0
APR2,2023,3,ALTO PARANÁ,PROG.DEP,0.965705384845966
APR2,2023,3,ALTO PARANÁ,PROD.DEP,2043.67602459945
APR2,2023,3,ALTO PARANÁ,TOTAL DEP,53025.6976402566
APR2,2023,3,ALTO PARANÁ,ACCID.FEP,4.0
APR2,2023,3,ALTO PARANÁ,PROG.FEP,0.76744645949902
APR2,2023,3,ALTO PARANÁ,PROD.FEP,3485.20582894824
APR2,2023,3,ALTO PARANÁ,TOTAL FEP,53203.9023548336
APR2,2023,3,ALTO PARANÁ,ACCID.PENF,5.0
APR2,2023,3,ALTO PARANÁ,PROG.PENF,0.941024262992443
APR2,2023,3,ALTO PARANÁ,PROD.PENF,3227.01546116476
APR2,2023,3,ALTO PARANÁ,TOTAL PENEF,51996.3394869145
APR3,2023,3,ALTO PARANÁ,ACCID.DEP,5.0
APR3,2023,3,ALTO PARANÁ,PROG.DEP,0.956270597542928
APR3,2023,3,ALTO PARANÁ,PROD.DEP,3315.51259908376
APR3,2023,3,ALTO PARANÁ,TOTAL DEP,62375.6312750139
APR3,2023,3,ALTO PARANÁ,ACCID.FEP,9.0
APR3,2023,3,ALTO PARANÁ,PROG.FEP,0.368669491412052
APR3,2023,3,ALTO PARANÁ,PROD.FEP,1477.22132851394
APR3,2023,3,ALTO PARANÁ,TOTAL FEP,65533.2483742065
APR3,2023,3,ALTO PARANÁ,ACCID.PENF,6.0
APR3,2023,3,ALTO PARANÁ,PROG.PENF,0.587804544822309
APR3,2023,3,ALTO PARANÁ,PROD.PENF,3553.47180397779
APR3,2023,3,ALTO PARANÁ,TOTAL PENEF,66098.0079288547
APR4,2023,3,ALTO PARANÁ,ACCID.DEP,8.0
APR13,2023,3,ALTO PARANÁ,PROD.PENF,3241.09342800331
APR4,2023,3,ALTO PARANÁ,PROD.DEP,4881.66124921692
APR4,2023,3,ALTO PARANÁ,TOTAL DEP,66555.5325608194
APR4,2023,3,ALTO PARANÁ,ACCID.FEP,3.0
APR4,2023,3,ALTO PARANÁ,PROG.FEP,0.410358058461184
APR4,2023,3,ALTO PARANÁ,PROD.FEP,2806.64987223588
APR4,2023,3,ALTO PARANÁ,TOTAL FEP,65993.654498585
APR4,2023,3,ALTO PARANÁ,ACCID.PENF,3.0
APR4,2023,3,ALTO PARANÁ,PROG.PENF,0.460249527875828
APR4,2023,3,ALTO PARANÁ,PROD.PENF,2986.84800503239
APR4,2023,3,ALTO PARANÁ,TOTAL PENEF,63843.6666912077
APR5,2023,3,ALTO PARANÁ,ACCID.DEP,5.0
APR5,2023,3,ALTO PARANÁ,PROG.DEP,0.766301762766725
APR5,2023,3,ALTO PARANÁ,PROD.DEP,2111.77229056582
APR5,2023,3,ALTO PARANÁ,TOTAL DEP,62191.0963083221
APR5,2023,3,ALTO PARANÁ,ACCID.FEP,2.0
APR5,2023,3,ALTO PARANÁ,PROG.FEP,0.810413644814935
APR5,2023,3,ALTO PARANÁ,PROD.FEP,2443.69451629681
APR5,2023,3,ALTO PARANÁ,TOTAL FEP,64735.5870428912
APR5,2023,3,ALTO PARANÁ,ACCID.PENF,8.0
APR5,2023,3,ALTO PARANÁ,PROG.PENF,0.45133056932655
APR5,2023,3,ALTO PARANÁ,PROD.PENF,4538.95300854256
APR5,2023,3,ALTO PARANÁ,TOTAL PENEF,66388.3836598002
APR6,2023,3,ALTO PARANÁ,PROG.DEP,0.245567356877049
APR6,2023,3,ALTO PARANÁ,ACCID.DEP,6.0
APR6,2023,3,ALTO PARANÁ,PROD.DEP,1889.54336062796
APR6,2023,3,ALTO PARANÁ,TOTAL DEP,59726.9172748376
APR6,2023,3,ALTO PARANÁ,ACCID.FEP,6.0
APR6,2023,3,ALTO PARANÁ,PROG.FEP,0.574257295247433
APR6,2023,3,ALTO PARANÁ,PROD.FEP,3208.08199266947
APR6,2023,3,ALTO PARANÁ,TOTAL FEP,67073.6475404379
APR6,2023,3,ALTO PARANÁ,ACCID.PENF,5.0
APR6,2023,3,ALTO PARANÁ,PROG.PENF,0.478636743770195
APR6,2023,3,ALTO PARANÁ,PROD.PENF,1099.9655147807
APR6,2023,3,ALTO PARANÁ,TOTAL PENEF,62169.4397001668
APR8,2023,3,ALTO PARANÁ,ACCID.DEP,4.0
APR8,2023,3,ALTO PARANÁ,PROG.DEP,0.280909609127714
APR8,2023,3,ALTO PARANÁ,PROD.DEP,1704.49183013953
APR8,2023,3,ALTO PARANÁ,TOTAL DEP,54141.2309872601
APR8,2023,3,ALTO PARANÁ,ACCID.FEP,5.0
APR8,2023,3,ALTO PARANÁ,PROG.FEP,0.982753210184864
APR8,2023,3,ALTO PARANÁ,PROD.FEP,4714.97040294544
APR8,2023,3,ALTO PARANÁ,TOTAL FEP,61615.9188976309
APR8,2023,3,ALTO PARANÁ,ACCID.PENF,6.0
APR8,2023,3,ALTO PARANÁ,PROG.PENF,0.516749433823723
APR8,2023,3,ALTO PARANÁ,PROD.PENF,1447.33180611097
APR8,2023,3,ALTO PARANÁ,TOTAL PENEF,63878.1472624415
APR9,2023,3,ALTO PARANÁ,ACCID.DEP,6.0
APR9,2023,3,ALTO PARANÁ,PROG.DEP,0.662904212396257
APR9,2023,3,ALTO PARANÁ,PROD.DEP,3281.23982254144
APR9,2023,3,ALTO PARANÁ,TOTAL DEP,60616.3900159817
APR9,2023,3,ALTO PARANÁ,ACCID.FEP,9.0
APR9,2023,3,ALTO PARANÁ,PROG.FEP,0.259452000978988
APR9,2023,3,ALTO PARANÁ,PROD.FEP,2183.09382067618
APR9,2023,3,ALTO PARANÁ,TOTAL FEP,67791.0149593876
APR9,2023,3,ALTO PARANÁ,ACCID.PENF,6.0
APR9,2023,3,ALTO PARANÁ,PROG.PENF,0.629331890570496
APR9,2023,3,ALTO PARANÁ,PROD.PENF,1709.41930811706
APR9,2023,3,ALTO PARANÁ,TOTAL PENEF,69855.1232165114
APR4,2023,3,ALTO PARANÁ,PROG.DEP,0.385989732432904
APR13,2023,3,ALTO PARANÁ,TOTAL PENEF,56513.2331488257
APR14,2023,3,ALTO PARANÁ,TOTAL DEP,62404.2787845967
CAT1,2023,3,CANINDEYU,ACCID.DEP,4.0
CAT1,2023,3,CANINDEYU,PROG.DEP,0.500193366234747
CAT1,2023,3,CANINDEYU,PROG.FEP,0.587403037100517
CAT1,2023,3,CANINDEYU,PROD.FEP,2898.31233405234
CAT1,2023,3,CANINDEYU,TOTAL FEP,66239.2836437703
CAT1,2023,3,CANINDEYU,ACCID.PENF,9.0
CAT1,2023,3,CANINDEYU,PROG.PENF,0.511191038716578
CAT1,2023,3,CANINDEYU,PROD.PENF,2058.11443743283
CAT1,2023,3,CANINDEYU,TOTAL PENEF,69239.2152645773
CAT10,2023,3,CANINDEYU,ACCID.DEP,8.0
CAT10,2023,3,CANINDEYU,PROG.DEP,0.365120849673494
CAT10,2023,3,CANINDEYU,PROD.DEP,3517.1157036007
CAT10,2023,3,CANINDEYU,TOTAL DEP,61729.8948423239
CAT10,2023,3,CANINDEYU,PROG.FEP,0.404645769971458
CAT10,2023,3,CANINDEYU,ACCID.FEP,3.0
CAT10,2023,3,CANINDEYU,PROD.FEP,2216.28584520945
CAT10,2023,3,CANINDEYU,TOTAL FEP,57746.5355346819
CAT10,2023,3,CANINDEYU,ACCID.PENF,6.0
CAT10,2023,3,CANINDEYU,PROG.PENF,0.16202500088727
CAT10,2023,3,CANINDEYU,PROD.PENF,2916.85053951774
CAT10,2023,3,CANINDEYU,TOTAL PENEF,59379.9759736185
CAT11,2023,3,CANINDEYU,ACCID.DEP,7.0
CAT11,2023,3,CANINDEYU,PROG.DEP,0.545724638965974
CAT11,2023,3,CANINDEYU,PROD.DEP,4482.50107798292
CAT11,2023,3,CANINDEYU,TOTAL DEP,62504.351140522
CAT11,2023,3,CANINDEYU,ACCID.FEP,0.0
CAT11,2023,3,CANINDEYU,PROG.FEP,0.82266032058242
CAT11,2023,3,CANINDEYU,PROD.FEP,2701.11259493314
CAT11,2023,3,CANINDEYU,TOTAL FEP,53906.5622151591
CAT11,2023,3,CANINDEYU,ACCID.PENF,6.0
CAT11,2023,3,CANINDEYU,PROG.PENF,0.185537546223276
CAT11,2023,3,CANINDEYU,PROD.PENF,1173.12028680979
CAT11,2023,3,CANINDEYU,TOTAL PENEF,57808.4646230149
CAT2,2023,3,CANINDEYU,ACCID.DEP,9.0
CAT2,2023,3,CANINDEYU,PROG.DEP,0.892601718386528
CAT2,2023,3,CANINDEYU,PROD.DEP,1124.99621918901
CAT2,2023,3,CANINDEYU,TOTAL DEP,51267.4998371828
CAT2,2023,3,CANINDEYU,ACCID.FEP,0.0
CAT2,2023,3,CANINDEYU,PROG.FEP,0.214439680550353
CAT2,2023,3,CANINDEYU,PROD.FEP,2775.4203147158
CAT2,2023,3,CANINDEYU,TOTAL FEP,52355.8862418097
CAT2,2023,3,CANINDEYU,ACCID.PENF,8.0
CAT2,2023,3,CANINDEYU,PROG.PENF,0.355757396297982
CAT2,2023,3,CANINDEYU,PROD.PENF,1429.5404914316
CAT2,2023,3,CANINDEYU,TOTAL PENEF,53753.3197159407
CAT3,2023,3,CANINDEYU,ACCID.DEP,8.0
CAT3,2023,3,CANINDEYU,PROG.DEP,0.429845570838176
CAT3,2023,3,CANINDEYU,PROD.DEP,4947.99339812432
CAT3,2023,3,CANINDEYU,ACCID.FEP,9.0
CAT3,2023,3,CANINDEYU,TOTAL DEP,68881.1396465819
CAT3,2023,3,CANINDEYU,PROG.FEP,0.775660658594165
CAT3,2023,3,CANINDEYU,PROD.FEP,4988.24491842842
CAT3,2023,3,CANINDEYU,TOTAL FEP,65013.5755458576
CAT3,2023,3,CANINDEYU,ACCID.PENF,5.0
CAT3,2023,3,CANINDEYU,PROG.PENF,0.805317824917755
CAT3,2023,3,CANINDEYU,PROD.PENF,3234.15652452496
CAT3,2023,3,CANINDEYU,TOTAL PENEF,66014.6702325157
CAT4,2023,3,CANINDEYU,ACCID.DEP,7.0
CAT4,2023,3,CANINDEYU,PROG.DEP,0.674688371118641
CAT4,2023,3,CANINDEYU,PROD.DEP,2437.74666396563
CAT4,2023,3,CANINDEYU,TOTAL DEP,66305.6020417481
CAT4,2023,3,CANINDEYU,ACCID.FEP,7.0
CAT4,2023,3,CANINDEYU,PROG.FEP,0.534083245436523
CAT4,2023,3,CANINDEYU,PROD.FEP,4982.65610274627
CAT4,2023,3,CANINDEYU,TOTAL FEP,61562.3643099708
CAT4,2023,3,CANINDEYU,ACCID.PENF,8.0
CAT4,2023,3,CANINDEYU,PROG.PENF,0.614337059920283
CAT4,2023,3,CANINDEYU,PROD.PENF,1847.34939292075
CAT4,2023,3,CANINDEYU,TOTAL PENEF,54687.3441295324
CAT5,2023,3,CANINDEYU,ACCID.DEP,5.0
CAT5,2023,3,CANINDEYU,PROG.DEP,0.806735944681304
CAT5,2023,3,CANINDEYU,PROD.DEP,4551.65799182725
CAT5,2023,3,CANINDEYU,TOTAL DEP,61690.2178518003
CAT5,2023,3,CANINDEYU,ACCID.FEP,1.0
CAT5,2023,3,CANINDEYU,PROD.FEP,1916.70876186558
CAT5,2023,3,CANINDEYU,PROG.FEP,0.929433643706613
CAT5,2023,3,CANINDEYU,TOTAL FEP,68113.2655462437
CAT5,2023,3,CANINDEYU,PROG.PENF,0.176620637344945
CAT5,2023,3,CANINDEYU,ACCID.PENF,3.0
CAT5,2023,3,CANINDEYU,TOTAL PENEF,62076.6206297652
CAT6,2023,3,CANINDEYU,ACCID.DEP,9.0
CAT5,2023,3,CANINDEYU,PROD.PENF,4286.80406716919
CAT6,2023,3,CANINDEYU,PROG.DEP,0.279321021819858
CAT6,2023,3,CANINDEYU,PROD.DEP,3106.18705966434
CAT6,2023,3,CANINDEYU,ACCID.FEP,2.0
CAT6,2023,3,CANINDEYU,TOTAL DEP,60886.5911980815
CAT6,2023,3,CANINDEYU,PROG.FEP,0.483725152826547
CAT6,2023,3,CANINDEYU,PROD.FEP,2752.46505130229
CAT6,2023,3,CANINDEYU,TOTAL FEP,50709.3765223571
CAT6,2023,3,CANINDEYU,PROG.PENF,0.919060219822538
CAT6,2023,3,CANINDEYU,ACCID.PENF,7.0
CAT6,2023,3,CANINDEYU,PROD.PENF,1115.58597129625
CAT7,2023,3,CANINDEYU,ACCID.DEP,9.0
CAT7,2023,3,CANINDEYU,PROG.DEP,0.454907099158487
CAT6,2023,3,CANINDEYU,TOTAL PENEF,54927.5749079869
CAT7,2023,3,CANINDEYU,PROD.DEP,1620.75113571637
CAT7,2023,3,CANINDEYU,TOTAL DEP,59234.2148591136
CAT1,2023,3,CANINDEYU,TOTAL DEP,54868.5584948425
CAT1,2023,3,CANINDEYU,ACCID.FEP,9.0
CAT1,2023,3,CANINDEYU,PROD.DEP,3482.26469406567
CAT7,2023,3,CANINDEYU,ACCID.FEP,5.0
CAT7,2023,3,CANINDEYU,ACCID.PENF,5.0
CAT7,2023,3,CANINDEYU,PROG.PENF,0.826418139108874
CAT7,2023,3,CANINDEYU,PROD.PENF,1906.06087882666
CAT7,2023,3,CANINDEYU,TOTAL PENEF,63188.6896448862
CAT8,2023,3,CANINDEYU,ACCID.DEP,8.0
CAT8,2023,3,CANINDEYU,PROG.DEP,0.654888103526371
CAT8,2023,3,CANINDEYU,PROD.DEP,1678.07649117584
CAT8,2023,3,CANINDEYU,TOTAL DEP,68666.7283659092
CAT8,2023,3,CANINDEYU,ACCID.FEP,0.0
CAT8,2023,3,CANINDEYU,PROG.FEP,0.255048402187723
CAT8,2023,3,CANINDEYU,PROD.FEP,4972.37434050174
CAT8,2023,3,CANINDEYU,TOTAL FEP,64171.7562757296
CAT8,2023,3,CANINDEYU,ACCID.PENF,0.0
CAT8,2023,3,CANINDEYU,PROG.PENF,0.851417678559245
CAT8,2023,3,CANINDEYU,PROD.PENF,1262.97510934839
CAT8,2023,3,CANINDEYU,TOTAL PENEF,60123.3441101902
CAT9,2023,3,CANINDEYU,ACCID.DEP,8.0
CAT9,2023,3,CANINDEYU,PROG.DEP,0.724397865839708
CAT9,2023,3,CANINDEYU,PROD.DEP,1251.63435446607
CAT9,2023,3,CANINDEYU,TOTAL DEP,69077.232682087
CAT9,2023,3,CANINDEYU,ACCID.FEP,7.0
CAT9,2023,3,CANINDEYU,PROG.FEP,0.811245496832097
CAT9,2023,3,CANINDEYU,PROD.FEP,4470.15365593719
CAT9,2023,3,CANINDEYU,TOTAL FEP,56187.7616814188
CAT9,2023,3,CANINDEYU,ACCID.PENF,8.0
CAT9,2023,3,CANINDEYU,PROG.PENF,0.931784927456783
CAT9,2023,3,CANINDEYU,PROD.PENF,4203.71100845109
CAT9,2023,3,CANINDEYU,TOTAL PENEF,68853.2944094655
CUR1,2023,3,CANINDEYU,ACCID.DEP,2.0
CUR1,2023,3,CANINDEYU,PROG.DEP,0.159304912050574
CUR1,2023,3,CANINDEYU,PROD.DEP,1185.96989406687
CUR1,2023,3,CANINDEYU,TOTAL DEP,52957.8977720257
CUR1,2023,3,CANINDEYU,ACCID.FEP,5.0
CUR1,2023,3,CANINDEYU,PROG.FEP,0.439151145463401
CUR1,2023,3,CANINDEYU,PROD.FEP,3447.84186032693
CUR1,2023,3,CANINDEYU,TOTAL FEP,69900.9585605477
CUR1,2023,3,CANINDEYU,ACCID.PENF,0.0
CUR1,2023,3,CANINDEYU,PROG.PENF,0.888470970007504
CUR1,2023,3,CANINDEYU,PROD.PENF,4712.72566082683
CUR1,2023,3,CANINDEYU,TOTAL PENEF,50321.0044815252
CUR2,2023,3,CANINDEYU,ACCID.DEP,1.0
CUR2,2023,3,CANINDEYU,PROG.DEP,0.803254378424813
CUR2,2023,3,CANINDEYU,PROD.DEP,2342.82336588636
CUR2,2023,3,CANINDEYU,TOTAL DEP,55007.9604786836
CUR2,2023,3,CANINDEYU,ACCID.FEP,5.0
CUR2,2023,3,CANINDEYU,PROG.FEP,0.852643310698552
CUR2,2023,3,CANINDEYU,PROD.FEP,4268.39329788476
CUR2,2023,3,CANINDEYU,TOTAL FEP,57544.7902797277
CUR2,2023,3,CANINDEYU,ACCID.PENF,1.0
CUR2,2023,3,CANINDEYU,PROG.PENF,0.732414007946562
CUR2,2023,3,CANINDEYU,PROD.PENF,2416.92969726998
CUR2,2023,3,CANINDEYU,TOTAL PENEF,66566.4058667873
CUR3,2023,3,CANINDEYU,ACCID.DEP,5.0
CUR3,2023,3,CANINDEYU,PROG.DEP,0.472675474321033
CUR3,2023,3,CANINDEYU,PROD.DEP,3685.11644157233
CUR3,2023,3,CANINDEYU,TOTAL DEP,65549.6559268151
CUR3,2023,3,CANINDEYU,ACCID.FEP,0.0
CUR3,2023,3,CANINDEYU,PROG.FEP,0.949079141935294
CUR3,2023,3,CANINDEYU,PROD.FEP,1903.08704448825
CUR3,2023,3,CANINDEYU,TOTAL FEP,51720.8453855202
CUR3,2023,3,CANINDEYU,ACCID.PENF,7.0
CUR3,2023,3,CANINDEYU,PROG.PENF,0.459508136149359
CUR3,2023,3,CANINDEYU,PROD.PENF,4981.47266079434
CUR3,2023,3,CANINDEYU,TOTAL PENEF,50674.0130502363
CUR4,2023,3,CANINDEYU,ACCID.DEP,6.0
CUR4,2023,3,CANINDEYU,PROG.DEP,0.555266050017254
CUR4,2023,3,CANINDEYU,PROD.DEP,1791.01329850325
CUR4,2023,3,CANINDEYU,TOTAL DEP,69874.3207521677
CUR4,2023,3,CANINDEYU,ACCID.FEP,0.0
CUR4,2023,3,CANINDEYU,PROG.FEP,0.829962774515286
CUR4,2023,3,CANINDEYU,PROD.FEP,4285.62741814377
CUR4,2023,3,CANINDEYU,TOTAL FEP,53529.5657886441
CUR4,2023,3,CANINDEYU,ACCID.PENF,0.0
CUR4,2023,3,CANINDEYU,PROG.PENF,0.611893017901449
CUR4,2023,3,CANINDEYU,PROD.PENF,2478.94373283672
CUR4,2023,3,CANINDEYU,TOTAL PENEF,56185.6138712222
CUR5,2023,3,CANINDEYU,ACCID.DEP,7.0
CUR5,2023,3,CANINDEYU,PROG.DEP,0.468157394136035
CUR5,2023,3,CANINDEYU,PROD.DEP,1580.94356538902
CUR5,2023,3,CANINDEYU,TOTAL DEP,67341.6413407351
CUR5,2023,3,CANINDEYU,ACCID.FEP,3.0
CUR5,2023,3,CANINDEYU,PROG.FEP,0.753622175317447
CUR5,2023,3,CANINDEYU,PROD.FEP,3306.33519034372
CUR5,2023,3,CANINDEYU,TOTAL FEP,67974.8148879441
CUR5,2023,3,CANINDEYU,ACCID.PENF,8.0
CAT7,2023,3,CANINDEYU,PROD.FEP,1677.80312050231
CUR5,2023,3,CANINDEYU,PROD.PENF,1330.08949509856
CUR5,2023,3,CANINDEYU,TOTAL PENEF,60106.262556406
DES10,2023,3,ALTO PARANÁ,ACCID.DEP,1.0
DES10,2023,3,ALTO PARANÁ,PROG.DEP,0.555949374614759
DES10,2023,3,ALTO PARANÁ,PROD.DEP,4832.56686632795
DES10,2023,3,ALTO PARANÁ,TOTAL DEP,63525.8528016958
DES10,2023,3,ALTO PARANÁ,ACCID.FEP,4.0
DES10,2023,3,ALTO PARANÁ,PROG.FEP,0.86904029362619
DES10,2023,3,ALTO PARANÁ,PROD.FEP,3353.76318429448
DES10,2023,3,ALTO PARANÁ,TOTAL FEP,58625.5720486088
CUR5,2023,3,CANINDEYU,PROG.PENF,0.313205014527643
CAT7,2023,3,CANINDEYU,TOTAL FEP,61431.2571344094
CAT7,2023,3,CANINDEYU,PROG.FEP,0.637244879048065
DES10,2023,3,ALTO PARANÁ,ACCID.PENF,6.0
DES10,2023,3,ALTO PARANÁ,PROG.PENF,0.128515643123418
DES3,2023,3,ALTO PARANÁ,PROG.DEP,0.446114714067054
DES3,2023,3,ALTO PARANÁ,PROD.DEP,2777.18596872276
DES3,2023,3,ALTO PARANÁ,TOTAL DEP,64700.6790330126
DES3,2023,3,ALTO PARANÁ,ACCID.FEP,7.0
DES3,2023,3,ALTO PARANÁ,PROG.FEP,0.540555778840046
DES3,2023,3,ALTO PARANÁ,PROD.FEP,4739.97219276023
DES3,2023,3,ALTO PARANÁ,TOTAL FEP,65533.2525525926
DES3,2023,3,ALTO PARANÁ,ACCID.PENF,0.0
DES3,2023,3,ALTO PARANÁ,PROG.PENF,0.466979905304415
DES3,2023,3,ALTO PARANÁ,PROD.PENF,1574.25797713472
DES3,2023,3,ALTO PARANÁ,TOTAL PENEF,69781.6364614978
DES4,2023,3,ALTO PARANÁ,ACCID.DEP,4.0
DES4,2023,3,ALTO PARANÁ,PROG.DEP,0.703876524210141
DES4,2023,3,ALTO PARANÁ,PROD.DEP,2152.13947915443
DES4,2023,3,ALTO PARANÁ,TOTAL DEP,66579.3924621355
DES4,2023,3,ALTO PARANÁ,ACCID.FEP,1.0
DES4,2023,3,ALTO PARANÁ,PROG.FEP,0.778553179962552
DES4,2023,3,ALTO PARANÁ,PROD.FEP,2587.23531666046
DES4,2023,3,ALTO PARANÁ,TOTAL FEP,67877.653106456
DES4,2023,3,ALTO PARANÁ,ACCID.PENF,7.0
DES4,2023,3,ALTO PARANÁ,PROG.PENF,0.910697436930749
DES4,2023,3,ALTO PARANÁ,PROD.PENF,2592.31724162397
DES4,2023,3,ALTO PARANÁ,TOTAL PENEF,53412.8300181604
DES5,2023,3,ALTO PARANÁ,ACCID.DEP,4.0
DES5,2023,3,ALTO PARANÁ,PROG.DEP,0.674085307007102
DES5,2023,3,ALTO PARANÁ,PROD.DEP,1242.23650881215
DES5,2023,3,ALTO PARANÁ,TOTAL DEP,68373.0179807643
DES5,2023,3,ALTO PARANÁ,ACCID.FEP,8.0
DES5,2023,3,ALTO PARANÁ,PROG.FEP,0.729668578813902
DES5,2023,3,ALTO PARANÁ,PROD.FEP,2196.72113729295
DES5,2023,3,ALTO PARANÁ,TOTAL FEP,67245.4670369019
DES5,2023,3,ALTO PARANÁ,ACCID.PENF,8.0
DES5,2023,3,ALTO PARANÁ,PROG.PENF,0.967488280016151
DES5,2023,3,ALTO PARANÁ,PROD.PENF,3715.67523310874
DES5,2023,3,ALTO PARANÁ,TOTAL PENEF,68283.6859025281
DES8,2023,3,ALTO PARANÁ,ACCID.DEP,8.0
DES8,2023,3,ALTO PARANÁ,PROG.DEP,0.308752683913982
DES8,2023,3,ALTO PARANÁ,PROD.DEP,4945.65635782695
DES8,2023,3,ALTO PARANÁ,TOTAL DEP,68243.966534537
DES8,2023,3,ALTO PARANÁ,ACCID.FEP,6.0
DES8,2023,3,ALTO PARANÁ,PROG.FEP,0.840880701954012
DES10,2023,3,ALTO PARANÁ,TOTAL PENEF,68845.2595220552
DES8,2023,3,ALTO PARANÁ,TOTAL FEP,54221.8472581356
DES8,2023,3,ALTO PARANÁ,ACCID.PENF,0.0
DES8,2023,3,ALTO PARANÁ,PROG.PENF,0.730691463850994
DES8,2023,3,ALTO PARANÁ,PROD.PENF,4527.87129091741
DES8,2023,3,ALTO PARANÁ,TOTAL PENEF,57186.3985929447
DES9,2023,3,ALTO PARANÁ,ACCID.DEP,9.0
DES9,2023,3,ALTO PARANÁ,PROG.DEP,0.377703145922988
DES9,2023,3,ALTO PARANÁ,PROD.DEP,4006.04127181288
DES9,2023,3,ALTO PARANÁ,TOTAL DEP,54378.0105429632
DES9,2023,3,ALTO PARANÁ,ACCID.FEP,4.0
DES9,2023,3,ALTO PARANÁ,PROG.FEP,0.231435472066886
DES9,2023,3,ALTO PARANÁ,PROD.FEP,2598.71827456719
DES9,2023,3,ALTO PARANÁ,TOTAL FEP,69566.7355626879
DES9,2023,3,ALTO PARANÁ,ACCID.PENF,7.0
DES9,2023,3,ALTO PARANÁ,PROG.PENF,0.871724414922803
DES9,2023,3,ALTO PARANÁ,PROD.PENF,2999.94583104107
DES9,2023,3,ALTO PARANÁ,TOTAL PENEF,50150.353066297
HER1,2023,3,ALTO PARANÁ,ACCID.DEP,6.0
HER1,2023,3,ALTO PARANÁ,PROG.DEP,0.188807260459719
HER1,2023,3,ALTO PARANÁ,PROD.DEP,3181.3793835586
HER1,2023,3,ALTO PARANÁ,TOTAL DEP,66720.4171871789
HER1,2023,3,ALTO PARANÁ,ACCID.FEP,5.0
HER1,2023,3,ALTO PARANÁ,PROG.FEP,0.375571773181824
HER1,2023,3,ALTO PARANÁ,PROD.FEP,2893.58650174951
HER1,2023,3,ALTO PARANÁ,TOTAL FEP,65982.301195648
HER1,2023,3,ALTO PARANÁ,ACCID.PENF,3.0
HER1,2023,3,ALTO PARANÁ,PROG.PENF,0.90958599972841
HER1,2023,3,ALTO PARANÁ,PROD.PENF,4414.97726376694
HER1,2023,3,ALTO PARANÁ,TOTAL PENEF,65723.6575104579
HER10,2023,3,ALTO PARANÁ,ACCID.DEP,4.0
HER10,2023,3,ALTO PARANÁ,PROG.DEP,0.360717358469971
HER10,2023,3,ALTO PARANÁ,PROD.DEP,3546.37790332432
HER10,2023,3,ALTO PARANÁ,TOTAL DEP,64161.8999615733
HER10,2023,3,ALTO PARANÁ,ACCID.FEP,0.0
HER10,2023,3,ALTO PARANÁ,PROG.FEP,0.130483384671893
HER10,2023,3,ALTO PARANÁ,PROD.FEP,2798.0639847509
HER10,2023,3,ALTO PARANÁ,ACCID.PENF,1.0
HER10,2023,3,ALTO PARANÁ,TOTAL FEP,54112.4449277389
HER10,2023,3,ALTO PARANÁ,PROG.PENF,0.649776728934157
HER10,2023,3,ALTO PARANÁ,PROD.PENF,1950.61949655459
HER10,2023,3,ALTO PARANÁ,TOTAL PENEF,64964.4787658409
HER2,2023,3,ALTO PARANÁ,ACCID.DEP,5.0
HER2,2023,3,ALTO PARANÁ,PROD.DEP,4202.97045013837
HER2,2023,3,ALTO PARANÁ,TOTAL DEP,53356.7821217323
HER2,2023,3,ALTO PARANÁ,PROG.DEP,0.703848001176664
HER2,2023,3,ALTO PARANÁ,ACCID.FEP,2.0
HER2,2023,3,ALTO PARANÁ,PROG.FEP,0.704696535731239
HER2,2023,3,ALTO PARANÁ,PROD.FEP,1314.37183873111
HER2,2023,3,ALTO PARANÁ,ACCID.PENF,1.0
HER2,2023,3,ALTO PARANÁ,PROG.PENF,0.193000678543102
HER2,2023,3,ALTO PARANÁ,TOTAL FEP,52184.7895658079
HER2,2023,3,ALTO PARANÁ,PROD.PENF,3734.5970543149
HER2,2023,3,ALTO PARANÁ,TOTAL PENEF,52116.6603256722
DES8,2023,3,ALTO PARANÁ,PROD.FEP,2108.24630218599
DES3,2023,3,ALTO PARANÁ,ACCID.DEP,2.0
DES10,2023,3,ALTO PARANÁ,PROD.PENF,2132.39635101592
HER7,2023,3,ALTO PARANÁ,ACCID.DEP,7.0
HER7,2023,3,ALTO PARANÁ,ACCID.FEP,1.0
HER7,2023,3,ALTO PARANÁ,PROD.DEP,2581.86625889423
HER7,2023,3,ALTO PARANÁ,PROD.FEP,4638.37130030653
HER7,2023,3,ALTO PARANÁ,TOTAL FEP,65583.9593207786
HER7,2023,3,ALTO PARANÁ,ACCID.PENF,0.0
HER7,2023,3,ALTO PARANÁ,PROD.PENF,1093.56774491579
HER7,2023,3,ALTO PARANÁ,PROG.PENF,0.671355653981497
HER7,2023,3,ALTO PARANÁ,TOTAL PENEF,53264.8385940297
HER8,2023,3,ALTO PARANÁ,ACCID.DEP,1.0
HER8,2023,3,ALTO PARANÁ,PROG.DEP,0.472018356810975
HER8,2023,3,ALTO PARANÁ,PROD.DEP,2590.22625463009
HER8,2023,3,ALTO PARANÁ,TOTAL DEP,69369.8811155979
HER8,2023,3,ALTO PARANÁ,ACCID.FEP,7.0
HER8,2023,3,ALTO PARANÁ,PROG.FEP,0.42753334866262
HER8,2023,3,ALTO PARANÁ,PROD.FEP,3413.3336507763
HER8,2023,3,ALTO PARANÁ,TOTAL FEP,69872.2391669968
HER8,2023,3,ALTO PARANÁ,ACCID.PENF,9.0
HER8,2023,3,ALTO PARANÁ,PROG.PENF,0.198473987913545
HER8,2023,3,ALTO PARANÁ,PROD.PENF,2711.94625692615
HER8,2023,3,ALTO PARANÁ,TOTAL PENEF,58977.5348033984
HER9,2023,3,ALTO PARANÁ,ACCID.DEP,4.0
HER9,2023,3,ALTO PARANÁ,PROG.DEP,0.252900420389037
HER9,2023,3,ALTO PARANÁ,PROD.DEP,3747.21713509737
HER9,2023,3,ALTO PARANÁ,TOTAL DEP,56491.8085161344
HER9,2023,3,ALTO PARANÁ,ACCID.FEP,9.0
HER9,2023,3,ALTO PARANÁ,PROG.FEP,0.669482974018144
HER9,2023,3,ALTO PARANÁ,PROD.FEP,3681.95626459922
HER9,2023,3,ALTO PARANÁ,TOTAL FEP,64759.678158073
HER9,2023,3,ALTO PARANÁ,ACCID.PENF,7.0
HER9,2023,3,ALTO PARANÁ,PROG.PENF,0.503235733946258
HER9,2023,3,ALTO PARANÁ,PROD.PENF,2205.34873586899
HER9,2023,3,ALTO PARANÁ,TOTAL PENEF,52379.7634418873
IRY1,2023,3,ALTO PARANÁ,ACCID.DEP,5.0
IRY1,2023,3,ALTO PARANÁ,PROG.DEP,0.322119701941594
IRY1,2023,3,ALTO PARANÁ,PROD.DEP,2231.84823524993
IRY1,2023,3,ALTO PARANÁ,TOTAL DEP,60441.7919029691
IRY1,2023,3,ALTO PARANÁ,ACCID.FEP,3.0
IRY1,2023,3,ALTO PARANÁ,PROG.FEP,0.823131071365909
IRY1,2023,3,ALTO PARANÁ,PROD.FEP,1736.74473761128
IRY1,2023,3,ALTO PARANÁ,TOTAL FEP,53804.5306703409
IRY1,2023,3,ALTO PARANÁ,ACCID.PENF,0.0
IRY1,2023,3,ALTO PARANÁ,PROG.PENF,0.634846825824881
IRY1,2023,3,ALTO PARANÁ,PROD.PENF,1733.84982720616
IRY1,2023,3,ALTO PARANÁ,TOTAL PENEF,64476.5473864989
IRY2,2023,3,ALTO PARANÁ,ACCID.DEP,2.0
IRY2,2023,3,ALTO PARANÁ,PROG.DEP,0.279048798231436
IRY2,2023,3,ALTO PARANÁ,PROD.DEP,4620.21666620311
IRY2,2023,3,ALTO PARANÁ,TOTAL DEP,55925.0962391277
IRY2,2023,3,ALTO PARANÁ,ACCID.FEP,4.0
IRY2,2023,3,ALTO PARANÁ,PROG.FEP,0.578270882743262
IRY2,2023,3,ALTO PARANÁ,PROD.FEP,1970.57952733646
IRY2,2023,3,ALTO PARANÁ,TOTAL FEP,58801.6456993509
IRY2,2023,3,ALTO PARANÁ,ACCID.PENF,3.0
IRY2,2023,3,ALTO PARANÁ,PROG.PENF,0.347491655237273
IRY2,2023,3,ALTO PARANÁ,PROD.PENF,4578.82785506571
IRY2,2023,3,ALTO PARANÁ,TOTAL PENEF,68105.5099207961
IRY3,2023,3,ALTO PARANÁ,ACCID.DEP,2.0
IRY3,2023,3,ALTO PARANÁ,PROG.DEP,0.50752291497694
IRY3,2023,3,ALTO PARANÁ,PROD.DEP,1263.03060385871
IRY3,2023,3,ALTO PARANÁ,TOTAL DEP,57844.5459095617
IRY3,2023,3,ALTO PARANÁ,ACCID.FEP,8.0
IRY3,2023,3,ALTO PARANÁ,PROG.FEP,0.999598772500052
IRY3,2023,3,ALTO PARANÁ,PROD.FEP,1108.54681487966
IRY3,2023,3,ALTO PARANÁ,TOTAL FEP,58557.7835571529
IRY3,2023,3,ALTO PARANÁ,ACCID.PENF,3.0
IRY3,2023,3,ALTO PARANÁ,PROG.PENF,0.221932471744085
IRY3,2023,3,ALTO PARANÁ,PROD.PENF,2723.15836234803
IRY3,2023,3,ALTO PARANÁ,TOTAL PENEF,57818.3392524767
IRY4,2023,3,ALTO PARANÁ,ACCID.DEP,6.0
IRY4,2023,3,ALTO PARANÁ,PROG.DEP,0.866404010943491
IRY4,2023,3,ALTO PARANÁ,PROD.DEP,1889.6038487662
IRY4,2023,3,ALTO PARANÁ,TOTAL DEP,57639.1565877974
IRY4,2023,3,ALTO PARANÁ,ACCID.FEP,9.0
IRY4,2023,3,ALTO PARANÁ,PROG.FEP,0.148781614116203
IRY4,2023,3,ALTO PARANÁ,PROD.FEP,4637.4593082349
IRY4,2023,3,ALTO PARANÁ,TOTAL FEP,57273.6280431222
IRY4,2023,3,ALTO PARANÁ,ACCID.PENF,0.0
IRY4,2023,3,ALTO PARANÁ,PROG.PENF,0.33367856654675
IRY4,2023,3,ALTO PARANÁ,PROD.PENF,1923.19177915761
IRY4,2023,3,ALTO PARANÁ,TOTAL PENEF,50484.1053421857
JEP1,2023,3,CANINDEYU,ACCID.DEP,7.0
JEP1,2023,3,CANINDEYU,PROG.DEP,0.472301106293426
JEP1,2023,3,CANINDEYU,PROD.DEP,4414.90462169249
JEP1,2023,3,CANINDEYU,TOTAL DEP,63846.3330484268
JEP1,2023,3,CANINDEYU,ACCID.FEP,6.0
JEP1,2023,3,CANINDEYU,PROG.FEP,0.745046665240601
JEP1,2023,3,CANINDEYU,PROD.FEP,2144.62582615316
JEP1,2023,3,CANINDEYU,TOTAL FEP,58418.8141485327
JEP1,2023,3,CANINDEYU,ACCID.PENF,6.0
JEP1,2023,3,CANINDEYU,PROG.PENF,0.99805679662112
JEP1,2023,3,CANINDEYU,PROD.PENF,2119.88455859952
JEP1,2023,3,CANINDEYU,TOTAL PENEF,69273.1053980584
JEP2,2023,3,CANINDEYU,ACCID.DEP,7.0
JEP2,2023,3,CANINDEYU,PROG.DEP,0.855396812102613
JEP2,2023,3,CANINDEYU,PROD.DEP,1548.56028459455
JEP2,2023,3,CANINDEYU,TOTAL DEP,62651.4490340906
HER7,2023,3,ALTO PARANÁ,PROG.FEP,0.26947116003574
HER7,2023,3,ALTO PARANÁ,TOTAL DEP,64168.1650711214
HER7,2023,3,ALTO PARANÁ,PROG.DEP,0.883287360926949
JEP2,2023,3,CANINDEYU,ACCID.FEP,4.0
JEP2,2023,3,CANINDEYU,PROD.FEP,4017.85248868652
JEP2,2023,3,CANINDEYU,PROG.PENF,0.701796408931753
JEP2,2023,3,CANINDEYU,PROD.PENF,1909.29523151742
JEP2,2023,3,CANINDEYU,TOTAL PENEF,65976.2629623519
JEP3,2023,3,CANINDEYU,ACCID.DEP,0.0
JEP3,2023,3,CANINDEYU,PROG.DEP,0.927716738044515
JEP3,2023,3,CANINDEYU,PROD.DEP,4714.19050361871
JEP3,2023,3,CANINDEYU,TOTAL DEP,61236.3494288894
JEP3,2023,3,CANINDEYU,ACCID.FEP,8.0
JEP3,2023,3,CANINDEYU,PROG.FEP,0.913996432938333
JEP3,2023,3,CANINDEYU,PROD.FEP,1133.10200155764
JEP3,2023,3,CANINDEYU,TOTAL FEP,68004.8357173864
JEP3,2023,3,CANINDEYU,ACCID.PENF,7.0
JEP3,2023,3,CANINDEYU,PROG.PENF,0.422330979496662
JEP3,2023,3,CANINDEYU,PROD.PENF,3710.48697865948
JEP3,2023,3,CANINDEYU,TOTAL PENEF,50999.3957925087
JEP4,2023,3,CANINDEYU,ACCID.DEP,2.0
JEP4,2023,3,CANINDEYU,PROG.DEP,0.290324878822215
JEP4,2023,3,CANINDEYU,PROD.DEP,2471.77702360978
JEP4,2023,3,CANINDEYU,TOTAL DEP,64674.0503958894
JEP4,2023,3,CANINDEYU,ACCID.FEP,0.0
JEP4,2023,3,CANINDEYU,PROG.FEP,0.354825614855243
JEP4,2023,3,CANINDEYU,PROD.FEP,1499.30251620776
JEP4,2023,3,CANINDEYU,TOTAL FEP,55952.8663357637
JEP4,2023,3,CANINDEYU,ACCID.PENF,3.0
JEP4,2023,3,CANINDEYU,PROG.PENF,0.383851562810015
JEP4,2023,3,CANINDEYU,PROD.PENF,2637.82570936443
JEP4,2023,3,CANINDEYU,TOTAL PENEF,67737.7005982879
JLM1,2023,3,ALTO PARANÁ,ACCID.DEP,1.0
JLM1,2023,3,ALTO PARANÁ,PROG.DEP,0.700433996731892
JLM1,2023,3,ALTO PARANÁ,PROD.DEP,1401.80802975885
JLM1,2023,3,ALTO PARANÁ,ACCID.FEP,5.0
JLM1,2023,3,ALTO PARANÁ,TOTAL DEP,67802.9881835048
JLM1,2023,3,ALTO PARANÁ,PROG.FEP,0.729039476446891
JLM1,2023,3,ALTO PARANÁ,TOTAL FEP,68333.7205243269
JLM1,2023,3,ALTO PARANÁ,PROD.FEP,2614.2164450853
JLM1,2023,3,ALTO PARANÁ,ACCID.PENF,0.0
JLM1,2023,3,ALTO PARANÁ,PROG.PENF,0.732614420256305
JLM1,2023,3,ALTO PARANÁ,TOTAL PENEF,68477.3237316068
JLM1,2023,3,ALTO PARANÁ,PROD.PENF,1423.41197359872
JLM2,2023,3,ALTO PARANÁ,ACCID.DEP,6.0
JLM2,2023,3,ALTO PARANÁ,PROG.DEP,0.616870705937897
JLM2,2023,3,ALTO PARANÁ,PROD.DEP,3248.25034198084
JLM2,2023,3,ALTO PARANÁ,TOTAL DEP,52761.4408707647
JLM2,2023,3,ALTO PARANÁ,ACCID.FEP,8.0
JLM2,2023,3,ALTO PARANÁ,PROG.FEP,0.116949603656881
JLM2,2023,3,ALTO PARANÁ,PROD.FEP,3445.45578667221
JLM2,2023,3,ALTO PARANÁ,TOTAL FEP,50053.9436273147
JLM2,2023,3,ALTO PARANÁ,ACCID.PENF,6.0
JLM2,2023,3,ALTO PARANÁ,PROG.PENF,0.807997867087128
JLM2,2023,3,ALTO PARANÁ,PROD.PENF,1361.08088196854
JLM2,2023,3,ALTO PARANÁ,TOTAL PENEF,52739.0765907397
JLM3,2023,3,ALTO PARANÁ,ACCID.DEP,2.0
JLM3,2023,3,ALTO PARANÁ,PROG.DEP,0.867928752177097
JLM3,2023,3,ALTO PARANÁ,PROD.DEP,2039.61175346104
JLM3,2023,3,ALTO PARANÁ,TOTAL DEP,55673.1386527763
JLM3,2023,3,ALTO PARANÁ,ACCID.FEP,4.0
JLM3,2023,3,ALTO PARANÁ,PROG.FEP,0.707991291712468
JLM3,2023,3,ALTO PARANÁ,PROD.FEP,3070.66076631622
JLM3,2023,3,ALTO PARANÁ,TOTAL FEP,57268.1032632382
JLM3,2023,3,ALTO PARANÁ,ACCID.PENF,1.0
JLM3,2023,3,ALTO PARANÁ,PROG.PENF,0.596240317797737
JLM3,2023,3,ALTO PARANÁ,PROD.PENF,1802.53628203208
JLM3,2023,3,ALTO PARANÁ,TOTAL PENEF,51736.0965187011
K152,2023,3,ALTO PARANÁ,ACCID.DEP,8.0
K152,2023,3,ALTO PARANÁ,PROG.DEP,0.220604445168265
K152,2023,3,ALTO PARANÁ,PROD.DEP,4535.68128329745
K152,2023,3,ALTO PARANÁ,TOTAL DEP,56293.6200251057
K152,2023,3,ALTO PARANÁ,ACCID.FEP,3.0
K152,2023,3,ALTO PARANÁ,PROG.FEP,0.994213509491908
K152,2023,3,ALTO PARANÁ,PROD.FEP,1200.94472824982
K152,2023,3,ALTO PARANÁ,TOTAL FEP,68983.1018493456
K152,2023,3,ALTO PARANÁ,ACCID.PENF,0.0
K152,2023,3,ALTO PARANÁ,PROG.PENF,0.729201961422866
K152,2023,3,ALTO PARANÁ,PROD.PENF,3085.87795663953
K152,2023,3,ALTO PARANÁ,TOTAL PENEF,57921.4934959773
K153,2023,3,ALTO PARANÁ,ACCID.DEP,4.0
K153,2023,3,ALTO PARANÁ,PROG.DEP,0.315130451208228
K153,2023,3,ALTO PARANÁ,PROD.DEP,4032.68266511837
K153,2023,3,ALTO PARANÁ,TOTAL DEP,50468.8119250351
K153,2023,3,ALTO PARANÁ,ACCID.FEP,7.0
K153,2023,3,ALTO PARANÁ,PROG.FEP,0.500147472599611
K153,2023,3,ALTO PARANÁ,PROD.FEP,2047.65248528188
K153,2023,3,ALTO PARANÁ,TOTAL FEP,50034.220690627
K153,2023,3,ALTO PARANÁ,ACCID.PENF,3.0
K153,2023,3,ALTO PARANÁ,PROG.PENF,0.901257344366015
K153,2023,3,ALTO PARANÁ,PROD.PENF,4530.38901051391
K153,2023,3,ALTO PARANÁ,TOTAL PENEF,55263.3148550726
K154,2023,3,ALTO PARANÁ,ACCID.DEP,3.0
K154,2023,3,ALTO PARANÁ,PROG.DEP,0.928990759192684
K154,2023,3,ALTO PARANÁ,PROD.DEP,2339.08745879528
K154,2023,3,ALTO PARANÁ,TOTAL DEP,69799.3260907574
K154,2023,3,ALTO PARANÁ,ACCID.FEP,3.0
K154,2023,3,ALTO PARANÁ,PROG.FEP,0.21605690129647
K154,2023,3,ALTO PARANÁ,PROD.FEP,4357.64769204132
K154,2023,3,ALTO PARANÁ,TOTAL FEP,61757.2507413162
JEP2,2023,3,CANINDEYU,PROG.FEP,0.971451502450721
JEP2,2023,3,CANINDEYU,ACCID.PENF,4.0
JEP2,2023,3,CANINDEYU,TOTAL FEP,55838.1361548617
K154,2023,3,ALTO PARANÁ,ACCID.PENF,5.0
K155,2023,3,ALTO PARANÁ,ACCID.DEP,6.0
K155,2023,3,ALTO PARANÁ,PROG.DEP,0.524591574823288
K155,2023,3,ALTO PARANÁ,PROD.DEP,1103.79403328699
K155,2023,3,ALTO PARANÁ,TOTAL DEP,56961.7966514867
K155,2023,3,ALTO PARANÁ,ACCID.FEP,0.0
K155,2023,3,ALTO PARANÁ,PROG.FEP,0.330006623370491
K155,2023,3,ALTO PARANÁ,PROD.FEP,1663.29690790271
K155,2023,3,ALTO PARANÁ,TOTAL FEP,64878.6826937301
K155,2023,3,ALTO PARANÁ,ACCID.PENF,1.0
K155,2023,3,ALTO PARANÁ,PROG.PENF,0.890068212400791
K155,2023,3,ALTO PARANÁ,PROD.PENF,3596.13484364385
K155,2023,3,ALTO PARANÁ,TOTAL PENEF,54418.7342941401
K156,2023,3,ALTO PARANÁ,ACCID.DEP,9.0
K156,2023,3,ALTO PARANÁ,PROG.DEP,0.563800214338909
K154,2023,3,ALTO PARANÁ,TOTAL PENEF,57691.2141680267
K156,2023,3,ALTO PARANÁ,TOTAL DEP,52366.580961563
K156,2023,3,ALTO PARANÁ,ACCID.FEP,5.0
K156,2023,3,ALTO PARANÁ,PROG.FEP,0.323287968881067
K156,2023,3,ALTO PARANÁ,PROD.FEP,2246.85282848006
K156,2023,3,ALTO PARANÁ,TOTAL FEP,56835.5110957635
K156,2023,3,ALTO PARANÁ,ACCID.PENF,1.0
K156,2023,3,ALTO PARANÁ,PROG.PENF,0.575552433227914
K156,2023,3,ALTO PARANÁ,PROD.PENF,2047.12910378451
K156,2023,3,ALTO PARANÁ,TOTAL PENEF,60458.3650977691
K157,2023,3,ALTO PARANÁ,ACCID.DEP,1.0
K157,2023,3,ALTO PARANÁ,PROG.DEP,0.382105407635258
K157,2023,3,ALTO PARANÁ,PROD.DEP,2416.59505185031
K157,2023,3,ALTO PARANÁ,TOTAL DEP,69331.5243525551
K157,2023,3,ALTO PARANÁ,ACCID.FEP,8.0
K157,2023,3,ALTO PARANÁ,PROG.FEP,0.678153534045923
K157,2023,3,ALTO PARANÁ,PROD.FEP,1200.12544215487
K157,2023,3,ALTO PARANÁ,TOTAL FEP,65427.5880546009
K157,2023,3,ALTO PARANÁ,ACCID.PENF,4.0
K157,2023,3,ALTO PARANÁ,PROG.PENF,0.519594887302604
K157,2023,3,ALTO PARANÁ,PROD.PENF,2970.24224010497
K157,2023,3,ALTO PARANÁ,TOTAL PENEF,57769.9385043901
K158,2023,3,ALTO PARANÁ,ACCID.DEP,5.0
K158,2023,3,ALTO PARANÁ,PROG.DEP,0.248682221892015
K158,2023,3,ALTO PARANÁ,PROD.DEP,3974.26276913498
K158,2023,3,ALTO PARANÁ,TOTAL DEP,56375.2123975028
K158,2023,3,ALTO PARANÁ,ACCID.FEP,8.0
K158,2023,3,ALTO PARANÁ,PROG.FEP,0.903703689103764
K158,2023,3,ALTO PARANÁ,PROD.FEP,1372.54146201997
K158,2023,3,ALTO PARANÁ,TOTAL FEP,64504.0876690049
K158,2023,3,ALTO PARANÁ,ACCID.PENF,6.0
K158,2023,3,ALTO PARANÁ,PROG.PENF,0.855665589527139
K158,2023,3,ALTO PARANÁ,PROD.PENF,1197.35741032211
K158,2023,3,ALTO PARANÁ,TOTAL PENEF,54731.5690550172
K159,2023,3,ALTO PARANÁ,ACCID.DEP,8.0
K159,2023,3,ALTO PARANÁ,PROG.DEP,0.712869235630087
K159,2023,3,ALTO PARANÁ,PROD.DEP,3862.54013707851
K159,2023,3,ALTO PARANÁ,TOTAL DEP,63320.7671705686
K159,2023,3,ALTO PARANÁ,ACCID.FEP,5.0
K159,2023,3,ALTO PARANÁ,PROG.FEP,0.393104875896004
K159,2023,3,ALTO PARANÁ,PROD.FEP,3740.04195334458
K159,2023,3,ALTO PARANÁ,TOTAL FEP,69935.7056914156
K159,2023,3,ALTO PARANÁ,ACCID.PENF,4.0
K159,2023,3,ALTO PARANÁ,PROG.PENF,0.182054203125142
K159,2023,3,ALTO PARANÁ,PROD.PENF,1367.35317550078
K159,2023,3,ALTO PARANÁ,TOTAL PENEF,52373.6169813642
K301,2023,3,ALTO PARANÁ,ACCID.DEP,4.0
K301,2023,3,ALTO PARANÁ,PROG.DEP,0.97295374198845
K301,2023,3,ALTO PARANÁ,PROD.DEP,4143.2010194894
K301,2023,3,ALTO PARANÁ,TOTAL DEP,69233.614870612
K301,2023,3,ALTO PARANÁ,ACCID.FEP,3.0
K301,2023,3,ALTO PARANÁ,PROG.FEP,0.962016740660743
K301,2023,3,ALTO PARANÁ,PROD.FEP,1405.29952052083
K301,2023,3,ALTO PARANÁ,TOTAL FEP,57110.7547709373
K301,2023,3,ALTO PARANÁ,ACCID.PENF,2.0
K301,2023,3,ALTO PARANÁ,PROG.PENF,0.29490745630851
K301,2023,3,ALTO PARANÁ,PROD.PENF,3809.25214509007
K301,2023,3,ALTO PARANÁ,TOTAL PENEF,63106.1485732806
K302,2023,3,ALTO PARANÁ,ACCID.DEP,7.0
K302,2023,3,ALTO PARANÁ,PROG.DEP,0.475731998939801
K302,2023,3,ALTO PARANÁ,PROD.DEP,1644.75894038145
K302,2023,3,ALTO PARANÁ,TOTAL DEP,55159.3065409689
K302,2023,3,ALTO PARANÁ,ACCID.FEP,9.0
K302,2023,3,ALTO PARANÁ,PROG.FEP,0.92327555699412
K302,2023,3,ALTO PARANÁ,PROD.FEP,3856.68404555696
K302,2023,3,ALTO PARANÁ,TOTAL FEP,67034.8990611516
K302,2023,3,ALTO PARANÁ,ACCID.PENF,2.0
K302,2023,3,ALTO PARANÁ,PROG.PENF,0.598312175997026
K302,2023,3,ALTO PARANÁ,PROD.PENF,4722.84801749277
K302,2023,3,ALTO PARANÁ,TOTAL PENEF,53100.3147766008
K303,2023,3,ALTO PARANÁ,ACCID.DEP,9.0
K303,2023,3,ALTO PARANÁ,PROG.DEP,0.520288385478861
K303,2023,3,ALTO PARANÁ,PROD.DEP,1424.59658307516
K303,2023,3,ALTO PARANÁ,TOTAL DEP,53960.243147457
K303,2023,3,ALTO PARANÁ,ACCID.FEP,1.0
K303,2023,3,ALTO PARANÁ,PROG.FEP,0.634678380054193
K303,2023,3,ALTO PARANÁ,PROD.FEP,3272.23734346259
K303,2023,3,ALTO PARANÁ,TOTAL FEP,63541.7452844494
K303,2023,3,ALTO PARANÁ,ACCID.PENF,5.0
K303,2023,3,ALTO PARANÁ,PROG.PENF,0.475799401743371
K303,2023,3,ALTO PARANÁ,PROD.PENF,2116.14735060675
K303,2023,3,ALTO PARANÁ,TOTAL PENEF,52409.3966499321
K156,2023,3,ALTO PARANÁ,PROD.DEP,4545.33135029079
K154,2023,3,ALTO PARANÁ,PROG.PENF,0.806711135751652
K154,2023,3,ALTO PARANÁ,PROD.PENF,2604.89382842997
K304,2023,3,ALTO PARANÁ,ACCID.DEP,8.0
K304,2023,3,ALTO PARANÁ,ACCID.FEP,2.0
K304,2023,3,ALTO PARANÁ,PROG.FEP,0.795289348206175
K304,2023,3,ALTO PARANÁ,PROD.FEP,3236.57751783875
K304,2023,3,ALTO PARANÁ,TOTAL FEP,68228.1975018985
K304,2023,3,ALTO PARANÁ,ACCID.PENF,3.0
K304,2023,3,ALTO PARANÁ,PROG.PENF,0.550554471771687
K304,2023,3,ALTO PARANÁ,PROD.PENF,2848.39943459094
K304,2023,3,ALTO PARANÁ,PROG.DEP,0.891682002785491
K305,2023,3,ALTO PARANÁ,ACCID.DEP,0.0
K305,2023,3,ALTO PARANÁ,PROG.DEP,0.687756677962646
K305,2023,3,ALTO PARANÁ,PROD.DEP,4200.57982370194
K305,2023,3,ALTO PARANÁ,TOTAL DEP,50208.8532720889
K305,2023,3,ALTO PARANÁ,ACCID.FEP,3.0
K305,2023,3,ALTO PARANÁ,PROG.FEP,0.896237403164321
K305,2023,3,ALTO PARANÁ,PROD.FEP,1949.55861277175
K305,2023,3,ALTO PARANÁ,TOTAL FEP,56088.6444462275
K305,2023,3,ALTO PARANÁ,ACCID.PENF,8.0
K305,2023,3,ALTO PARANÁ,PROG.PENF,0.791923388323376
K305,2023,3,ALTO PARANÁ,PROD.PENF,1008.49110641706
K305,2023,3,ALTO PARANÁ,TOTAL PENEF,58186.492142934
K306,2023,3,ALTO PARANÁ,ACCID.DEP,3.0
K306,2023,3,ALTO PARANÁ,PROG.DEP,0.599407654999797
K306,2023,3,ALTO PARANÁ,PROD.DEP,1293.12456195847
K306,2023,3,ALTO PARANÁ,TOTAL DEP,53637.9902285975
K306,2023,3,ALTO PARANÁ,ACCID.FEP,9.0
K306,2023,3,ALTO PARANÁ,PROG.FEP,0.96030235448532
K304,2023,3,ALTO PARANÁ,TOTAL DEP,53197.6345766621
K306,2023,3,ALTO PARANÁ,TOTAL FEP,62146.9695039586
K306,2023,3,ALTO PARANÁ,ACCID.PENF,8.0
K306,2023,3,ALTO PARANÁ,PROG.PENF,0.390120396768271
K306,2023,3,ALTO PARANÁ,PROD.PENF,4498.73844452385
K306,2023,3,ALTO PARANÁ,TOTAL PENEF,61092.174058582
K307,2023,3,ALTO PARANÁ,ACCID.DEP,4.0
K307,2023,3,ALTO PARANÁ,PROG.DEP,0.12537455024961
K307,2023,3,ALTO PARANÁ,PROD.DEP,4093.08325368868
K307,2023,3,ALTO PARANÁ,TOTAL DEP,51482.2669349022
K307,2023,3,ALTO PARANÁ,ACCID.FEP,4.0
K307,2023,3,ALTO PARANÁ,PROG.FEP,0.569684933794284
K307,2023,3,ALTO PARANÁ,PROD.FEP,2304.5609595468
K307,2023,3,ALTO PARANÁ,TOTAL FEP,68929.7035770218
K307,2023,3,ALTO PARANÁ,ACCID.PENF,5.0
K307,2023,3,ALTO PARANÁ,PROG.PENF,0.795137027482676
K307,2023,3,ALTO PARANÁ,PROD.PENF,1259.25794613576
K307,2023,3,ALTO PARANÁ,TOTAL PENEF,69926.8702626363
K308,2023,3,ALTO PARANÁ,ACCID.DEP,9.0
K308,2023,3,ALTO PARANÁ,PROG.DEP,0.2414540357477
K308,2023,3,ALTO PARANÁ,PROD.DEP,3998.22922920046
K308,2023,3,ALTO PARANÁ,TOTAL DEP,55013.0268182066
K308,2023,3,ALTO PARANÁ,ACCID.FEP,8.0
K308,2023,3,ALTO PARANÁ,PROG.FEP,0.601491779065986
K308,2023,3,ALTO PARANÁ,PROD.FEP,2212.35377924595
K308,2023,3,ALTO PARANÁ,TOTAL FEP,54991.1307991804
K308,2023,3,ALTO PARANÁ,ACCID.PENF,0.0
K308,2023,3,ALTO PARANÁ,PROG.PENF,0.496261862304035
K308,2023,3,ALTO PARANÁ,PROD.PENF,3640.91817671102
K308,2023,3,ALTO PARANÁ,TOTAL PENEF,65715.5253049467
MCE1,2023,3,ALTO PARANÁ,ACCID.DEP,4.0
MCE1,2023,3,ALTO PARANÁ,PROG.DEP,0.924932508705822
MCE1,2023,3,ALTO PARANÁ,PROD.DEP,4265.50834814779
MCE1,2023,3,ALTO PARANÁ,TOTAL DEP,54165.4659718434
MCE1,2023,3,ALTO PARANÁ,ACCID.FEP,5.0
K304,2023,3,ALTO PARANÁ,PROD.DEP,3667.66219309178
MCE1,2023,3,ALTO PARANÁ,PROD.FEP,4015.08518894357
MCE1,2023,3,ALTO PARANÁ,TOTAL FEP,65546.7955460457
MCE1,2023,3,ALTO PARANÁ,ACCID.PENF,9.0
MCE1,2023,3,ALTO PARANÁ,PROG.PENF,0.23102817190466
MCE1,2023,3,ALTO PARANÁ,PROD.PENF,3344.83970114429
MCE1,2023,3,ALTO PARANÁ,TOTAL PENEF,63626.4872814753
MCE2,2023,3,ALTO PARANÁ,ACCID.DEP,2.0
MCE2,2023,3,ALTO PARANÁ,PROG.DEP,0.819376733890338
MCE2,2023,3,ALTO PARANÁ,PROD.DEP,1360.29272326147
MCE2,2023,3,ALTO PARANÁ,TOTAL DEP,65177.3812792522
MCE2,2023,3,ALTO PARANÁ,ACCID.FEP,8.0
MCE2,2023,3,ALTO PARANÁ,PROG.FEP,0.1897548937883
MCE2,2023,3,ALTO PARANÁ,PROD.FEP,2455.54525029607
MCE2,2023,3,ALTO PARANÁ,TOTAL FEP,68637.1938342242
MCE2,2023,3,ALTO PARANÁ,ACCID.PENF,4.0
MCE2,2023,3,ALTO PARANÁ,PROG.PENF,0.752366043220157
MCE2,2023,3,ALTO PARANÁ,PROD.PENF,3268.09371425121
MCE2,2023,3,ALTO PARANÁ,TOTAL PENEF,58388.2338178657
MCE3,2023,3,ALTO PARANÁ,ACCID.DEP,3.0
MCE3,2023,3,ALTO PARANÁ,PROG.DEP,0.118485595304949
MCE3,2023,3,ALTO PARANÁ,PROD.DEP,4706.68970439635
MCE3,2023,3,ALTO PARANÁ,TOTAL DEP,52364.1323133346
MCE3,2023,3,ALTO PARANÁ,ACCID.FEP,1.0
MCE3,2023,3,ALTO PARANÁ,PROG.FEP,0.960573775730128
MCE3,2023,3,ALTO PARANÁ,PROD.FEP,2242.87063871788
MCE3,2023,3,ALTO PARANÁ,TOTAL FEP,67685.7217507108
MCE3,2023,3,ALTO PARANÁ,ACCID.PENF,4.0
MCE3,2023,3,ALTO PARANÁ,PROG.PENF,0.509839713312296
MCE3,2023,3,ALTO PARANÁ,PROD.PENF,1291.49392182782
MCE3,2023,3,ALTO PARANÁ,TOTAL PENEF,58968.3367777267
MCE4,2023,3,ALTO PARANÁ,ACCID.DEP,8.0
MCE4,2023,3,ALTO PARANÁ,PROG.DEP,0.152017222988593
MCE4,2023,3,ALTO PARANÁ,PROD.DEP,3405.6326218054
MCE4,2023,3,ALTO PARANÁ,TOTAL DEP,52675.7519413344
MCE1,2023,3,ALTO PARANÁ,PROG.FEP,0.637683144075094
K306,2023,3,ALTO PARANÁ,PROD.FEP,4329.95149460256
K304,2023,3,ALTO PARANÁ,TOTAL PENEF,61821.2267256931
MCE4,2023,3,ALTO PARANÁ,ACCID.FEP,6.0
MCE4,2023,3,ALTO PARANÁ,ACCID.PENF,1.0
MCE4,2023,3,ALTO PARANÁ,PROG.PENF,0.626616444552362
MCE4,2023,3,ALTO PARANÁ,PROD.PENF,4224.72830380398
MCE4,2023,3,ALTO PARANÁ,TOTAL PENEF,55050.1968996345
MCE5,2023,3,ALTO PARANÁ,ACCID.DEP,4.0
MCE5,2023,3,ALTO PARANÁ,PROG.DEP,0.103193998524796
MCE5,2023,3,ALTO PARANÁ,PROD.DEP,3056.32399471479
MCE5,2023,3,ALTO PARANÁ,TOTAL DEP,59711.0271383664
MCE5,2023,3,ALTO PARANÁ,ACCID.FEP,0.0
MCE5,2023,3,ALTO PARANÁ,PROG.FEP,0.753334168325056
MCE5,2023,3,ALTO PARANÁ,PROD.FEP,4909.54412807671
MCE5,2023,3,ALTO PARANÁ,TOTAL FEP,52062.0115988735
MCE5,2023,3,ALTO PARANÁ,ACCID.PENF,3.0
MCE5,2023,3,ALTO PARANÁ,PROG.PENF,0.196848168349085
MCE5,2023,3,ALTO PARANÁ,PROD.PENF,1293.24546892369
MCE5,2023,3,ALTO PARANÁ,TOTAL PENEF,61296.0639024904
MCE6,2023,3,ALTO PARANÁ,ACCID.DEP,7.0
MCE6,2023,3,ALTO PARANÁ,PROG.DEP,0.264796257143644
MCE6,2023,3,ALTO PARANÁ,PROD.DEP,2258.46276070798
MCE6,2023,3,ALTO PARANÁ,ACCID.FEP,8.0
MCE6,2023,3,ALTO PARANÁ,TOTAL DEP,52775.2176948803
MCE6,2023,3,ALTO PARANÁ,PROG.FEP,0.430899367101979
MCE6,2023,3,ALTO PARANÁ,PROD.FEP,3477.84036967184
MCE6,2023,3,ALTO PARANÁ,TOTAL FEP,58323.4159090352
MCE6,2023,3,ALTO PARANÁ,ACCID.PENF,6.0
MCE6,2023,3,ALTO PARANÁ,PROG.PENF,0.225062492773068
MCE6,2023,3,ALTO PARANÁ,PROD.PENF,3812.35990324092
MCE6,2023,3,ALTO PARANÁ,TOTAL PENEF,69793.8142456189
MCE7,2023,3,ALTO PARANÁ,ACCID.DEP,2.0
MCE7,2023,3,ALTO PARANÁ,PROG.DEP,0.912035791635374
MCE7,2023,3,ALTO PARANÁ,PROD.DEP,1574.99408500838
MCE7,2023,3,ALTO PARANÁ,TOTAL DEP,61924.5097183446
MCE7,2023,3,ALTO PARANÁ,ACCID.FEP,6.0
MCE7,2023,3,ALTO PARANÁ,PROG.FEP,0.165311590202848
MCE7,2023,3,ALTO PARANÁ,PROD.FEP,3173.27652843364
MCE7,2023,3,ALTO PARANÁ,TOTAL FEP,53976.7519699819
MCE7,2023,3,ALTO PARANÁ,ACCID.PENF,4.0
MCE7,2023,3,ALTO PARANÁ,PROG.PENF,0.16941377963669
MCE7,2023,3,ALTO PARANÁ,PROD.PENF,2512.15983100112
MCE7,2023,3,ALTO PARANÁ,TOTAL PENEF,64322.2874791093
MPO1,2023,3,ALTO PARANÁ,ACCID.DEP,6.0
MPO1,2023,3,ALTO PARANÁ,PROG.DEP,0.788684611294713
MPO1,2023,3,ALTO PARANÁ,PROD.DEP,2151.27571777406
MPO1,2023,3,ALTO PARANÁ,TOTAL DEP,59571.804858801
MPO1,2023,3,ALTO PARANÁ,ACCID.FEP,2.0
MPO1,2023,3,ALTO PARANÁ,PROG.FEP,0.707962468452599
MPO1,2023,3,ALTO PARANÁ,PROD.FEP,4393.05652817006
MPO1,2023,3,ALTO PARANÁ,TOTAL FEP,57378.7931700374
MPO1,2023,3,ALTO PARANÁ,ACCID.PENF,1.0
MPO1,2023,3,ALTO PARANÁ,PROG.PENF,0.969986999418847
MPO1,2023,3,ALTO PARANÁ,PROD.PENF,4466.68245748011
MPO1,2023,3,ALTO PARANÁ,TOTAL PENEF,68418.7477958855
MPO2,2023,3,CANINDEYU,ACCID.DEP,8.0
MPO2,2023,3,CANINDEYU,PROG.DEP,0.331413311176562
MPO2,2023,3,CANINDEYU,PROD.DEP,4347.72174254733
MPO2,2023,3,CANINDEYU,TOTAL DEP,60464.6493715986
MPO2,2023,3,CANINDEYU,ACCID.FEP,9.0
MPO2,2023,3,CANINDEYU,PROG.FEP,0.390614684798923
MPO2,2023,3,CANINDEYU,PROD.FEP,3536.42944974257
MPO2,2023,3,CANINDEYU,TOTAL FEP,66604.9054681108
MPO2,2023,3,CANINDEYU,ACCID.PENF,8.0
MPO2,2023,3,CANINDEYU,PROG.PENF,0.879309590566273
MPO2,2023,3,CANINDEYU,PROD.PENF,1711.34096540732
MPO2,2023,3,CANINDEYU,TOTAL PENEF,59264.5157009436
MPO3,2023,3,ALTO PARANÁ,ACCID.DEP,2.0
MPO3,2023,3,ALTO PARANÁ,PROG.DEP,0.161958958732279
MPO3,2023,3,ALTO PARANÁ,PROD.DEP,4711.05563867143
MPO3,2023,3,ALTO PARANÁ,TOTAL DEP,56163.6941412539
MPO3,2023,3,ALTO PARANÁ,ACCID.FEP,2.0
MPO3,2023,3,ALTO PARANÁ,PROG.FEP,0.279707711614792
MPO3,2023,3,ALTO PARANÁ,PROD.FEP,3820.23369663081
MPO3,2023,3,ALTO PARANÁ,TOTAL FEP,62647.4503288123
MPO3,2023,3,ALTO PARANÁ,ACCID.PENF,2.0
MPO3,2023,3,ALTO PARANÁ,PROG.PENF,0.902019978457829
MPO3,2023,3,ALTO PARANÁ,PROD.PENF,3841.27525643951
MPO3,2023,3,ALTO PARANÁ,TOTAL PENEF,69616.3574874273
NAR2,2023,3,ALTO PARANÁ,ACCID.DEP,7.0
NAR2,2023,3,ALTO PARANÁ,PROG.DEP,0.61581697041956
NAR2,2023,3,ALTO PARANÁ,PROD.DEP,4894.98836320902
NAR2,2023,3,ALTO PARANÁ,TOTAL DEP,61673.9988194135
NAR2,2023,3,ALTO PARANÁ,ACCID.FEP,8.0
NAR2,2023,3,ALTO PARANÁ,PROG.FEP,0.768665993645286
NAR2,2023,3,ALTO PARANÁ,PROD.FEP,2313.24579058435
NAR2,2023,3,ALTO PARANÁ,TOTAL FEP,51600.3751592716
NAR2,2023,3,ALTO PARANÁ,ACCID.PENF,7.0
NAR2,2023,3,ALTO PARANÁ,PROG.PENF,0.767028627553107
NAR2,2023,3,ALTO PARANÁ,PROD.PENF,1289.1866760962
NAR2,2023,3,ALTO PARANÁ,TOTAL PENEF,64087.3601605068
NAR4,2023,3,ALTO PARANÁ,ACCID.DEP,7.0
NAR4,2023,3,ALTO PARANÁ,PROG.DEP,0.63661266856619
NAR4,2023,3,ALTO PARANÁ,PROD.DEP,2065.55480753972
NAR4,2023,3,ALTO PARANÁ,TOTAL DEP,64561.8639044101
NAR4,2023,3,ALTO PARANÁ,ACCID.FEP,2.0
NAR4,2023,3,ALTO PARANÁ,PROG.FEP,0.770589718215009
NAR4,2023,3,ALTO PARANÁ,PROD.FEP,1281.30035410115
NAR4,2023,3,ALTO PARANÁ,TOTAL FEP,57260.980413004
MCE4,2023,3,ALTO PARANÁ,TOTAL FEP,51383.825268986
MCE4,2023,3,ALTO PARANÁ,PROD.FEP,4296.16194906852
MCE4,2023,3,ALTO PARANÁ,PROG.FEP,0.335101575335718
NAR4,2023,3,ALTO PARANÁ,ACCID.PENF,4.0
NAR4,2023,3,ALTO PARANÁ,PROD.PENF,1526.3567154777
NAR5,2023,3,ALTO PARANÁ,PROG.DEP,0.641497854656198
NAR5,2023,3,ALTO PARANÁ,PROD.DEP,4278.45354840282
NAR5,2023,3,ALTO PARANÁ,TOTAL DEP,55372.6150008283
NAR5,2023,3,ALTO PARANÁ,ACCID.FEP,4.0
NAR5,2023,3,ALTO PARANÁ,PROG.FEP,0.63497363125942
NAR5,2023,3,ALTO PARANÁ,PROD.FEP,3566.72395267426
NAR5,2023,3,ALTO PARANÁ,TOTAL FEP,52451.0315357917
NAR5,2023,3,ALTO PARANÁ,ACCID.PENF,9.0
NAR5,2023,3,ALTO PARANÁ,PROG.PENF,0.254067139500477
NAR5,2023,3,ALTO PARANÁ,PROD.PENF,2469.62860856151
NAR5,2023,3,ALTO PARANÁ,ACCID.DEP,9.0
NAR6,2023,3,ALTO PARANÁ,ACCID.DEP,7.0
NAR6,2023,3,ALTO PARANÁ,PROG.DEP,0.43895591918662
NAR6,2023,3,ALTO PARANÁ,PROD.DEP,3224.59761104283
NAR6,2023,3,ALTO PARANÁ,TOTAL DEP,60688.1246620976
NAR6,2023,3,ALTO PARANÁ,ACCID.FEP,6.0
NAR6,2023,3,ALTO PARANÁ,PROG.FEP,0.907922011253342
NAR6,2023,3,ALTO PARANÁ,PROD.FEP,3404.31398482404
NAR6,2023,3,ALTO PARANÁ,TOTAL FEP,64058.315305634
NAR6,2023,3,ALTO PARANÁ,ACCID.PENF,4.0
NAR6,2023,3,ALTO PARANÁ,PROG.PENF,0.192047059621048
NAR6,2023,3,ALTO PARANÁ,PROD.PENF,3622.44454669658
NAR6,2023,3,ALTO PARANÁ,TOTAL PENEF,50526.3727462454
NAR8,2023,3,ALTO PARANÁ,ACCID.DEP,6.0
NAR8,2023,3,ALTO PARANÁ,PROG.DEP,0.20905075330261
NAR8,2023,3,ALTO PARANÁ,PROD.DEP,4293.87015988125
NAR8,2023,3,ALTO PARANÁ,TOTAL DEP,64324.6185273392
NAR8,2023,3,ALTO PARANÁ,ACCID.FEP,4.0
NAR8,2023,3,ALTO PARANÁ,PROG.FEP,0.207865342296174
NAR8,2023,3,ALTO PARANÁ,PROD.FEP,1134.83066121412
NAR8,2023,3,ALTO PARANÁ,TOTAL FEP,50929.0411874759
NAR8,2023,3,ALTO PARANÁ,ACCID.PENF,9.0
NAR8,2023,3,ALTO PARANÁ,PROG.PENF,0.303281915716455
NAR8,2023,3,ALTO PARANÁ,PROD.PENF,3508.6414277802
NAR8,2023,3,ALTO PARANÁ,TOTAL PENEF,69807.532772757
PBU1,2023,3,ALTO PARANÁ,ACCID.DEP,2.0
PBU1,2023,3,ALTO PARANÁ,PROG.DEP,0.906949809776296
PBU1,2023,3,ALTO PARANÁ,PROD.DEP,3394.89184524436
PBU1,2023,3,ALTO PARANÁ,TOTAL DEP,66730.4865542942
PBU1,2023,3,ALTO PARANÁ,ACCID.FEP,6.0
PBU1,2023,3,ALTO PARANÁ,PROG.FEP,0.153632645695403
PBU1,2023,3,ALTO PARANÁ,PROD.FEP,1992.95739264448
PBU1,2023,3,ALTO PARANÁ,TOTAL FEP,50450.006025475
PBU1,2023,3,ALTO PARANÁ,ACCID.PENF,7.0
PBU1,2023,3,ALTO PARANÁ,PROG.PENF,0.686033531650583
PBU1,2023,3,ALTO PARANÁ,PROD.PENF,4991.79533774248
PBU1,2023,3,ALTO PARANÁ,TOTAL PENEF,57477.1023400875
PBU2,2023,3,ALTO PARANÁ,ACCID.DEP,4.0
PBU2,2023,3,ALTO PARANÁ,PROG.DEP,0.715699858060466
PBU2,2023,3,ALTO PARANÁ,PROD.DEP,2685.39651053598
PBU2,2023,3,ALTO PARANÁ,TOTAL DEP,55101.5341811846
PBU2,2023,3,ALTO PARANÁ,ACCID.FEP,0.0
PBU2,2023,3,ALTO PARANÁ,PROG.FEP,0.755975620163669
PBU2,2023,3,ALTO PARANÁ,PROD.FEP,2688.02821786603
PBU2,2023,3,ALTO PARANÁ,TOTAL FEP,56936.9830035964
PBU2,2023,3,ALTO PARANÁ,ACCID.PENF,5.0
PBU2,2023,3,ALTO PARANÁ,PROG.PENF,0.538889935237098
PBU2,2023,3,ALTO PARANÁ,PROD.PENF,1093.00514655081
PBU2,2023,3,ALTO PARANÁ,TOTAL PENEF,62145.2457704732
PBU3,2023,3,ALTO PARANÁ,ACCID.DEP,0.0
PBU3,2023,3,ALTO PARANÁ,PROG.DEP,0.778945883725123
PBU3,2023,3,ALTO PARANÁ,PROD.DEP,4976.71277956033
PBU3,2023,3,ALTO PARANÁ,TOTAL DEP,59976.4019268175
PBU3,2023,3,ALTO PARANÁ,ACCID.FEP,5.0
PBU3,2023,3,ALTO PARANÁ,PROG.FEP,0.897172908572148
PBU3,2023,3,ALTO PARANÁ,PROD.FEP,2194.2545045438
PBU3,2023,3,ALTO PARANÁ,TOTAL FEP,66029.19194392
PBU3,2023,3,ALTO PARANÁ,ACCID.PENF,6.0
PBU3,2023,3,ALTO PARANÁ,PROG.PENF,0.266245921581803
PBU3,2023,3,ALTO PARANÁ,PROD.PENF,1508.86756476817
PBU3,2023,3,ALTO PARANÁ,TOTAL PENEF,53328.4143103234
PBU4,2023,3,ALTO PARANÁ,ACCID.DEP,6.0
PBU4,2023,3,ALTO PARANÁ,PROG.DEP,0.590503507489304
PBU4,2023,3,ALTO PARANÁ,PROD.DEP,2531.11137121158
PBU4,2023,3,ALTO PARANÁ,TOTAL DEP,68079.3215061927
PBU4,2023,3,ALTO PARANÁ,ACCID.FEP,0.0
PBU4,2023,3,ALTO PARANÁ,PROG.FEP,0.841596696089658
PBU4,2023,3,ALTO PARANÁ,PROD.FEP,4461.99895529485
PBU4,2023,3,ALTO PARANÁ,TOTAL FEP,62228.0730669804
PBU4,2023,3,ALTO PARANÁ,ACCID.PENF,3.0
PBU4,2023,3,ALTO PARANÁ,PROG.PENF,0.984680422638901
PBU4,2023,3,ALTO PARANÁ,PROD.PENF,1138.24207481614
PBU4,2023,3,ALTO PARANÁ,TOTAL PENEF,61991.0297729368
PBU5,2023,3,ALTO PARANÁ,ACCID.DEP,8.0
PBU5,2023,3,ALTO PARANÁ,PROG.DEP,0.702149360217256
PBU5,2023,3,ALTO PARANÁ,PROD.DEP,4895.67456159739
PBU5,2023,3,ALTO PARANÁ,TOTAL DEP,67179.6453926068
PBU5,2023,3,ALTO PARANÁ,ACCID.FEP,3.0
PBU5,2023,3,ALTO PARANÁ,PROG.FEP,0.402354356992276
PBU5,2023,3,ALTO PARANÁ,PROD.FEP,1393.43410646655
PBU5,2023,3,ALTO PARANÁ,TOTAL FEP,57236.7503080577
PBU5,2023,3,ALTO PARANÁ,ACCID.PENF,0.0
PBU5,2023,3,ALTO PARANÁ,PROG.PENF,0.389775572226754
PBU5,2023,3,ALTO PARANÁ,PROD.PENF,4795.90259846414
PBU5,2023,3,ALTO PARANÁ,TOTAL PENEF,69541.8318616518
NAR4,2023,3,ALTO PARANÁ,PROG.PENF,0.856909714479994
NAR5,2023,3,ALTO PARANÁ,TOTAL PENEF,61726.6314799444
NAR4,2023,3,ALTO PARANÁ,TOTAL PENEF,68705.8107390014
PFO1,2023,3,ALTO PARANÁ,ACCID.DEP,6.0
PFO1,2023,3,ALTO PARANÁ,PROG.DEP,0.150888190034552
PFO1,2023,3,ALTO PARANÁ,PROG.FEP,0.199101371998746
PFO1,2023,3,ALTO PARANÁ,PROD.FEP,4719.39896841238
PFO1,2023,3,ALTO PARANÁ,TOTAL FEP,55133.3467993568
PFO1,2023,3,ALTO PARANÁ,ACCID.PENF,8.0
PFO1,2023,3,ALTO PARANÁ,PROG.PENF,0.470570025241524
PFO1,2023,3,ALTO PARANÁ,PROD.PENF,2008.84770037285
PFO1,2023,3,ALTO PARANÁ,TOTAL PENEF,63157.0470479335
PFO10,2023,3,ALTO PARANÁ,ACCID.DEP,5.0
PFO10,2023,3,ALTO PARANÁ,PROG.DEP,0.774981171874765
PFO10,2023,3,ALTO PARANÁ,PROD.DEP,3977.32190172684
PFO10,2023,3,ALTO PARANÁ,TOTAL DEP,67176.7541270709
PFO10,2023,3,ALTO PARANÁ,ACCID.FEP,8.0
PFO10,2023,3,ALTO PARANÁ,PROG.FEP,0.495853650592581
PFO10,2023,3,ALTO PARANÁ,PROD.FEP,2549.74402702217
PFO10,2023,3,ALTO PARANÁ,TOTAL FEP,65302.0377496274
PFO10,2023,3,ALTO PARANÁ,ACCID.PENF,5.0
PFO10,2023,3,ALTO PARANÁ,PROG.PENF,0.812020338248307
PFO10,2023,3,ALTO PARANÁ,PROD.PENF,4713.87034978853
PFO10,2023,3,ALTO PARANÁ,TOTAL PENEF,63688.7777596986
PFO11,2023,3,ALTO PARANÁ,ACCID.DEP,9.0
PFO11,2023,3,ALTO PARANÁ,PROG.DEP,0.634892545247786
PFO11,2023,3,ALTO PARANÁ,PROD.DEP,1743.284403744
PFO11,2023,3,ALTO PARANÁ,TOTAL DEP,52422.187131611
PFO11,2023,3,ALTO PARANÁ,ACCID.FEP,3.0
PFO11,2023,3,ALTO PARANÁ,PROG.FEP,0.478868897039145
PFO11,2023,3,ALTO PARANÁ,PROD.FEP,4254.49555745728
PFO11,2023,3,ALTO PARANÁ,TOTAL FEP,59653.903843008
PFO11,2023,3,ALTO PARANÁ,ACCID.PENF,1.0
PFO11,2023,3,ALTO PARANÁ,PROG.PENF,0.327392974206639
PFO11,2023,3,ALTO PARANÁ,PROD.PENF,4872.92942138762
PFO11,2023,3,ALTO PARANÁ,TOTAL PENEF,65927.2133994913
PFO12,2023,3,ALTO PARANÁ,ACCID.DEP,8.0
PFO12,2023,3,ALTO PARANÁ,PROG.DEP,0.391589621983366
PFO12,2023,3,ALTO PARANÁ,PROD.DEP,3332.49431397226
PFO12,2023,3,ALTO PARANÁ,TOTAL DEP,55303.7059710258
PFO12,2023,3,ALTO PARANÁ,ACCID.FEP,6.0
PFO12,2023,3,ALTO PARANÁ,PROG.FEP,0.90317871559828
PFO1,2023,3,ALTO PARANÁ,TOTAL DEP,53005.2599050776
PFO12,2023,3,ALTO PARANÁ,TOTAL FEP,55815.097172039
PFO12,2023,3,ALTO PARANÁ,ACCID.PENF,2.0
PFO12,2023,3,ALTO PARANÁ,PROG.PENF,0.925016123228835
PFO12,2023,3,ALTO PARANÁ,PROD.PENF,3824.95803102018
PFO12,2023,3,ALTO PARANÁ,TOTAL PENEF,56481.1636188323
PFO14,2023,3,ALTO PARANÁ,ACCID.DEP,4.0
PFO14,2023,3,ALTO PARANÁ,PROG.DEP,0.469251591891123
PFO14,2023,3,ALTO PARANÁ,PROD.DEP,3973.40423970278
PFO14,2023,3,ALTO PARANÁ,TOTAL DEP,52742.8506722202
PFO14,2023,3,ALTO PARANÁ,ACCID.FEP,5.0
PFO14,2023,3,ALTO PARANÁ,PROG.FEP,0.433048279822702
PFO14,2023,3,ALTO PARANÁ,PROD.FEP,1436.24057824397
PFO14,2023,3,ALTO PARANÁ,TOTAL FEP,56335.3158932016
PFO14,2023,3,ALTO PARANÁ,ACCID.PENF,8.0
PFO14,2023,3,ALTO PARANÁ,PROG.PENF,0.127304620415247
PFO12,2023,3,ALTO PARANÁ,PROD.FEP,4565.24573111801
PFO14,2023,3,ALTO PARANÁ,TOTAL PENEF,51889.1143405542
PFO15,2023,3,ALTO PARANÁ,ACCID.DEP,3.0
PFO15,2023,3,ALTO PARANÁ,PROG.DEP,0.162164521551597
PFO15,2023,3,ALTO PARANÁ,PROD.DEP,2192.70945033989
PFO15,2023,3,ALTO PARANÁ,TOTAL DEP,61179.6589464342
PFO15,2023,3,ALTO PARANÁ,ACCID.FEP,8.0
PFO15,2023,3,ALTO PARANÁ,PROG.FEP,0.498584326242568
PFO14,2023,3,ALTO PARANÁ,PROD.PENF,2523.52559778136
PFO15,2023,3,ALTO PARANÁ,TOTAL FEP,69241.8525243847
PFO15,2023,3,ALTO PARANÁ,ACCID.PENF,4.0
PFO15,2023,3,ALTO PARANÁ,PROG.PENF,0.646965297259116
PFO15,2023,3,ALTO PARANÁ,PROD.FEP,3167.11732669306
PFO15,2023,3,ALTO PARANÁ,TOTAL PENEF,52340.3383495353
PFO16,2023,3,ALTO PARANÁ,ACCID.DEP,7.0
PFO16,2023,3,ALTO PARANÁ,PROG.DEP,0.691505409538484
PFO16,2023,3,ALTO PARANÁ,PROD.DEP,2449.98610721426
PFO16,2023,3,ALTO PARANÁ,TOTAL DEP,69030.0083821599
PFO16,2023,3,ALTO PARANÁ,ACCID.FEP,2.0
PFO16,2023,3,ALTO PARANÁ,PROG.FEP,0.547817516725127
PFO16,2023,3,ALTO PARANÁ,PROD.FEP,4735.028662841
PFO16,2023,3,ALTO PARANÁ,TOTAL FEP,67019.5944020134
PFO16,2023,3,ALTO PARANÁ,ACCID.PENF,0.0
PFO16,2023,3,ALTO PARANÁ,PROG.PENF,0.142670701980643
PFO16,2023,3,ALTO PARANÁ,PROD.PENF,3684.47004027303
PFO16,2023,3,ALTO PARANÁ,TOTAL PENEF,50517.3841253592
PFO17,2023,3,ALTO PARANÁ,ACCID.DEP,8.0
PFO1,2023,3,ALTO PARANÁ,PROD.DEP,1608.02173240938
PFO17,2023,3,ALTO PARANÁ,PROD.DEP,1871.16994825832
PFO17,2023,3,ALTO PARANÁ,TOTAL DEP,62334.0786693978
PFO17,2023,3,ALTO PARANÁ,ACCID.FEP,0.0
PFO17,2023,3,ALTO PARANÁ,PROG.FEP,0.407700631629178
PFO17,2023,3,ALTO PARANÁ,PROD.FEP,3098.94602518464
PFO17,2023,3,ALTO PARANÁ,TOTAL FEP,57897.258894798
PFO17,2023,3,ALTO PARANÁ,ACCID.PENF,2.0
PFO17,2023,3,ALTO PARANÁ,PROG.PENF,0.736549629116751
PFO17,2023,3,ALTO PARANÁ,PROD.PENF,1900.3857632843
PFO17,2023,3,ALTO PARANÁ,TOTAL PENEF,69746.4595763719
PFO2,2023,3,ALTO PARANÁ,ACCID.DEP,6.0
PFO2,2023,3,ALTO PARANÁ,PROG.DEP,0.772320788121662
PFO2,2023,3,ALTO PARANÁ,PROD.DEP,1422.51254752878
PFO2,2023,3,ALTO PARANÁ,TOTAL DEP,63686.5569187961
PFO17,2023,3,ALTO PARANÁ,PROG.DEP,0.82959201753419
PFO15,2023,3,ALTO PARANÁ,PROD.PENF,4226.39688623991
PFO1,2023,3,ALTO PARANÁ,ACCID.FEP,1.0
PFO2,2023,3,ALTO PARANÁ,ACCID.FEP,4.0
PFO2,2023,3,ALTO PARANÁ,ACCID.PENF,4.0
PFO2,2023,3,ALTO PARANÁ,PROG.PENF,0.480711072070971
PFO2,2023,3,ALTO PARANÁ,PROD.PENF,2596.02997717467
PFO2,2023,3,ALTO PARANÁ,TOTAL PENEF,62090.6128052346
PFO3,2023,3,ALTO PARANÁ,ACCID.DEP,2.0
PFO3,2023,3,ALTO PARANÁ,PROG.DEP,0.667902767440836
PFO3,2023,3,ALTO PARANÁ,PROD.DEP,3137.82376670004
PFO3,2023,3,ALTO PARANÁ,TOTAL DEP,61907.6721480968
PFO3,2023,3,ALTO PARANÁ,ACCID.FEP,4.0
PFO3,2023,3,ALTO PARANÁ,PROG.FEP,0.237814558281879
PFO3,2023,3,ALTO PARANÁ,PROD.FEP,4897.9852977924
PFO3,2023,3,ALTO PARANÁ,TOTAL FEP,64248.9657565834
PFO3,2023,3,ALTO PARANÁ,ACCID.PENF,6.0
PFO3,2023,3,ALTO PARANÁ,PROG.PENF,0.703193370508813
PFO3,2023,3,ALTO PARANÁ,PROD.PENF,3627.08266530174
PFO3,2023,3,ALTO PARANÁ,TOTAL PENEF,58476.351348741
PFO4,2023,3,ALTO PARANÁ,ACCID.DEP,8.0
PFO4,2023,3,ALTO PARANÁ,PROG.DEP,0.855761998517252
PFO4,2023,3,ALTO PARANÁ,PROD.DEP,4633.95781492529
PFO4,2023,3,ALTO PARANÁ,TOTAL DEP,69129.8646732516
PFO4,2023,3,ALTO PARANÁ,ACCID.FEP,4.0
PFO4,2023,3,ALTO PARANÁ,PROG.FEP,0.299070299165311
PFO4,2023,3,ALTO PARANÁ,PROD.FEP,4646.65971398197
PFO4,2023,3,ALTO PARANÁ,TOTAL FEP,66040.2825165376
PFO4,2023,3,ALTO PARANÁ,ACCID.PENF,3.0
PFO4,2023,3,ALTO PARANÁ,PROG.PENF,0.819797652718419
PFO4,2023,3,ALTO PARANÁ,PROD.PENF,3436.88497762116
PFO4,2023,3,ALTO PARANÁ,TOTAL PENEF,60921.5566189992
PFO5,2023,3,ALTO PARANÁ,ACCID.DEP,8.0
PFO5,2023,3,ALTO PARANÁ,PROG.DEP,0.871036339498205
PFO5,2023,3,ALTO PARANÁ,PROD.DEP,1044.10268138516
PFO5,2023,3,ALTO PARANÁ,TOTAL DEP,67631.4597593267
PFO5,2023,3,ALTO PARANÁ,ACCID.FEP,6.0
PFO2,2023,3,ALTO PARANÁ,TOTAL FEP,61860.0149809387
PFO5,2023,3,ALTO PARANÁ,PROD.FEP,1564.84608047282
PFO5,2023,3,ALTO PARANÁ,TOTAL FEP,69214.8024412695
PFO5,2023,3,ALTO PARANÁ,ACCID.PENF,4.0
PFO5,2023,3,ALTO PARANÁ,PROG.PENF,0.200336889231287
PFO5,2023,3,ALTO PARANÁ,PROD.PENF,1955.85459449375
PFO5,2023,3,ALTO PARANÁ,TOTAL PENEF,69342.4983900185
PFO6,2023,3,ALTO PARANÁ,ACCID.DEP,9.0
PFO6,2023,3,ALTO PARANÁ,PROG.DEP,0.447967740274378
PFO6,2023,3,ALTO PARANÁ,PROD.DEP,2909.9263634534
PFO2,2023,3,ALTO PARANÁ,PROD.FEP,3852.6371388548
PFO6,2023,3,ALTO PARANÁ,ACCID.FEP,8.0
PFO6,2023,3,ALTO PARANÁ,PROG.FEP,0.620958693014176
PFO6,2023,3,ALTO PARANÁ,PROD.FEP,3869.43529105699
PFO6,2023,3,ALTO PARANÁ,TOTAL FEP,56921.1470625659
PFO6,2023,3,ALTO PARANÁ,ACCID.PENF,6.0
PFO6,2023,3,ALTO PARANÁ,PROG.PENF,0.319524536629096
PFO6,2023,3,ALTO PARANÁ,PROD.PENF,4180.68380742341
PFO6,2023,3,ALTO PARANÁ,TOTAL PENEF,63640.4334240083
PFO7,2023,3,ALTO PARANÁ,ACCID.DEP,7.0
PFO7,2023,3,ALTO PARANÁ,PROG.DEP,0.994700908773399
PFO7,2023,3,ALTO PARANÁ,PROD.DEP,3422.72846080487
PFO7,2023,3,ALTO PARANÁ,TOTAL DEP,63921.205618059
PFO7,2023,3,ALTO PARANÁ,ACCID.FEP,0.0
PFO7,2023,3,ALTO PARANÁ,PROG.FEP,0.891904752323215
PFO7,2023,3,ALTO PARANÁ,PROD.FEP,1083.92236196903
PFO7,2023,3,ALTO PARANÁ,TOTAL FEP,52397.3512155346
PFO7,2023,3,ALTO PARANÁ,ACCID.PENF,0.0
PFO7,2023,3,ALTO PARANÁ,PROG.PENF,0.920121871399833
PFO7,2023,3,ALTO PARANÁ,PROD.PENF,1647.47993418409
PFO7,2023,3,ALTO PARANÁ,TOTAL PENEF,50449.4065602105
PFO8,2023,3,ALTO PARANÁ,ACCID.DEP,0.0
PFO8,2023,3,ALTO PARANÁ,PROG.DEP,0.16424234026873
PFO8,2023,3,ALTO PARANÁ,PROD.DEP,4552.91552113613
PFO8,2023,3,ALTO PARANÁ,TOTAL DEP,54558.8178512536
PFO8,2023,3,ALTO PARANÁ,ACCID.FEP,1.0
PFO8,2023,3,ALTO PARANÁ,PROG.FEP,0.318085278086535
PFO8,2023,3,ALTO PARANÁ,PROD.FEP,1291.00666589345
PFO8,2023,3,ALTO PARANÁ,TOTAL FEP,64279.8628879224
PFO8,2023,3,ALTO PARANÁ,ACCID.PENF,6.0
PFO8,2023,3,ALTO PARANÁ,PROG.PENF,0.479577129620586
PFO8,2023,3,ALTO PARANÁ,PROD.PENF,1012.9913987527
PFO8,2023,3,ALTO PARANÁ,TOTAL PENEF,50038.0812154552
PFO9,2023,3,ALTO PARANÁ,ACCID.DEP,8.0
PFO9,2023,3,ALTO PARANÁ,PROG.DEP,0.932880737609205
PFO9,2023,3,ALTO PARANÁ,PROD.DEP,2453.61542105394
PFO9,2023,3,ALTO PARANÁ,TOTAL DEP,62359.7602530435
PFO9,2023,3,ALTO PARANÁ,ACCID.FEP,1.0
PFO9,2023,3,ALTO PARANÁ,PROG.FEP,0.919094312035089
PFO9,2023,3,ALTO PARANÁ,PROD.FEP,1833.24193874113
PFO9,2023,3,ALTO PARANÁ,TOTAL FEP,64819.4441210673
PFO9,2023,3,ALTO PARANÁ,ACCID.PENF,9.0
PFO9,2023,3,ALTO PARANÁ,PROG.PENF,0.4470929978123
PFO9,2023,3,ALTO PARANÁ,PROD.PENF,2467.31035416974
PFO9,2023,3,ALTO PARANÁ,TOTAL PENEF,53091.1853235668
PIH1,2023,3,ALTO PARANÁ,ACCID.DEP,2.0
PIH1,2023,3,ALTO PARANÁ,PROG.DEP,0.495179517183168
PIH1,2023,3,ALTO PARANÁ,PROD.DEP,1127.85732632095
PIH1,2023,3,ALTO PARANÁ,TOTAL DEP,57375.4790996117
PIH1,2023,3,ALTO PARANÁ,ACCID.FEP,7.0
PIH1,2023,3,ALTO PARANÁ,PROG.FEP,0.352627147980758
PIH1,2023,3,ALTO PARANÁ,PROD.FEP,2863.26624377176
PIH1,2023,3,ALTO PARANÁ,TOTAL FEP,55591.1695161653
PFO5,2023,3,ALTO PARANÁ,PROG.FEP,0.793766232101996
PFO2,2023,3,ALTO PARANÁ,PROG.FEP,0.267817844141201
PFO6,2023,3,ALTO PARANÁ,TOTAL DEP,63429.0677407522
PIH1,2023,3,ALTO PARANÁ,ACCID.PENF,3.0
PIH2,2023,3,ALTO PARANÁ,ACCID.DEP,6.0
PIH2,2023,3,ALTO PARANÁ,PROG.DEP,0.238090729123393
PIH2,2023,3,ALTO PARANÁ,PROD.DEP,1425.15353911886
PIH2,2023,3,ALTO PARANÁ,TOTAL DEP,63686.7489224235
PIH2,2023,3,ALTO PARANÁ,ACCID.FEP,6.0
PIH2,2023,3,ALTO PARANÁ,PROG.FEP,0.708308232568414
PIH2,2023,3,ALTO PARANÁ,PROD.FEP,2360.86336573874
PIH2,2023,3,ALTO PARANÁ,TOTAL FEP,62998.7534553914
PIH2,2023,3,ALTO PARANÁ,ACCID.PENF,1.0
PIH2,2023,3,ALTO PARANÁ,PROG.PENF,0.638359270414741
PIH2,2023,3,ALTO PARANÁ,PROD.PENF,3286.01796116286
PIH2,2023,3,ALTO PARANÁ,TOTAL PENEF,68856.1534343143
PIH3,2023,3,ALTO PARANÁ,ACCID.DEP,1.0
PIH3,2023,3,ALTO PARANÁ,PROG.DEP,0.767844979877562
PIH3,2023,3,ALTO PARANÁ,PROD.DEP,3717.10073251628
PIH3,2023,3,ALTO PARANÁ,TOTAL DEP,55490.582443143
PIH3,2023,3,ALTO PARANÁ,ACCID.FEP,6.0
PIH3,2023,3,ALTO PARANÁ,PROG.FEP,0.784426804201578
PIH3,2023,3,ALTO PARANÁ,PROD.FEP,1137.33929480799
PIH3,2023,3,ALTO PARANÁ,TOTAL FEP,58873.5049584848
PIH3,2023,3,ALTO PARANÁ,ACCID.PENF,1.0
PIH3,2023,3,ALTO PARANÁ,PROG.PENF,0.312744598815135
PIH3,2023,3,ALTO PARANÁ,PROD.PENF,2004.90537377666
PIH3,2023,3,ALTO PARANÁ,TOTAL PENEF,59645.137858125
PIH4,2023,3,ALTO PARANÁ,ACCID.DEP,6.0
PIH4,2023,3,ALTO PARANÁ,PROG.DEP,0.571466181156411
PIH4,2023,3,ALTO PARANÁ,PROD.DEP,4006.22079575408
PIH4,2023,3,ALTO PARANÁ,TOTAL DEP,55059.3758256682
PIH4,2023,3,ALTO PARANÁ,ACCID.FEP,5.0
PIH4,2023,3,ALTO PARANÁ,PROG.FEP,0.926324239368944
PIH4,2023,3,ALTO PARANÁ,PROD.FEP,4282.11149811451
PIH4,2023,3,ALTO PARANÁ,TOTAL FEP,52332.8093145846
PIH4,2023,3,ALTO PARANÁ,ACCID.PENF,8.0
PIH4,2023,3,ALTO PARANÁ,PROG.PENF,0.67862215658985
PIH4,2023,3,ALTO PARANÁ,PROD.PENF,2246.26217424396
PIH4,2023,3,ALTO PARANÁ,TOTAL PENEF,60105.4892880677
PIH5,2023,3,ALTO PARANÁ,ACCID.DEP,9.0
PIH5,2023,3,ALTO PARANÁ,PROG.DEP,0.874265195052026
PIH5,2023,3,ALTO PARANÁ,PROD.DEP,1931.79182645387
PIH5,2023,3,ALTO PARANÁ,TOTAL DEP,64455.1285970687
PIH5,2023,3,ALTO PARANÁ,ACCID.FEP,1.0
PIH5,2023,3,ALTO PARANÁ,PROG.FEP,0.434072009151854
PIH5,2023,3,ALTO PARANÁ,PROD.FEP,4736.98406124774
PIH5,2023,3,ALTO PARANÁ,TOTAL FEP,58800.2556611961
PIH5,2023,3,ALTO PARANÁ,ACCID.PENF,0.0
PIH5,2023,3,ALTO PARANÁ,PROG.PENF,0.400790553502058
PIH5,2023,3,ALTO PARANÁ,PROD.PENF,1292.89164177595
PIH5,2023,3,ALTO PARANÁ,TOTAL PENEF,69774.3933850419
SGA1,2023,3,CANINDEYU,ACCID.DEP,3.0
SGA1,2023,3,CANINDEYU,PROG.DEP,0.180083004255703
SGA1,2023,3,CANINDEYU,PROD.DEP,2389.69807107808
SGA1,2023,3,CANINDEYU,TOTAL DEP,69428.5075980891
SGA1,2023,3,CANINDEYU,ACCID.FEP,4.0
SGA1,2023,3,CANINDEYU,PROG.FEP,0.218246861216084
SGA1,2023,3,CANINDEYU,PROD.FEP,1577.84628245651
SGA1,2023,3,CANINDEYU,TOTAL FEP,55446.5204563982
SGA1,2023,3,CANINDEYU,ACCID.PENF,6.0
SGA1,2023,3,CANINDEYU,PROG.PENF,0.872027965944668
SGA1,2023,3,CANINDEYU,PROD.PENF,2955.8844718217
SGA1,2023,3,CANINDEYU,TOTAL PENEF,52190.2507053611
SGA2,2023,3,CANINDEYU,ACCID.DEP,1.0
SGA2,2023,3,CANINDEYU,PROG.DEP,0.683063383019533
SGA2,2023,3,CANINDEYU,PROD.DEP,1042.99140324528
SGA2,2023,3,CANINDEYU,TOTAL DEP,67694.7147157408
SGA2,2023,3,CANINDEYU,ACCID.FEP,4.0
SGA2,2023,3,CANINDEYU,PROG.FEP,0.704958319861304
SGA2,2023,3,CANINDEYU,PROD.FEP,1220.42409558581
SGA2,2023,3,CANINDEYU,TOTAL FEP,68022.8025161197
SGA2,2023,3,CANINDEYU,ACCID.PENF,8.0
SGA2,2023,3,CANINDEYU,PROG.PENF,0.608072471247637
SGA2,2023,3,CANINDEYU,PROD.PENF,4936.63869152669
SGA2,2023,3,CANINDEYU,TOTAL PENEF,53729.6945301962
SGA3,2023,3,CANINDEYU,ACCID.DEP,5.0
SGA3,2023,3,CANINDEYU,PROG.DEP,0.882065249563308
SGA3,2023,3,CANINDEYU,PROD.DEP,4691.50625107951
SGA3,2023,3,CANINDEYU,TOTAL DEP,52425.4731577163
SGA3,2023,3,CANINDEYU,ACCID.FEP,9.0
SGA3,2023,3,CANINDEYU,PROG.FEP,0.515868731545597
SGA3,2023,3,CANINDEYU,PROD.FEP,3666.88451286314
SGA3,2023,3,CANINDEYU,TOTAL FEP,66760.9651485034
SGA3,2023,3,CANINDEYU,ACCID.PENF,4.0
SGA3,2023,3,CANINDEYU,PROG.PENF,0.490438627641703
SGA3,2023,3,CANINDEYU,PROD.PENF,3640.5352274734
SGA3,2023,3,CANINDEYU,TOTAL PENEF,59329.0512319556
SGA4,2023,3,CANINDEYU,ACCID.DEP,6.0
SGA4,2023,3,CANINDEYU,PROG.DEP,0.431742748176078
SGA4,2023,3,CANINDEYU,PROD.DEP,4905.9057396174
SGA4,2023,3,CANINDEYU,TOTAL DEP,68933.3661458682
SGA4,2023,3,CANINDEYU,ACCID.FEP,4.0
SGA4,2023,3,CANINDEYU,PROG.FEP,0.98523179779841
SGA4,2023,3,CANINDEYU,PROD.FEP,1917.19134174128
SGA4,2023,3,CANINDEYU,TOTAL FEP,69532.6262291652
SGA4,2023,3,CANINDEYU,ACCID.PENF,5.0
SGA4,2023,3,CANINDEYU,PROG.PENF,0.556767640682368
SGA4,2023,3,CANINDEYU,PROD.PENF,4050.52078251839
SGA4,2023,3,CANINDEYU,TOTAL PENEF,56143.090841032
PIH1,2023,3,ALTO PARANÁ,PROD.PENF,1997.21655674665
PIH1,2023,3,ALTO PARANÁ,PROG.PENF,0.124805225917085
PIH1,2023,3,ALTO PARANÁ,TOTAL PENEF,61546.1889942058
SGA5,2023,3,CANINDEYU,ACCID.DEP,9.0
SGA5,2023,3,CANINDEYU,ACCID.FEP,6.0
SGA5,2023,3,CANINDEYU,PROG.FEP,0.563357593104102
SGA5,2023,3,CANINDEYU,PROD.FEP,3110.76531816378
SGA5,2023,3,CANINDEYU,TOTAL FEP,57203.613155821
SGA5,2023,3,CANINDEYU,ACCID.PENF,7.0
SGA5,2023,3,CANINDEYU,PROG.PENF,0.118945935265155
SGA5,2023,3,CANINDEYU,PROD.PENF,1850.11887590546
SGA5,2023,3,CANINDEYU,TOTAL PENEF,51201.0913745469
SGA6,2023,3,CANINDEYU,ACCID.DEP,0.0
SGA6,2023,3,CANINDEYU,PROG.DEP,0.870661601451243
SGA6,2023,3,CANINDEYU,PROD.DEP,3230.89039612196
SGA6,2023,3,CANINDEYU,TOTAL DEP,58630.230981092
SGA6,2023,3,CANINDEYU,ACCID.FEP,3.0
SGA6,2023,3,CANINDEYU,PROG.FEP,0.434806150071796
SGA6,2023,3,CANINDEYU,PROD.FEP,1754.54908900386
SGA6,2023,3,CANINDEYU,TOTAL FEP,54965.2488622555
SGA6,2023,3,CANINDEYU,ACCID.PENF,2.0
SGA6,2023,3,CANINDEYU,PROG.PENF,0.314965448792927
SGA6,2023,3,CANINDEYU,PROD.PENF,1062.08945875454
SGA6,2023,3,CANINDEYU,TOTAL PENEF,67866.3226442692
SRI1,2023,3,ALTO PARANÁ,ACCID.DEP,6.0
SRI1,2023,3,ALTO PARANÁ,PROG.DEP,0.907418367594417
SRI1,2023,3,ALTO PARANÁ,PROD.DEP,4075.73772267507
SRI1,2023,3,ALTO PARANÁ,TOTAL DEP,58761.9145338818
SRI1,2023,3,ALTO PARANÁ,ACCID.FEP,6.0
SRI1,2023,3,ALTO PARANÁ,PROG.FEP,0.54720123884929
SRI1,2023,3,ALTO PARANÁ,PROD.FEP,3777.83174467568
SRI1,2023,3,ALTO PARANÁ,TOTAL FEP,58508.3237486733
SRI1,2023,3,ALTO PARANÁ,ACCID.PENF,0.0
SRI1,2023,3,ALTO PARANÁ,PROG.PENF,0.431772214311084
SRI1,2023,3,ALTO PARANÁ,PROD.PENF,4324.66772723586
SRI1,2023,3,ALTO PARANÁ,TOTAL PENEF,62116.4848055457
SRI2,2023,3,ALTO PARANÁ,ACCID.DEP,0.0
SRI2,2023,3,ALTO PARANÁ,PROG.DEP,0.769858328649726
SRI2,2023,3,ALTO PARANÁ,PROD.DEP,1380.30798178849
SRI2,2023,3,ALTO PARANÁ,TOTAL DEP,65035.2678324516
SRI2,2023,3,ALTO PARANÁ,ACCID.FEP,3.0
SRI2,2023,3,ALTO PARANÁ,PROG.FEP,0.609957692712537
SRI2,2023,3,ALTO PARANÁ,PROD.FEP,1050.0836077765
SRI2,2023,3,ALTO PARANÁ,TOTAL FEP,55938.4843541962
SRI2,2023,3,ALTO PARANÁ,ACCID.PENF,6.0
SRI2,2023,3,ALTO PARANÁ,PROG.PENF,0.922088503496357
SRI2,2023,3,ALTO PARANÁ,PROD.PENF,3486.96514075056
SRI2,2023,3,ALTO PARANÁ,TOTAL PENEF,64903.7811269824
SRI3,2023,3,ALTO PARANÁ,ACCID.DEP,8.0
SRI3,2023,3,ALTO PARANÁ,PROG.DEP,0.884781284798899
SRI3,2023,3,ALTO PARANÁ,PROD.DEP,2820.18969651637
SRI3,2023,3,ALTO PARANÁ,TOTAL DEP,68724.0249377391
SRI3,2023,3,ALTO PARANÁ,ACCID.FEP,5.0
SRI3,2023,3,ALTO PARANÁ,PROG.FEP,0.996270396877924
SRI3,2023,3,ALTO PARANÁ,PROD.FEP,4639.14993985304
SRI3,2023,3,ALTO PARANÁ,TOTAL FEP,64591.5214421544
SRI3,2023,3,ALTO PARANÁ,ACCID.PENF,7.0
SRI3,2023,3,ALTO PARANÁ,PROG.PENF,0.459435010215192
SRI3,2023,3,ALTO PARANÁ,PROD.PENF,1405.41922714748
SRI3,2023,3,ALTO PARANÁ,TOTAL PENEF,66280.6813388158
SRI4,2023,3,ALTO PARANÁ,ACCID.DEP,5.0
SRI4,2023,3,ALTO PARANÁ,PROG.DEP,0.678743026678783
SRI4,2023,3,ALTO PARANÁ,PROD.DEP,4065.38292598285
SRI4,2023,3,ALTO PARANÁ,TOTAL DEP,63279.4804246805
SRI4,2023,3,ALTO PARANÁ,ACCID.FEP,9.0
SRI4,2023,3,ALTO PARANÁ,PROG.FEP,0.489249494470372
SRI4,2023,3,ALTO PARANÁ,PROD.FEP,4804.72440643805
SRI4,2023,3,ALTO PARANÁ,TOTAL FEP,67353.9740135716
SRI4,2023,3,ALTO PARANÁ,ACCID.PENF,2.0
SRI4,2023,3,ALTO PARANÁ,PROG.PENF,0.769474688306813
SRI4,2023,3,ALTO PARANÁ,PROD.PENF,3514.86450819225
SRI4,2023,3,ALTO PARANÁ,TOTAL PENEF,55313.3400772977
ACY1,2023,4,ALTO PARANÁ,ACCID.DEP,8.0
ACY1,2023,4,ALTO PARANÁ,PROG.DEP,0.869118551112067
ACY1,2023,4,ALTO PARANÁ,PROD.DEP,2067.80170438451
ACY1,2023,4,ALTO PARANÁ,TOTAL DEP,58522.0502645141
ACY1,2023,4,ALTO PARANÁ,ACCID.FEP,7.0
ACY1,2023,4,ALTO PARANÁ,PROG.FEP,0.713474204141687
ACY1,2023,4,ALTO PARANÁ,PROD.FEP,2351.75716721805
ACY1,2023,4,ALTO PARANÁ,TOTAL FEP,58926.1306332533
ACY1,2023,4,ALTO PARANÁ,ACCID.PENF,0.0
ACY1,2023,4,ALTO PARANÁ,PROG.PENF,0.931873028393351
ACY1,2023,4,ALTO PARANÁ,PROD.PENF,1886.44686927163
ACY1,2023,4,ALTO PARANÁ,TOTAL PENEF,68655.0789598623
ACY2,2023,4,ALTO PARANÁ,ACCID.DEP,0.0
ACY2,2023,4,ALTO PARANÁ,PROG.DEP,0.950894987982145
ACY2,2023,4,ALTO PARANÁ,PROD.DEP,1990.58904644545
ACY2,2023,4,ALTO PARANÁ,TOTAL DEP,53731.357778271
ACY2,2023,4,ALTO PARANÁ,ACCID.FEP,5.0
ACY2,2023,4,ALTO PARANÁ,PROG.FEP,0.6971948033114
ACY2,2023,4,ALTO PARANÁ,PROD.FEP,2802.92719219628
ACY2,2023,4,ALTO PARANÁ,TOTAL FEP,68788.9794517323
ACY2,2023,4,ALTO PARANÁ,ACCID.PENF,6.0
ACY2,2023,4,ALTO PARANÁ,PROG.PENF,0.408736097996287
ACY2,2023,4,ALTO PARANÁ,PROD.PENF,2680.4206883808
ACY2,2023,4,ALTO PARANÁ,TOTAL PENEF,64763.2753909116
ACY3,2023,4,ALTO PARANÁ,ACCID.DEP,0.0
ACY3,2023,4,ALTO PARANÁ,PROG.DEP,0.365734598861963
ACY3,2023,4,ALTO PARANÁ,PROD.DEP,2690.22615636519
ACY3,2023,4,ALTO PARANÁ,TOTAL DEP,54062.8363539713
SGA5,2023,3,CANINDEYU,TOTAL DEP,58839.8365028837
SGA5,2023,3,CANINDEYU,PROG.DEP,0.384566828820577
SGA5,2023,3,CANINDEYU,PROD.DEP,3909.27248429545
ACY3,2023,4,ALTO PARANÁ,ACCID.FEP,4.0
ACY3,2023,4,ALTO PARANÁ,PROG.FEP,0.810005192018147
ACY3,2023,4,ALTO PARANÁ,PROG.PENF,0.758093074593305
ACY3,2023,4,ALTO PARANÁ,PROD.PENF,2572.48167395538
ACY3,2023,4,ALTO PARANÁ,TOTAL PENEF,68969.6053914895
ACY4,2023,4,ALTO PARANÁ,ACCID.DEP,4.0
ACY4,2023,4,ALTO PARANÁ,PROG.DEP,0.794320627952676
ACY4,2023,4,ALTO PARANÁ,PROD.DEP,2046.55646866016
ACY4,2023,4,ALTO PARANÁ,TOTAL DEP,68674.2085956655
ACY4,2023,4,ALTO PARANÁ,ACCID.FEP,1.0
ACY4,2023,4,ALTO PARANÁ,PROG.FEP,0.958811893816005
ACY4,2023,4,ALTO PARANÁ,PROD.FEP,1681.85222547051
ACY4,2023,4,ALTO PARANÁ,TOTAL FEP,62374.9381448552
ACY4,2023,4,ALTO PARANÁ,ACCID.PENF,0.0
ACY4,2023,4,ALTO PARANÁ,PROG.PENF,0.889738402967796
ACY4,2023,4,ALTO PARANÁ,PROD.PENF,2217.34034650663
ACY4,2023,4,ALTO PARANÁ,TOTAL PENEF,53350.2162217227
ACY5,2023,4,ALTO PARANÁ,ACCID.DEP,4.0
ACY5,2023,4,ALTO PARANÁ,PROG.DEP,0.772339885585436
ACY5,2023,4,ALTO PARANÁ,PROD.DEP,2830.27824765237
ACY5,2023,4,ALTO PARANÁ,TOTAL DEP,64837.1445384401
ACY5,2023,4,ALTO PARANÁ,ACCID.FEP,7.0
ACY5,2023,4,ALTO PARANÁ,PROG.FEP,0.988184009416378
ACY5,2023,4,ALTO PARANÁ,PROD.FEP,3807.01253201716
ACY5,2023,4,ALTO PARANÁ,TOTAL FEP,57798.9653948322
ACY5,2023,4,ALTO PARANÁ,ACCID.PENF,4.0
ACY5,2023,4,ALTO PARANÁ,PROG.PENF,0.125366623065076
ACY5,2023,4,ALTO PARANÁ,PROD.PENF,2282.26906340833
ACY5,2023,4,ALTO PARANÁ,TOTAL PENEF,62730.6245996455
ACY6,2023,4,ALTO PARANÁ,ACCID.DEP,0.0
ACY6,2023,4,ALTO PARANÁ,PROG.DEP,0.206063305667962
ACY6,2023,4,ALTO PARANÁ,PROD.DEP,4826.50947386834
ACY6,2023,4,ALTO PARANÁ,TOTAL DEP,61924.3918586064
ACY6,2023,4,ALTO PARANÁ,ACCID.FEP,4.0
ACY6,2023,4,ALTO PARANÁ,PROG.FEP,0.967505585795943
ACY6,2023,4,ALTO PARANÁ,PROD.FEP,1984.5145870386
ACY6,2023,4,ALTO PARANÁ,TOTAL FEP,68097.8374033668
ACY6,2023,4,ALTO PARANÁ,ACCID.PENF,9.0
ACY6,2023,4,ALTO PARANÁ,PROG.PENF,0.579996807466721
ACY6,2023,4,ALTO PARANÁ,PROD.PENF,2416.48828905141
ACY6,2023,4,ALTO PARANÁ,TOTAL PENEF,63935.3236597115
ACY7,2023,4,ALTO PARANÁ,ACCID.DEP,7.0
ACY7,2023,4,ALTO PARANÁ,PROG.DEP,0.41692877784883
ACY7,2023,4,ALTO PARANÁ,PROD.DEP,2477.89847252569
ACY7,2023,4,ALTO PARANÁ,TOTAL DEP,67399.56820402
ACY7,2023,4,ALTO PARANÁ,ACCID.FEP,8.0
ACY7,2023,4,ALTO PARANÁ,PROG.FEP,0.794613904307505
ACY7,2023,4,ALTO PARANÁ,PROD.FEP,2125.88846703385
ACY7,2023,4,ALTO PARANÁ,TOTAL FEP,61095.6526139049
ACY7,2023,4,ALTO PARANÁ,ACCID.PENF,9.0
ACY7,2023,4,ALTO PARANÁ,PROG.PENF,0.198057848140244
ACY7,2023,4,ALTO PARANÁ,PROD.PENF,3035.75441089756
ACY7,2023,4,ALTO PARANÁ,TOTAL PENEF,69268.4589238786
ACY8,2023,4,ALTO PARANÁ,ACCID.DEP,0.0
ACY8,2023,4,ALTO PARANÁ,PROG.DEP,0.967808884875724
ACY8,2023,4,ALTO PARANÁ,PROD.DEP,3760.76521250663
ACY8,2023,4,ALTO PARANÁ,TOTAL DEP,66961.6737913627
ACY8,2023,4,ALTO PARANÁ,ACCID.FEP,4.0
ACY8,2023,4,ALTO PARANÁ,PROG.FEP,0.299651900814228
ACY8,2023,4,ALTO PARANÁ,PROD.FEP,3633.33649744146
ACY8,2023,4,ALTO PARANÁ,TOTAL FEP,63949.7068785043
ACY8,2023,4,ALTO PARANÁ,ACCID.PENF,4.0
ACY8,2023,4,ALTO PARANÁ,PROG.PENF,0.768539465754777
ACY8,2023,4,ALTO PARANÁ,PROD.PENF,4743.31863557226
ACY8,2023,4,ALTO PARANÁ,TOTAL PENEF,55769.5009595293
ACY9,2023,4,ALTO PARANÁ,ACCID.DEP,0.0
ACY9,2023,4,ALTO PARANÁ,PROG.DEP,0.241662528334799
ACY9,2023,4,ALTO PARANÁ,PROD.DEP,1644.34628174202
ACY9,2023,4,ALTO PARANÁ,TOTAL DEP,66307.5252044308
ACY9,2023,4,ALTO PARANÁ,ACCID.FEP,2.0
ACY9,2023,4,ALTO PARANÁ,PROG.FEP,0.538694982073137
ACY9,2023,4,ALTO PARANÁ,PROD.FEP,1548.94705697775
ACY9,2023,4,ALTO PARANÁ,TOTAL FEP,58630.8518191407
ACY9,2023,4,ALTO PARANÁ,ACCID.PENF,7.0
ACY9,2023,4,ALTO PARANÁ,PROG.PENF,0.139130087422413
ACY9,2023,4,ALTO PARANÁ,PROD.PENF,2092.90311280996
ACY9,2023,4,ALTO PARANÁ,TOTAL PENEF,66175.2546005468
APR10,2023,4,ALTO PARANÁ,ACCID.DEP,4.0
APR10,2023,4,ALTO PARANÁ,PROG.DEP,0.450583037743014
APR10,2023,4,ALTO PARANÁ,PROD.DEP,1593.67330919871
APR10,2023,4,ALTO PARANÁ,TOTAL DEP,63391.690079
APR10,2023,4,ALTO PARANÁ,ACCID.FEP,2.0
APR10,2023,4,ALTO PARANÁ,PROG.FEP,0.177298577536
APR10,2023,4,ALTO PARANÁ,PROD.FEP,1302.38452273325
APR10,2023,4,ALTO PARANÁ,TOTAL FEP,63141.1115692108
APR10,2023,4,ALTO PARANÁ,ACCID.PENF,2.0
APR10,2023,4,ALTO PARANÁ,PROG.PENF,0.909791779467703
APR10,2023,4,ALTO PARANÁ,PROD.PENF,1684.82539483054
APR10,2023,4,ALTO PARANÁ,TOTAL PENEF,64647.5230808743
APR11,2023,4,ALTO PARANÁ,ACCID.DEP,6.0
APR11,2023,4,ALTO PARANÁ,PROG.DEP,0.12109848015138
APR11,2023,4,ALTO PARANÁ,PROD.DEP,2157.98850349954
APR11,2023,4,ALTO PARANÁ,TOTAL DEP,52247.1053979583
APR11,2023,4,ALTO PARANÁ,ACCID.FEP,6.0
APR11,2023,4,ALTO PARANÁ,PROG.FEP,0.179202154660319
APR11,2023,4,ALTO PARANÁ,PROD.FEP,4505.51720457841
APR11,2023,4,ALTO PARANÁ,TOTAL FEP,62986.8634128829
ACY3,2023,4,ALTO PARANÁ,TOTAL FEP,58000.3765227865
ACY3,2023,4,ALTO PARANÁ,PROD.FEP,4440.22756151506
ACY3,2023,4,ALTO PARANÁ,ACCID.PENF,6.0
APR11,2023,4,ALTO PARANÁ,ACCID.PENF,4.0
APR12,2023,4,ALTO PARANÁ,ACCID.DEP,6.0
APR12,2023,4,ALTO PARANÁ,PROG.DEP,0.648412529499342
APR12,2023,4,ALTO PARANÁ,PROD.DEP,1936.18107377224
APR12,2023,4,ALTO PARANÁ,TOTAL DEP,54886.6858947684
APR12,2023,4,ALTO PARANÁ,ACCID.FEP,8.0
APR12,2023,4,ALTO PARANÁ,PROG.FEP,0.973863497654926
APR12,2023,4,ALTO PARANÁ,PROD.FEP,3808.75475976898
APR12,2023,4,ALTO PARANÁ,TOTAL FEP,58381.0523160086
APR12,2023,4,ALTO PARANÁ,ACCID.PENF,0.0
APR12,2023,4,ALTO PARANÁ,PROG.PENF,0.784985727312358
APR12,2023,4,ALTO PARANÁ,PROD.PENF,3376.67049871036
APR12,2023,4,ALTO PARANÁ,TOTAL PENEF,53004.2469195906
APR13,2023,4,ALTO PARANÁ,ACCID.DEP,9.0
APR13,2023,4,ALTO PARANÁ,PROG.DEP,0.4461102926406
APR13,2023,4,ALTO PARANÁ,PROD.DEP,2535.81665967563
APR13,2023,4,ALTO PARANÁ,TOTAL DEP,56483.8989337423
APR13,2023,4,ALTO PARANÁ,ACCID.FEP,3.0
APR13,2023,4,ALTO PARANÁ,PROG.FEP,0.674000951514464
APR13,2023,4,ALTO PARANÁ,PROD.FEP,4487.19987072801
APR13,2023,4,ALTO PARANÁ,TOTAL FEP,55321.5795053551
APR13,2023,4,ALTO PARANÁ,ACCID.PENF,7.0
APR13,2023,4,ALTO PARANÁ,PROG.PENF,0.350508749896713
APR13,2023,4,ALTO PARANÁ,PROD.PENF,3661.52675144512
APR13,2023,4,ALTO PARANÁ,TOTAL PENEF,59389.528233765
APR14,2023,4,ALTO PARANÁ,ACCID.DEP,3.0
APR14,2023,4,ALTO PARANÁ,PROG.DEP,0.183231220104084
APR14,2023,4,ALTO PARANÁ,PROD.DEP,1160.51590575576
APR14,2023,4,ALTO PARANÁ,TOTAL DEP,54834.266007299
APR14,2023,4,ALTO PARANÁ,ACCID.FEP,5.0
APR14,2023,4,ALTO PARANÁ,PROG.FEP,0.702553541425653
APR14,2023,4,ALTO PARANÁ,PROD.FEP,2352.28132441157
APR14,2023,4,ALTO PARANÁ,TOTAL FEP,68390.4840661427
APR14,2023,4,ALTO PARANÁ,ACCID.PENF,7.0
APR14,2023,4,ALTO PARANÁ,PROG.PENF,0.312171972085363
APR14,2023,4,ALTO PARANÁ,PROD.PENF,1323.45146493521
APR14,2023,4,ALTO PARANÁ,TOTAL PENEF,60444.7907603077
APR2,2023,4,ALTO PARANÁ,ACCID.DEP,7.0
APR2,2023,4,ALTO PARANÁ,PROG.DEP,0.727822469078673
APR2,2023,4,ALTO PARANÁ,PROD.DEP,2056.42666716408
APR2,2023,4,ALTO PARANÁ,TOTAL DEP,65776.7348827317
APR2,2023,4,ALTO PARANÁ,ACCID.FEP,9.0
APR2,2023,4,ALTO PARANÁ,PROG.FEP,0.131354720862027
APR2,2023,4,ALTO PARANÁ,PROD.FEP,1179.1276570947
APR2,2023,4,ALTO PARANÁ,TOTAL FEP,63843.2161759032
APR2,2023,4,ALTO PARANÁ,ACCID.PENF,8.0
APR2,2023,4,ALTO PARANÁ,PROG.PENF,0.306060324668495
APR2,2023,4,ALTO PARANÁ,PROD.PENF,4423.53297111605
APR2,2023,4,ALTO PARANÁ,TOTAL PENEF,54819.7766785941
APR3,2023,4,ALTO PARANÁ,ACCID.DEP,9.0
APR3,2023,4,ALTO PARANÁ,PROG.DEP,0.235910310816579
APR3,2023,4,ALTO PARANÁ,PROD.DEP,3571.53150492114
APR3,2023,4,ALTO PARANÁ,TOTAL DEP,62697.8066628809
APR3,2023,4,ALTO PARANÁ,ACCID.FEP,0.0
APR3,2023,4,ALTO PARANÁ,PROG.FEP,0.241534859559341
APR3,2023,4,ALTO PARANÁ,PROD.FEP,1182.24485282999
APR3,2023,4,ALTO PARANÁ,TOTAL FEP,50312.7054117469
APR3,2023,4,ALTO PARANÁ,ACCID.PENF,3.0
APR3,2023,4,ALTO PARANÁ,PROG.PENF,0.841056857009464
APR3,2023,4,ALTO PARANÁ,PROD.PENF,1312.5489210632
APR3,2023,4,ALTO PARANÁ,TOTAL PENEF,62675.9919946931
APR4,2023,4,ALTO PARANÁ,ACCID.DEP,4.0
APR4,2023,4,ALTO PARANÁ,PROG.DEP,0.933261396035649
APR4,2023,4,ALTO PARANÁ,PROD.DEP,4868.17811019091
APR4,2023,4,ALTO PARANÁ,TOTAL DEP,50164.208640858
APR4,2023,4,ALTO PARANÁ,ACCID.FEP,6.0
APR4,2023,4,ALTO PARANÁ,PROG.FEP,0.589441255739352
APR4,2023,4,ALTO PARANÁ,PROD.FEP,3690.41135120171
APR4,2023,4,ALTO PARANÁ,TOTAL FEP,52616.1337496585
APR4,2023,4,ALTO PARANÁ,ACCID.PENF,6.0
APR4,2023,4,ALTO PARANÁ,PROG.PENF,0.212088293171871
APR4,2023,4,ALTO PARANÁ,PROD.PENF,3197.55849409833
APR4,2023,4,ALTO PARANÁ,TOTAL PENEF,65403.500408163
APR5,2023,4,ALTO PARANÁ,ACCID.DEP,5.0
APR5,2023,4,ALTO PARANÁ,PROG.DEP,0.685611730476429
APR5,2023,4,ALTO PARANÁ,PROD.DEP,4089.97437370117
APR5,2023,4,ALTO PARANÁ,TOTAL DEP,65459.1027525204
APR5,2023,4,ALTO PARANÁ,ACCID.FEP,0.0
APR5,2023,4,ALTO PARANÁ,PROG.FEP,0.576561407763371
APR5,2023,4,ALTO PARANÁ,PROD.FEP,3371.36987175676
APR5,2023,4,ALTO PARANÁ,TOTAL FEP,60151.3184760366
APR5,2023,4,ALTO PARANÁ,ACCID.PENF,8.0
APR5,2023,4,ALTO PARANÁ,PROG.PENF,0.301287275821514
APR5,2023,4,ALTO PARANÁ,PROD.PENF,3159.79024750366
APR5,2023,4,ALTO PARANÁ,TOTAL PENEF,62974.5413867172
APR6,2023,4,ALTO PARANÁ,ACCID.DEP,5.0
APR6,2023,4,ALTO PARANÁ,PROG.DEP,0.84186681451961
APR6,2023,4,ALTO PARANÁ,PROD.DEP,2496.3026565974
APR6,2023,4,ALTO PARANÁ,TOTAL DEP,52992.2072081127
APR6,2023,4,ALTO PARANÁ,ACCID.FEP,8.0
APR6,2023,4,ALTO PARANÁ,PROG.FEP,0.922284829630523
APR6,2023,4,ALTO PARANÁ,PROD.FEP,4657.19452542237
APR6,2023,4,ALTO PARANÁ,TOTAL FEP,67316.2719449638
APR6,2023,4,ALTO PARANÁ,ACCID.PENF,2.0
APR6,2023,4,ALTO PARANÁ,PROG.PENF,0.110299960404468
APR6,2023,4,ALTO PARANÁ,PROD.PENF,4308.77189469878
APR6,2023,4,ALTO PARANÁ,TOTAL PENEF,58737.7232218301
APR11,2023,4,ALTO PARANÁ,PROG.PENF,0.280167794622495
APR11,2023,4,ALTO PARANÁ,PROD.PENF,4081.12793015389
APR11,2023,4,ALTO PARANÁ,TOTAL PENEF,50797.7819090605
APR8,2023,4,ALTO PARANÁ,ACCID.DEP,5.0
APR8,2023,4,ALTO PARANÁ,PROG.DEP,0.832637839437254
APR8,2023,4,ALTO PARANÁ,PROG.FEP,0.236942055065926
APR8,2023,4,ALTO PARANÁ,PROD.FEP,2302.80859389733
APR8,2023,4,ALTO PARANÁ,TOTAL FEP,56981.0919164401
APR8,2023,4,ALTO PARANÁ,ACCID.PENF,0.0
APR8,2023,4,ALTO PARANÁ,PROG.PENF,0.786637628625233
APR8,2023,4,ALTO PARANÁ,PROD.PENF,2599.86958042495
APR8,2023,4,ALTO PARANÁ,TOTAL PENEF,62704.2794945781
APR9,2023,4,ALTO PARANÁ,ACCID.DEP,7.0
APR9,2023,4,ALTO PARANÁ,PROG.DEP,0.686699298493804
APR9,2023,4,ALTO PARANÁ,PROD.DEP,2744.76623978175
APR9,2023,4,ALTO PARANÁ,TOTAL DEP,69731.6437014026
APR9,2023,4,ALTO PARANÁ,ACCID.FEP,6.0
APR9,2023,4,ALTO PARANÁ,PROG.FEP,0.752004344629921
APR9,2023,4,ALTO PARANÁ,PROD.FEP,3927.13961520201
APR9,2023,4,ALTO PARANÁ,TOTAL FEP,52839.0887980962
APR9,2023,4,ALTO PARANÁ,ACCID.PENF,2.0
APR9,2023,4,ALTO PARANÁ,PROG.PENF,0.218119467436023
APR9,2023,4,ALTO PARANÁ,PROD.PENF,1933.36922766959
APR9,2023,4,ALTO PARANÁ,TOTAL PENEF,63512.2292378836
CAT1,2023,4,CANINDEYU,ACCID.DEP,1.0
CAT1,2023,4,CANINDEYU,PROG.DEP,0.885896727500381
CAT1,2023,4,CANINDEYU,PROD.DEP,1008.96204760521
CAT1,2023,4,CANINDEYU,TOTAL DEP,66886.4894587155
CAT1,2023,4,CANINDEYU,ACCID.FEP,2.0
CAT1,2023,4,CANINDEYU,PROG.FEP,0.689937952067197
CAT1,2023,4,CANINDEYU,PROD.FEP,1795.59413536001
CAT1,2023,4,CANINDEYU,TOTAL FEP,58867.8285911977
CAT1,2023,4,CANINDEYU,ACCID.PENF,5.0
CAT1,2023,4,CANINDEYU,PROG.PENF,0.200296913047993
CAT1,2023,4,CANINDEYU,PROD.PENF,3369.60606739895
CAT1,2023,4,CANINDEYU,TOTAL PENEF,53043.9440704829
CAT10,2023,4,CANINDEYU,ACCID.DEP,0.0
CAT10,2023,4,CANINDEYU,PROG.DEP,0.676079119958253
CAT10,2023,4,CANINDEYU,PROD.DEP,1005.86448025898
CAT10,2023,4,CANINDEYU,TOTAL DEP,51849.6291717868
CAT10,2023,4,CANINDEYU,ACCID.FEP,7.0
CAT10,2023,4,CANINDEYU,PROG.FEP,0.279195226481244
CAT10,2023,4,CANINDEYU,PROD.FEP,3874.01256230667
CAT10,2023,4,CANINDEYU,TOTAL FEP,56238.0499654635
CAT10,2023,4,CANINDEYU,ACCID.PENF,0.0
CAT10,2023,4,CANINDEYU,PROG.PENF,0.919255278320189
CAT10,2023,4,CANINDEYU,PROD.PENF,4094.80627756919
CAT10,2023,4,CANINDEYU,TOTAL PENEF,50012.7510651067
CAT11,2023,4,CANINDEYU,ACCID.DEP,1.0
CAT11,2023,4,CANINDEYU,PROG.DEP,0.23823421023415
CAT11,2023,4,CANINDEYU,PROD.DEP,2871.36187873278
CAT11,2023,4,CANINDEYU,TOTAL DEP,67709.4190030627
CAT11,2023,4,CANINDEYU,ACCID.FEP,2.0
CAT11,2023,4,CANINDEYU,PROG.FEP,0.951757268656391
CAT11,2023,4,CANINDEYU,PROD.FEP,4427.17128761284
CAT11,2023,4,CANINDEYU,TOTAL FEP,52084.8422101103
CAT11,2023,4,CANINDEYU,ACCID.PENF,9.0
CAT11,2023,4,CANINDEYU,PROG.PENF,0.517339018826801
CAT11,2023,4,CANINDEYU,PROD.PENF,3563.09469405272
CAT11,2023,4,CANINDEYU,TOTAL PENEF,58770.4530637486
CAT2,2023,4,CANINDEYU,ACCID.DEP,6.0
CAT2,2023,4,CANINDEYU,PROG.DEP,0.120795688565138
CAT2,2023,4,CANINDEYU,PROD.DEP,1635.53978008954
CAT2,2023,4,CANINDEYU,TOTAL DEP,61898.8626174092
CAT2,2023,4,CANINDEYU,ACCID.FEP,6.0
CAT2,2023,4,CANINDEYU,PROG.FEP,0.60279699813852
CAT2,2023,4,CANINDEYU,PROD.FEP,4227.53567691827
CAT2,2023,4,CANINDEYU,TOTAL FEP,61679.9906453281
CAT2,2023,4,CANINDEYU,ACCID.PENF,7.0
CAT2,2023,4,CANINDEYU,PROG.PENF,0.595317925252132
CAT2,2023,4,CANINDEYU,PROD.PENF,2072.72695888852
CAT2,2023,4,CANINDEYU,TOTAL PENEF,65359.7069985212
CAT3,2023,4,CANINDEYU,ACCID.DEP,2.0
CAT3,2023,4,CANINDEYU,PROG.DEP,0.655014498372838
CAT3,2023,4,CANINDEYU,PROD.DEP,3898.81917177364
CAT3,2023,4,CANINDEYU,TOTAL DEP,59861.703760777
CAT3,2023,4,CANINDEYU,ACCID.FEP,1.0
CAT3,2023,4,CANINDEYU,PROG.FEP,0.386858734920911
CAT3,2023,4,CANINDEYU,PROD.FEP,3229.28464850049
CAT3,2023,4,CANINDEYU,TOTAL FEP,50870.0605117929
CAT3,2023,4,CANINDEYU,ACCID.PENF,0.0
CAT3,2023,4,CANINDEYU,PROG.PENF,0.510147352065372
CAT3,2023,4,CANINDEYU,PROD.PENF,2647.8719792597
CAT3,2023,4,CANINDEYU,TOTAL PENEF,68678.7961683188
CAT4,2023,4,CANINDEYU,ACCID.DEP,6.0
CAT4,2023,4,CANINDEYU,PROG.DEP,0.901115073774679
CAT4,2023,4,CANINDEYU,PROD.DEP,3584.04535991829
CAT4,2023,4,CANINDEYU,TOTAL DEP,53395.2389451661
CAT4,2023,4,CANINDEYU,ACCID.FEP,0.0
CAT4,2023,4,CANINDEYU,PROG.FEP,0.781572262059167
CAT4,2023,4,CANINDEYU,PROD.FEP,1141.85705499394
CAT4,2023,4,CANINDEYU,TOTAL FEP,55949.567602268
CAT4,2023,4,CANINDEYU,ACCID.PENF,9.0
CAT4,2023,4,CANINDEYU,PROG.PENF,0.111462657374275
CAT4,2023,4,CANINDEYU,PROD.PENF,4168.53961944317
CAT4,2023,4,CANINDEYU,TOTAL PENEF,64372.1616127418
CAT5,2023,4,CANINDEYU,ACCID.DEP,5.0
CAT5,2023,4,CANINDEYU,PROG.DEP,0.128161818628537
CAT5,2023,4,CANINDEYU,PROD.DEP,1996.78690096173
CAT5,2023,4,CANINDEYU,TOTAL DEP,62943.1309029274
APR8,2023,4,ALTO PARANÁ,TOTAL DEP,55963.4824674221
APR8,2023,4,ALTO PARANÁ,PROD.DEP,3002.30332065913
APR8,2023,4,ALTO PARANÁ,ACCID.FEP,4.0
CAT5,2023,4,CANINDEYU,ACCID.FEP,2.0
CAT5,2023,4,CANINDEYU,ACCID.PENF,9.0
CAT5,2023,4,CANINDEYU,PROG.PENF,0.691764658711644
CAT5,2023,4,CANINDEYU,PROD.PENF,3920.1602598581
CAT5,2023,4,CANINDEYU,TOTAL PENEF,51552.6962413768
CAT6,2023,4,CANINDEYU,ACCID.DEP,6.0
CAT6,2023,4,CANINDEYU,PROG.DEP,0.921300057638971
CAT6,2023,4,CANINDEYU,PROD.DEP,2285.43382767891
CAT6,2023,4,CANINDEYU,TOTAL DEP,53166.8676744764
CAT6,2023,4,CANINDEYU,ACCID.FEP,9.0
CAT6,2023,4,CANINDEYU,PROG.FEP,0.868502559988998
CAT6,2023,4,CANINDEYU,PROD.FEP,1462.0123866551
CAT6,2023,4,CANINDEYU,TOTAL FEP,68372.5027379975
CAT6,2023,4,CANINDEYU,ACCID.PENF,9.0
CAT6,2023,4,CANINDEYU,PROG.PENF,0.658231590381122
CAT6,2023,4,CANINDEYU,PROD.PENF,1243.29253535116
CAT6,2023,4,CANINDEYU,TOTAL PENEF,57481.2359977658
CAT7,2023,4,CANINDEYU,ACCID.DEP,8.0
CAT7,2023,4,CANINDEYU,PROG.DEP,0.259893298896171
CAT7,2023,4,CANINDEYU,PROD.DEP,2555.0816883767
CAT7,2023,4,CANINDEYU,TOTAL DEP,61898.8128630472
CAT7,2023,4,CANINDEYU,ACCID.FEP,7.0
CAT7,2023,4,CANINDEYU,PROG.FEP,0.547807468827129
CAT7,2023,4,CANINDEYU,PROD.FEP,4134.68000298003
CAT7,2023,4,CANINDEYU,TOTAL FEP,58500.67104389
CAT7,2023,4,CANINDEYU,ACCID.PENF,4.0
CAT7,2023,4,CANINDEYU,PROG.PENF,0.790932189568502
CAT7,2023,4,CANINDEYU,PROD.PENF,4125.43171991166
CAT7,2023,4,CANINDEYU,TOTAL PENEF,58230.1783454014
CAT8,2023,4,CANINDEYU,ACCID.DEP,6.0
CAT8,2023,4,CANINDEYU,PROG.DEP,0.125501558237746
CAT8,2023,4,CANINDEYU,PROD.DEP,3455.06868586545
CAT8,2023,4,CANINDEYU,TOTAL DEP,54564.0316624499
CAT8,2023,4,CANINDEYU,ACCID.FEP,8.0
CAT8,2023,4,CANINDEYU,PROG.FEP,0.56936108769158
CAT8,2023,4,CANINDEYU,PROD.FEP,4327.23499121168
CAT8,2023,4,CANINDEYU,TOTAL FEP,61640.9892257671
CAT8,2023,4,CANINDEYU,ACCID.PENF,0.0
CAT8,2023,4,CANINDEYU,PROG.PENF,0.945432441240746
CAT8,2023,4,CANINDEYU,PROD.PENF,1985.23370761927
CAT8,2023,4,CANINDEYU,TOTAL PENEF,65081.0576834705
CAT9,2023,4,CANINDEYU,ACCID.DEP,7.0
CAT9,2023,4,CANINDEYU,PROG.DEP,0.745004179967275
CAT9,2023,4,CANINDEYU,PROD.DEP,3481.64316706648
CAT9,2023,4,CANINDEYU,TOTAL DEP,68596.1193557591
CAT9,2023,4,CANINDEYU,ACCID.FEP,7.0
CAT9,2023,4,CANINDEYU,PROG.FEP,0.18914131747229
CAT9,2023,4,CANINDEYU,PROD.FEP,3575.96160215377
CAT9,2023,4,CANINDEYU,TOTAL FEP,60980.2179136102
CAT9,2023,4,CANINDEYU,ACCID.PENF,3.0
CAT9,2023,4,CANINDEYU,PROG.PENF,0.929004844325886
CAT9,2023,4,CANINDEYU,PROD.PENF,2325.34594883734
CAT9,2023,4,CANINDEYU,TOTAL PENEF,64896.1162727201
CUR1,2023,4,CANINDEYU,ACCID.DEP,5.0
CUR1,2023,4,CANINDEYU,PROG.DEP,0.191685222108307
CUR1,2023,4,CANINDEYU,PROD.DEP,2922.67844225036
CUR1,2023,4,CANINDEYU,TOTAL DEP,61970.989630927
CUR1,2023,4,CANINDEYU,ACCID.FEP,3.0
CUR1,2023,4,CANINDEYU,PROG.FEP,0.277706964690437
CUR1,2023,4,CANINDEYU,PROD.FEP,1707.03661862
CUR1,2023,4,CANINDEYU,TOTAL FEP,67021.3431685865
CUR1,2023,4,CANINDEYU,ACCID.PENF,7.0
CUR1,2023,4,CANINDEYU,PROG.PENF,0.42022777888215
CUR1,2023,4,CANINDEYU,PROD.PENF,1628.88373987846
CUR1,2023,4,CANINDEYU,TOTAL PENEF,56422.9920610891
CUR2,2023,4,CANINDEYU,ACCID.DEP,2.0
CUR2,2023,4,CANINDEYU,PROG.DEP,0.730145187725693
CUR2,2023,4,CANINDEYU,PROD.DEP,3749.75020587376
CUR2,2023,4,CANINDEYU,TOTAL DEP,59472.4163969325
CUR2,2023,4,CANINDEYU,ACCID.FEP,3.0
CUR2,2023,4,CANINDEYU,PROG.FEP,0.325616631321292
CUR2,2023,4,CANINDEYU,PROD.FEP,2709.5754145579
CUR2,2023,4,CANINDEYU,TOTAL FEP,69822.1726807272
CUR2,2023,4,CANINDEYU,ACCID.PENF,1.0
CUR2,2023,4,CANINDEYU,PROG.PENF,0.90041753969508
CUR2,2023,4,CANINDEYU,PROD.PENF,2070.2564931293
CUR2,2023,4,CANINDEYU,TOTAL PENEF,51945.5617592328
CUR3,2023,4,CANINDEYU,ACCID.DEP,2.0
CUR3,2023,4,CANINDEYU,PROG.DEP,0.650489581044806
CUR3,2023,4,CANINDEYU,PROD.DEP,3133.33527830342
CUR3,2023,4,CANINDEYU,TOTAL DEP,69377.0645196203
CUR3,2023,4,CANINDEYU,ACCID.FEP,2.0
CUR3,2023,4,CANINDEYU,PROG.FEP,0.838410004645704
CUR3,2023,4,CANINDEYU,PROD.FEP,4332.7199104294
CUR3,2023,4,CANINDEYU,TOTAL FEP,69312.2671585394
CUR3,2023,4,CANINDEYU,ACCID.PENF,6.0
CUR3,2023,4,CANINDEYU,PROG.PENF,0.218548304950294
CUR3,2023,4,CANINDEYU,PROD.PENF,4097.45524974762
CUR3,2023,4,CANINDEYU,TOTAL PENEF,57926.5320574999
CUR4,2023,4,CANINDEYU,ACCID.DEP,3.0
CUR4,2023,4,CANINDEYU,PROG.DEP,0.854252615380101
CUR4,2023,4,CANINDEYU,PROD.DEP,2608.46276897764
CUR4,2023,4,CANINDEYU,TOTAL DEP,62954.6458512494
CUR4,2023,4,CANINDEYU,ACCID.FEP,6.0
CUR4,2023,4,CANINDEYU,PROG.FEP,0.185084836058519
CUR4,2023,4,CANINDEYU,PROD.FEP,4065.61340238586
CUR4,2023,4,CANINDEYU,TOTAL FEP,64691.2631397038
CAT5,2023,4,CANINDEYU,PROG.FEP,0.985674055034468
CAT5,2023,4,CANINDEYU,PROD.FEP,4315.29549472484
CAT5,2023,4,CANINDEYU,TOTAL FEP,62103.2326404686
CUR4,2023,4,CANINDEYU,ACCID.PENF,9.0
CUR5,2023,4,CANINDEYU,ACCID.DEP,5.0
CUR5,2023,4,CANINDEYU,PROG.DEP,0.847628712337622
CUR5,2023,4,CANINDEYU,PROD.DEP,3570.88703732242
CUR5,2023,4,CANINDEYU,TOTAL DEP,65449.7449647263
CUR5,2023,4,CANINDEYU,ACCID.FEP,2.0
CUR5,2023,4,CANINDEYU,PROG.FEP,0.157811967316011
CUR5,2023,4,CANINDEYU,PROD.FEP,4236.31506772896
CUR5,2023,4,CANINDEYU,TOTAL FEP,67881.656247647
CUR5,2023,4,CANINDEYU,ACCID.PENF,6.0
CUR5,2023,4,CANINDEYU,PROG.PENF,0.990863510663319
CUR5,2023,4,CANINDEYU,PROD.PENF,4118.39466582554
CUR5,2023,4,CANINDEYU,TOTAL PENEF,64079.1381780554
DES10,2023,4,ALTO PARANÁ,ACCID.DEP,8.0
DES10,2023,4,ALTO PARANÁ,PROG.DEP,0.633111246733101
DES10,2023,4,ALTO PARANÁ,PROD.DEP,4251.37976393876
DES10,2023,4,ALTO PARANÁ,TOTAL DEP,55851.7695713939
DES10,2023,4,ALTO PARANÁ,ACCID.FEP,6.0
DES10,2023,4,ALTO PARANÁ,PROG.FEP,0.306538444918376
DES10,2023,4,ALTO PARANÁ,PROD.FEP,2226.10083438405
DES10,2023,4,ALTO PARANÁ,TOTAL FEP,55002.5730283073
DES10,2023,4,ALTO PARANÁ,ACCID.PENF,0.0
DES10,2023,4,ALTO PARANÁ,PROG.PENF,0.587364758589932
DES10,2023,4,ALTO PARANÁ,PROD.PENF,3588.09766063634
DES10,2023,4,ALTO PARANÁ,TOTAL PENEF,60485.4504131474
DES3,2023,4,ALTO PARANÁ,ACCID.DEP,9.0
DES3,2023,4,ALTO PARANÁ,PROG.DEP,0.110013589596547
DES3,2023,4,ALTO PARANÁ,PROD.DEP,3776.34447242023
DES3,2023,4,ALTO PARANÁ,TOTAL DEP,61357.8060464195
DES3,2023,4,ALTO PARANÁ,PROG.FEP,0.957923310761904
DES3,2023,4,ALTO PARANÁ,ACCID.FEP,1.0
DES3,2023,4,ALTO PARANÁ,PROD.FEP,3470.65040519773
DES3,2023,4,ALTO PARANÁ,TOTAL FEP,66487.4061128749
DES3,2023,4,ALTO PARANÁ,ACCID.PENF,9.0
DES3,2023,4,ALTO PARANÁ,PROG.PENF,0.685134146837533
DES3,2023,4,ALTO PARANÁ,PROD.PENF,4230.76944012825
DES3,2023,4,ALTO PARANÁ,TOTAL PENEF,56013.8729615824
DES4,2023,4,ALTO PARANÁ,ACCID.DEP,0.0
DES4,2023,4,ALTO PARANÁ,PROG.DEP,0.88582636769396
DES4,2023,4,ALTO PARANÁ,PROD.DEP,4292.20677084079
DES4,2023,4,ALTO PARANÁ,TOTAL DEP,54617.9108897326
DES4,2023,4,ALTO PARANÁ,ACCID.FEP,7.0
DES4,2023,4,ALTO PARANÁ,PROG.FEP,0.487995365685802
DES4,2023,4,ALTO PARANÁ,PROD.FEP,4311.96594844435
DES4,2023,4,ALTO PARANÁ,TOTAL FEP,55094.7928113406
DES4,2023,4,ALTO PARANÁ,ACCID.PENF,0.0
DES4,2023,4,ALTO PARANÁ,PROG.PENF,0.193041035200355
DES4,2023,4,ALTO PARANÁ,PROD.PENF,2138.0573596027
DES4,2023,4,ALTO PARANÁ,TOTAL PENEF,58213.5706721225
DES5,2023,4,ALTO PARANÁ,ACCID.DEP,4.0
DES5,2023,4,ALTO PARANÁ,PROG.DEP,0.68727210248858
DES5,2023,4,ALTO PARANÁ,PROD.DEP,4132.27515618263
DES5,2023,4,ALTO PARANÁ,TOTAL DEP,55033.5387798706
DES5,2023,4,ALTO PARANÁ,ACCID.FEP,0.0
DES5,2023,4,ALTO PARANÁ,PROG.FEP,0.25426504176711
DES5,2023,4,ALTO PARANÁ,PROD.FEP,3944.22417023161
DES5,2023,4,ALTO PARANÁ,ACCID.PENF,3.0
DES5,2023,4,ALTO PARANÁ,TOTAL FEP,54652.8156274182
DES5,2023,4,ALTO PARANÁ,PROG.PENF,0.574641335263879
DES5,2023,4,ALTO PARANÁ,PROD.PENF,1896.75832894977
DES5,2023,4,ALTO PARANÁ,TOTAL PENEF,58784.3556524198
DES8,2023,4,ALTO PARANÁ,ACCID.DEP,4.0
DES8,2023,4,ALTO PARANÁ,PROG.DEP,0.22683213174668
DES8,2023,4,ALTO PARANÁ,PROD.DEP,2590.53669092467
DES8,2023,4,ALTO PARANÁ,TOTAL DEP,63318.3000574989
DES8,2023,4,ALTO PARANÁ,ACCID.FEP,8.0
DES8,2023,4,ALTO PARANÁ,PROG.FEP,0.672469540255763
DES8,2023,4,ALTO PARANÁ,PROD.FEP,4458.08729258786
DES8,2023,4,ALTO PARANÁ,TOTAL FEP,53707.5884728076
DES8,2023,4,ALTO PARANÁ,ACCID.PENF,1.0
DES8,2023,4,ALTO PARANÁ,PROD.PENF,3843.98341921214
DES8,2023,4,ALTO PARANÁ,PROG.PENF,0.935995975664157
DES8,2023,4,ALTO PARANÁ,TOTAL PENEF,60981.7620306299
DES9,2023,4,ALTO PARANÁ,ACCID.DEP,5.0
DES9,2023,4,ALTO PARANÁ,PROG.DEP,0.544404962576846
DES9,2023,4,ALTO PARANÁ,PROD.DEP,4706.55064488622
DES9,2023,4,ALTO PARANÁ,TOTAL DEP,57089.3830985916
DES9,2023,4,ALTO PARANÁ,ACCID.FEP,1.0
DES9,2023,4,ALTO PARANÁ,PROG.FEP,0.1572543778818
DES9,2023,4,ALTO PARANÁ,PROD.FEP,2514.15836927661
DES9,2023,4,ALTO PARANÁ,TOTAL FEP,63333.6492816059
DES9,2023,4,ALTO PARANÁ,ACCID.PENF,7.0
DES9,2023,4,ALTO PARANÁ,PROG.PENF,0.461228801942889
DES9,2023,4,ALTO PARANÁ,PROD.PENF,1419.29377366261
DES9,2023,4,ALTO PARANÁ,TOTAL PENEF,67553.6837873191
HER1,2023,4,ALTO PARANÁ,ACCID.DEP,4.0
HER1,2023,4,ALTO PARANÁ,PROG.DEP,0.723780990490368
HER1,2023,4,ALTO PARANÁ,PROD.DEP,1352.64911660334
HER1,2023,4,ALTO PARANÁ,TOTAL DEP,60715.1679587219
HER1,2023,4,ALTO PARANÁ,ACCID.FEP,5.0
HER1,2023,4,ALTO PARANÁ,PROG.FEP,0.122111492086657
HER1,2023,4,ALTO PARANÁ,PROD.FEP,3132.22505597927
HER1,2023,4,ALTO PARANÁ,TOTAL FEP,53418.0942735228
HER1,2023,4,ALTO PARANÁ,ACCID.PENF,0.0
HER1,2023,4,ALTO PARANÁ,PROG.PENF,0.72368822298766
HER1,2023,4,ALTO PARANÁ,PROD.PENF,3882.65705243823
HER1,2023,4,ALTO PARANÁ,TOTAL PENEF,51440.7255818559
CUR4,2023,4,CANINDEYU,TOTAL PENEF,66142.8437072402
CUR4,2023,4,CANINDEYU,PROD.PENF,4080.68137238782
CUR4,2023,4,CANINDEYU,PROG.PENF,0.962254023044973
HER10,2023,4,ALTO PARANÁ,ACCID.DEP,5.0
HER10,2023,4,ALTO PARANÁ,ACCID.FEP,5.0
HER10,2023,4,ALTO PARANÁ,PROG.FEP,0.119730230492327
HER10,2023,4,ALTO PARANÁ,PROD.FEP,4167.24218606766
HER10,2023,4,ALTO PARANÁ,TOTAL FEP,52825.8250189311
HER10,2023,4,ALTO PARANÁ,ACCID.PENF,0.0
HER10,2023,4,ALTO PARANÁ,PROG.PENF,0.506920108826938
HER10,2023,4,ALTO PARANÁ,PROD.PENF,1846.33558564917
HER10,2023,4,ALTO PARANÁ,TOTAL PENEF,65613.4307599652
HER2,2023,4,ALTO PARANÁ,ACCID.DEP,0.0
HER2,2023,4,ALTO PARANÁ,PROG.DEP,0.456913576287136
HER2,2023,4,ALTO PARANÁ,PROD.DEP,4676.91113395565
HER2,2023,4,ALTO PARANÁ,TOTAL DEP,62925.401140477
HER2,2023,4,ALTO PARANÁ,ACCID.FEP,4.0
HER2,2023,4,ALTO PARANÁ,PROG.FEP,0.654784823258135
HER2,2023,4,ALTO PARANÁ,PROD.FEP,1688.00633822543
HER2,2023,4,ALTO PARANÁ,TOTAL FEP,58677.1270524725
HER2,2023,4,ALTO PARANÁ,ACCID.PENF,0.0
HER2,2023,4,ALTO PARANÁ,PROG.PENF,0.337610484898694
HER2,2023,4,ALTO PARANÁ,PROD.PENF,3699.75375915352
HER2,2023,4,ALTO PARANÁ,TOTAL PENEF,57117.1280544924
HER7,2023,4,ALTO PARANÁ,ACCID.DEP,0.0
HER7,2023,4,ALTO PARANÁ,PROG.DEP,0.566740725893774
HER7,2023,4,ALTO PARANÁ,PROD.DEP,1109.56168917692
HER7,2023,4,ALTO PARANÁ,TOTAL DEP,57302.8513670466
HER7,2023,4,ALTO PARANÁ,ACCID.FEP,6.0
HER7,2023,4,ALTO PARANÁ,PROG.FEP,0.75832291080564
HER7,2023,4,ALTO PARANÁ,PROD.FEP,1801.67158898388
HER10,2023,4,ALTO PARANÁ,PROD.DEP,1423.04781658805
HER7,2023,4,ALTO PARANÁ,ACCID.PENF,6.0
HER7,2023,4,ALTO PARANÁ,PROG.PENF,0.731697472754869
HER7,2023,4,ALTO PARANÁ,PROD.PENF,1987.967531121
HER7,2023,4,ALTO PARANÁ,TOTAL PENEF,56431.7938571878
HER8,2023,4,ALTO PARANÁ,ACCID.DEP,9.0
HER8,2023,4,ALTO PARANÁ,PROG.DEP,0.105481119895272
HER8,2023,4,ALTO PARANÁ,PROD.DEP,2410.64677647189
HER8,2023,4,ALTO PARANÁ,TOTAL DEP,51995.4878306424
HER8,2023,4,ALTO PARANÁ,ACCID.FEP,5.0
HER8,2023,4,ALTO PARANÁ,PROG.FEP,0.801037091546203
HER8,2023,4,ALTO PARANÁ,PROD.FEP,1945.95166551242
HER8,2023,4,ALTO PARANÁ,TOTAL FEP,55822.8580783778
HER8,2023,4,ALTO PARANÁ,ACCID.PENF,8.0
HER8,2023,4,ALTO PARANÁ,PROG.PENF,0.468624457963189
HER8,2023,4,ALTO PARANÁ,PROD.PENF,3729.88944738783
HER8,2023,4,ALTO PARANÁ,TOTAL PENEF,51509.2202019107
HER9,2023,4,ALTO PARANÁ,ACCID.DEP,4.0
HER9,2023,4,ALTO PARANÁ,PROG.DEP,0.880418500042927
HER9,2023,4,ALTO PARANÁ,PROD.DEP,1180.23287172757
HER9,2023,4,ALTO PARANÁ,TOTAL DEP,56311.8518026928
HER9,2023,4,ALTO PARANÁ,ACCID.FEP,3.0
HER9,2023,4,ALTO PARANÁ,PROG.FEP,0.609804309885915
HER9,2023,4,ALTO PARANÁ,PROD.FEP,4746.31318207605
HER9,2023,4,ALTO PARANÁ,TOTAL FEP,60055.4966782761
HER9,2023,4,ALTO PARANÁ,ACCID.PENF,6.0
HER9,2023,4,ALTO PARANÁ,PROG.PENF,0.8972728742532
HER9,2023,4,ALTO PARANÁ,PROD.PENF,3838.07086817236
HER9,2023,4,ALTO PARANÁ,TOTAL PENEF,64527.5924966507
IRY1,2023,4,ALTO PARANÁ,ACCID.DEP,7.0
IRY1,2023,4,ALTO PARANÁ,PROG.DEP,0.487038189106047
IRY1,2023,4,ALTO PARANÁ,PROD.DEP,4447.1554869024
IRY1,2023,4,ALTO PARANÁ,TOTAL DEP,58203.5395087021
IRY1,2023,4,ALTO PARANÁ,ACCID.FEP,0.0
IRY1,2023,4,ALTO PARANÁ,PROG.FEP,0.949895427351035
IRY1,2023,4,ALTO PARANÁ,PROD.FEP,2908.21676693599
IRY1,2023,4,ALTO PARANÁ,TOTAL FEP,59525.4038502691
IRY1,2023,4,ALTO PARANÁ,ACCID.PENF,3.0
IRY1,2023,4,ALTO PARANÁ,PROG.PENF,0.301410842171413
IRY1,2023,4,ALTO PARANÁ,PROD.PENF,4569.15974896336
IRY1,2023,4,ALTO PARANÁ,TOTAL PENEF,62754.0838569867
IRY2,2023,4,ALTO PARANÁ,ACCID.DEP,0.0
IRY2,2023,4,ALTO PARANÁ,PROG.DEP,0.302232070310541
IRY2,2023,4,ALTO PARANÁ,PROD.DEP,4333.79695882121
IRY2,2023,4,ALTO PARANÁ,TOTAL DEP,66495.3714608607
IRY2,2023,4,ALTO PARANÁ,ACCID.FEP,2.0
IRY2,2023,4,ALTO PARANÁ,PROG.FEP,0.579666130903701
IRY2,2023,4,ALTO PARANÁ,PROD.FEP,4282.69738076111
IRY2,2023,4,ALTO PARANÁ,TOTAL FEP,61136.7889206538
IRY2,2023,4,ALTO PARANÁ,ACCID.PENF,7.0
IRY2,2023,4,ALTO PARANÁ,PROG.PENF,0.30851782930433
IRY2,2023,4,ALTO PARANÁ,PROD.PENF,3518.8923616391
IRY2,2023,4,ALTO PARANÁ,TOTAL PENEF,58696.2102838775
IRY3,2023,4,ALTO PARANÁ,ACCID.DEP,0.0
IRY3,2023,4,ALTO PARANÁ,PROG.DEP,0.255590367113289
IRY3,2023,4,ALTO PARANÁ,PROD.DEP,1795.94184720136
IRY3,2023,4,ALTO PARANÁ,TOTAL DEP,60353.0657467276
IRY3,2023,4,ALTO PARANÁ,ACCID.FEP,1.0
IRY3,2023,4,ALTO PARANÁ,PROG.FEP,0.977198475022293
IRY3,2023,4,ALTO PARANÁ,PROD.FEP,1700.61053801223
IRY3,2023,4,ALTO PARANÁ,TOTAL FEP,65002.5846563761
IRY3,2023,4,ALTO PARANÁ,ACCID.PENF,8.0
HER10,2023,4,ALTO PARANÁ,TOTAL DEP,64225.8659356218
IRY3,2023,4,ALTO PARANÁ,PROD.PENF,4676.71229041269
IRY3,2023,4,ALTO PARANÁ,TOTAL PENEF,53934.3701211365
IRY4,2023,4,ALTO PARANÁ,ACCID.DEP,5.0
IRY4,2023,4,ALTO PARANÁ,PROG.DEP,0.392398110402302
IRY4,2023,4,ALTO PARANÁ,PROD.DEP,4848.06594175773
IRY4,2023,4,ALTO PARANÁ,TOTAL DEP,52652.8442334512
IRY3,2023,4,ALTO PARANÁ,PROG.PENF,0.90453097590857
HER10,2023,4,ALTO PARANÁ,PROG.DEP,0.793408858803742
HER7,2023,4,ALTO PARANÁ,TOTAL FEP,63795.6632808311
IRY4,2023,4,ALTO PARANÁ,ACCID.FEP,9.0
IRY4,2023,4,ALTO PARANÁ,PROG.PENF,0.2734322158206
IRY4,2023,4,ALTO PARANÁ,PROD.PENF,2150.1047966389
IRY4,2023,4,ALTO PARANÁ,ACCID.PENF,2.0
IRY4,2023,4,ALTO PARANÁ,TOTAL PENEF,68963.7268862539
JEP1,2023,4,CANINDEYU,ACCID.DEP,0.0
JEP1,2023,4,CANINDEYU,PROG.DEP,0.212225553800412
JEP1,2023,4,CANINDEYU,PROD.DEP,2183.63106367586
JEP1,2023,4,CANINDEYU,TOTAL DEP,59141.3954010277
JEP1,2023,4,CANINDEYU,ACCID.FEP,2.0
JEP1,2023,4,CANINDEYU,PROG.FEP,0.993887331921509
JEP1,2023,4,CANINDEYU,PROD.FEP,1276.60067641348
JEP1,2023,4,CANINDEYU,TOTAL FEP,64607.4302963427
JEP1,2023,4,CANINDEYU,ACCID.PENF,0.0
JEP1,2023,4,CANINDEYU,PROG.PENF,0.593294954528805
JEP1,2023,4,CANINDEYU,PROD.PENF,4039.39783773672
IRY4,2023,4,ALTO PARANÁ,PROG.FEP,0.582670462345232
JEP2,2023,4,CANINDEYU,PROG.DEP,0.881815603520116
JEP2,2023,4,CANINDEYU,ACCID.DEP,9.0
JEP2,2023,4,CANINDEYU,PROD.DEP,2556.45241480939
JEP2,2023,4,CANINDEYU,TOTAL DEP,63665.2236794236
JEP2,2023,4,CANINDEYU,ACCID.FEP,3.0
JEP2,2023,4,CANINDEYU,PROD.FEP,3029.79916423025
JEP2,2023,4,CANINDEYU,TOTAL FEP,63183.7234489072
JEP2,2023,4,CANINDEYU,PROG.FEP,0.495880999011364
JEP2,2023,4,CANINDEYU,ACCID.PENF,7.0
JEP2,2023,4,CANINDEYU,PROG.PENF,0.738527650059124
JEP2,2023,4,CANINDEYU,PROD.PENF,1845.30844116316
JEP3,2023,4,CANINDEYU,ACCID.DEP,4.0
JEP2,2023,4,CANINDEYU,TOTAL PENEF,65168.5442022751
JEP3,2023,4,CANINDEYU,PROG.DEP,0.93889641849558
JEP3,2023,4,CANINDEYU,PROD.DEP,4293.6124773425
JEP3,2023,4,CANINDEYU,TOTAL DEP,67928.5522658121
JEP3,2023,4,CANINDEYU,ACCID.FEP,3.0
JEP3,2023,4,CANINDEYU,PROG.FEP,0.132009970565044
JEP3,2023,4,CANINDEYU,PROD.FEP,3034.9163629049
JEP3,2023,4,CANINDEYU,TOTAL FEP,62827.239475118
JEP3,2023,4,CANINDEYU,ACCID.PENF,7.0
JEP3,2023,4,CANINDEYU,PROG.PENF,0.358436988495599
JEP3,2023,4,CANINDEYU,PROD.PENF,1145.82156977279
JEP3,2023,4,CANINDEYU,TOTAL PENEF,53432.9948867869
JEP4,2023,4,CANINDEYU,PROG.DEP,0.645216459373004
JEP4,2023,4,CANINDEYU,ACCID.DEP,1.0
JEP4,2023,4,CANINDEYU,PROD.DEP,3394.25287101857
JEP4,2023,4,CANINDEYU,TOTAL DEP,52336.6515763997
JEP4,2023,4,CANINDEYU,ACCID.FEP,0.0
JEP4,2023,4,CANINDEYU,PROG.FEP,0.349845222614567
JEP4,2023,4,CANINDEYU,PROD.FEP,4029.97809339755
JEP4,2023,4,CANINDEYU,TOTAL FEP,66080.4196598866
JEP4,2023,4,CANINDEYU,ACCID.PENF,4.0
JEP4,2023,4,CANINDEYU,PROG.PENF,0.753973842416161
JEP4,2023,4,CANINDEYU,PROD.PENF,4697.17794752411
JEP4,2023,4,CANINDEYU,TOTAL PENEF,56210.9210518845
JLM1,2023,4,ALTO PARANÁ,ACCID.DEP,7.0
JLM1,2023,4,ALTO PARANÁ,PROG.DEP,0.608157094671291
JLM1,2023,4,ALTO PARANÁ,PROD.DEP,3564.80336649488
JLM1,2023,4,ALTO PARANÁ,TOTAL DEP,56472.6314550713
JLM1,2023,4,ALTO PARANÁ,ACCID.FEP,4.0
JLM1,2023,4,ALTO PARANÁ,PROG.FEP,0.676194448310779
JLM1,2023,4,ALTO PARANÁ,PROD.FEP,1309.88491229527
JLM1,2023,4,ALTO PARANÁ,TOTAL FEP,63615.1364302476
JLM1,2023,4,ALTO PARANÁ,ACCID.PENF,9.0
JLM1,2023,4,ALTO PARANÁ,PROG.PENF,0.482010640546315
JLM1,2023,4,ALTO PARANÁ,PROD.PENF,3481.31420796038
JLM1,2023,4,ALTO PARANÁ,TOTAL PENEF,66227.951625598
JLM2,2023,4,ALTO PARANÁ,ACCID.DEP,7.0
JLM2,2023,4,ALTO PARANÁ,PROG.DEP,0.887540655429342
JLM2,2023,4,ALTO PARANÁ,PROD.DEP,3516.53838363694
JLM2,2023,4,ALTO PARANÁ,ACCID.FEP,2.0
JLM2,2023,4,ALTO PARANÁ,PROG.FEP,0.967905699025498
JLM2,2023,4,ALTO PARANÁ,TOTAL DEP,54648.4707713276
JLM2,2023,4,ALTO PARANÁ,PROD.FEP,3844.73680575779
JLM2,2023,4,ALTO PARANÁ,TOTAL FEP,51732.6822480323
JLM2,2023,4,ALTO PARANÁ,ACCID.PENF,7.0
JLM2,2023,4,ALTO PARANÁ,PROG.PENF,0.156763025769206
JLM2,2023,4,ALTO PARANÁ,PROD.PENF,3444.64455069418
JLM2,2023,4,ALTO PARANÁ,TOTAL PENEF,63305.4712984923
JLM3,2023,4,ALTO PARANÁ,ACCID.DEP,0.0
JLM3,2023,4,ALTO PARANÁ,PROG.DEP,0.450104211981383
JLM3,2023,4,ALTO PARANÁ,PROD.DEP,2681.1728562982
JLM3,2023,4,ALTO PARANÁ,TOTAL DEP,51115.9849750859
JLM3,2023,4,ALTO PARANÁ,ACCID.FEP,8.0
JLM3,2023,4,ALTO PARANÁ,PROG.FEP,0.591702492789707
JLM3,2023,4,ALTO PARANÁ,PROD.FEP,3543.12267013252
JLM3,2023,4,ALTO PARANÁ,TOTAL FEP,69766.3255418758
JLM3,2023,4,ALTO PARANÁ,ACCID.PENF,3.0
JLM3,2023,4,ALTO PARANÁ,PROG.PENF,0.713941338471064
JLM3,2023,4,ALTO PARANÁ,PROD.PENF,2151.56826769193
JLM3,2023,4,ALTO PARANÁ,TOTAL PENEF,69232.51644941
K152,2023,4,ALTO PARANÁ,ACCID.DEP,5.0
K152,2023,4,ALTO PARANÁ,PROG.DEP,0.514618238868223
K152,2023,4,ALTO PARANÁ,PROD.DEP,4698.65658857048
K152,2023,4,ALTO PARANÁ,TOTAL DEP,65748.1248750409
K152,2023,4,ALTO PARANÁ,ACCID.FEP,3.0
K152,2023,4,ALTO PARANÁ,PROG.FEP,0.672757330021992
K152,2023,4,ALTO PARANÁ,PROD.FEP,2302.1329119867
K152,2023,4,ALTO PARANÁ,TOTAL FEP,61124.163864847
IRY4,2023,4,ALTO PARANÁ,PROD.FEP,3571.95590750098
IRY4,2023,4,ALTO PARANÁ,TOTAL FEP,52042.3249980779
JEP1,2023,4,CANINDEYU,TOTAL PENEF,69821.8041940321
K152,2023,4,ALTO PARANÁ,PROG.PENF,0.914569068032287
K153,2023,4,ALTO PARANÁ,ACCID.DEP,4.0
K153,2023,4,ALTO PARANÁ,PROG.DEP,0.694093646968754
K153,2023,4,ALTO PARANÁ,PROD.DEP,1313.0454154948
K153,2023,4,ALTO PARANÁ,TOTAL DEP,62255.6427136965
K153,2023,4,ALTO PARANÁ,ACCID.FEP,0.0
K153,2023,4,ALTO PARANÁ,PROG.FEP,0.529743521756717
K153,2023,4,ALTO PARANÁ,PROD.FEP,4165.82710756791
K153,2023,4,ALTO PARANÁ,TOTAL FEP,63763.4944966883
K153,2023,4,ALTO PARANÁ,ACCID.PENF,3.0
K153,2023,4,ALTO PARANÁ,PROG.PENF,0.106418739317027
K153,2023,4,ALTO PARANÁ,PROD.PENF,1073.54034493305
K153,2023,4,ALTO PARANÁ,TOTAL PENEF,58772.5379645518
K154,2023,4,ALTO PARANÁ,ACCID.DEP,8.0
K154,2023,4,ALTO PARANÁ,PROG.DEP,0.81255633575699
K154,2023,4,ALTO PARANÁ,PROD.DEP,2560.1503704637
K154,2023,4,ALTO PARANÁ,TOTAL DEP,64261.8635294762
K154,2023,4,ALTO PARANÁ,ACCID.FEP,7.0
K152,2023,4,ALTO PARANÁ,PROD.PENF,4923.20133842421
K154,2023,4,ALTO PARANÁ,PROD.FEP,3864.5489390282
K154,2023,4,ALTO PARANÁ,TOTAL FEP,54067.5818204907
K154,2023,4,ALTO PARANÁ,ACCID.PENF,5.0
K154,2023,4,ALTO PARANÁ,PROG.PENF,0.945006707404688
K154,2023,4,ALTO PARANÁ,PROD.PENF,4618.96779975257
K154,2023,4,ALTO PARANÁ,TOTAL PENEF,65463.9335182796
K155,2023,4,ALTO PARANÁ,ACCID.DEP,1.0
K155,2023,4,ALTO PARANÁ,PROG.DEP,0.613130777113097
K155,2023,4,ALTO PARANÁ,PROD.DEP,2450.15759122626
K155,2023,4,ALTO PARANÁ,TOTAL DEP,52812.9432465173
K155,2023,4,ALTO PARANÁ,ACCID.FEP,4.0
K155,2023,4,ALTO PARANÁ,PROG.FEP,0.284560806172573
K155,2023,4,ALTO PARANÁ,PROD.FEP,3793.78268827548
K155,2023,4,ALTO PARANÁ,TOTAL FEP,69487.9281497678
K155,2023,4,ALTO PARANÁ,ACCID.PENF,1.0
K155,2023,4,ALTO PARANÁ,PROG.PENF,0.883773881298839
K155,2023,4,ALTO PARANÁ,PROD.PENF,1020.15684230157
K155,2023,4,ALTO PARANÁ,TOTAL PENEF,68400.0663854991
K156,2023,4,ALTO PARANÁ,ACCID.DEP,6.0
K156,2023,4,ALTO PARANÁ,PROG.DEP,0.669016155830208
K156,2023,4,ALTO PARANÁ,PROD.DEP,4402.96735451976
K156,2023,4,ALTO PARANÁ,TOTAL DEP,52225.0780874794
K156,2023,4,ALTO PARANÁ,ACCID.FEP,5.0
K156,2023,4,ALTO PARANÁ,PROG.FEP,0.611922770727002
K156,2023,4,ALTO PARANÁ,PROD.FEP,4898.38453234939
K156,2023,4,ALTO PARANÁ,TOTAL FEP,68228.9898555155
K156,2023,4,ALTO PARANÁ,ACCID.PENF,2.0
K156,2023,4,ALTO PARANÁ,PROG.PENF,0.53756751716034
K156,2023,4,ALTO PARANÁ,PROD.PENF,1968.96793534869
K156,2023,4,ALTO PARANÁ,TOTAL PENEF,62465.6864812478
K157,2023,4,ALTO PARANÁ,ACCID.DEP,1.0
K157,2023,4,ALTO PARANÁ,PROG.DEP,0.277558108856836
K157,2023,4,ALTO PARANÁ,PROD.DEP,4422.67549575216
K157,2023,4,ALTO PARANÁ,TOTAL DEP,58341.2015743843
K157,2023,4,ALTO PARANÁ,ACCID.FEP,1.0
K157,2023,4,ALTO PARANÁ,PROG.FEP,0.452303441136831
K152,2023,4,ALTO PARANÁ,ACCID.PENF,6.0
K157,2023,4,ALTO PARANÁ,TOTAL FEP,50769.4409858147
K157,2023,4,ALTO PARANÁ,ACCID.PENF,0.0
K157,2023,4,ALTO PARANÁ,PROG.PENF,0.1891755112919
K157,2023,4,ALTO PARANÁ,PROD.PENF,4936.0994997887
K157,2023,4,ALTO PARANÁ,TOTAL PENEF,55153.1663840083
K158,2023,4,ALTO PARANÁ,ACCID.DEP,2.0
K158,2023,4,ALTO PARANÁ,PROG.DEP,0.370375602818225
K158,2023,4,ALTO PARANÁ,PROD.DEP,2950.01004749166
K158,2023,4,ALTO PARANÁ,TOTAL DEP,52197.6069735624
K158,2023,4,ALTO PARANÁ,ACCID.FEP,2.0
K158,2023,4,ALTO PARANÁ,PROG.FEP,0.711786289897622
K158,2023,4,ALTO PARANÁ,PROD.FEP,4558.35413167589
K158,2023,4,ALTO PARANÁ,TOTAL FEP,56707.9331762331
K158,2023,4,ALTO PARANÁ,ACCID.PENF,8.0
K158,2023,4,ALTO PARANÁ,PROG.PENF,0.669723637485685
K158,2023,4,ALTO PARANÁ,PROD.PENF,1736.50280495218
K158,2023,4,ALTO PARANÁ,TOTAL PENEF,65909.1002359641
K159,2023,4,ALTO PARANÁ,ACCID.DEP,5.0
K159,2023,4,ALTO PARANÁ,PROG.DEP,0.841346222971059
K159,2023,4,ALTO PARANÁ,PROD.DEP,4104.15056970163
K159,2023,4,ALTO PARANÁ,TOTAL DEP,62526.7611739186
K159,2023,4,ALTO PARANÁ,ACCID.FEP,7.0
K159,2023,4,ALTO PARANÁ,PROD.FEP,1570.22630335486
K159,2023,4,ALTO PARANÁ,PROG.FEP,0.635595513870669
K159,2023,4,ALTO PARANÁ,TOTAL FEP,56630.5444480121
K159,2023,4,ALTO PARANÁ,ACCID.PENF,5.0
K159,2023,4,ALTO PARANÁ,PROG.PENF,0.784463913650071
K159,2023,4,ALTO PARANÁ,PROD.PENF,3949.01655977378
K301,2023,4,ALTO PARANÁ,ACCID.DEP,3.0
K159,2023,4,ALTO PARANÁ,TOTAL PENEF,62265.0467744933
K301,2023,4,ALTO PARANÁ,PROG.DEP,0.422709936958105
K301,2023,4,ALTO PARANÁ,PROD.DEP,3230.54279751008
K301,2023,4,ALTO PARANÁ,TOTAL DEP,67475.8983657874
K301,2023,4,ALTO PARANÁ,ACCID.FEP,9.0
K301,2023,4,ALTO PARANÁ,PROG.FEP,0.906294322355635
K301,2023,4,ALTO PARANÁ,PROD.FEP,4841.28137965766
K301,2023,4,ALTO PARANÁ,TOTAL FEP,55294.7695859957
K301,2023,4,ALTO PARANÁ,ACCID.PENF,6.0
K301,2023,4,ALTO PARANÁ,PROG.PENF,0.872048029628896
K301,2023,4,ALTO PARANÁ,PROD.PENF,4936.96095561136
K301,2023,4,ALTO PARANÁ,TOTAL PENEF,67539.0857544691
K154,2023,4,ALTO PARANÁ,PROG.FEP,0.867646584408164
K157,2023,4,ALTO PARANÁ,PROD.FEP,3993.78133798207
K152,2023,4,ALTO PARANÁ,TOTAL PENEF,51673.0628969601
K302,2023,4,ALTO PARANÁ,ACCID.DEP,8.0
K302,2023,4,ALTO PARANÁ,ACCID.FEP,4.0
K302,2023,4,ALTO PARANÁ,PROG.FEP,0.869295445531824
K302,2023,4,ALTO PARANÁ,PROD.FEP,3046.25947743715
K302,2023,4,ALTO PARANÁ,TOTAL FEP,62040.6478850577
K302,2023,4,ALTO PARANÁ,ACCID.PENF,4.0
K302,2023,4,ALTO PARANÁ,PROG.PENF,0.671356363792725
K302,2023,4,ALTO PARANÁ,PROD.PENF,1988.95117354974
K302,2023,4,ALTO PARANÁ,TOTAL PENEF,60901.7278837782
K303,2023,4,ALTO PARANÁ,ACCID.DEP,9.0
K303,2023,4,ALTO PARANÁ,PROG.DEP,0.126911826469509
K303,2023,4,ALTO PARANÁ,PROD.DEP,2764.77270627962
K303,2023,4,ALTO PARANÁ,TOTAL DEP,56882.3389644089
K303,2023,4,ALTO PARANÁ,ACCID.FEP,2.0
K303,2023,4,ALTO PARANÁ,PROG.FEP,0.12779402434834
K303,2023,4,ALTO PARANÁ,PROD.FEP,1880.18010016539
K303,2023,4,ALTO PARANÁ,TOTAL FEP,51678.3193758106
K303,2023,4,ALTO PARANÁ,ACCID.PENF,1.0
K303,2023,4,ALTO PARANÁ,PROG.PENF,0.822917770383098
K303,2023,4,ALTO PARANÁ,PROD.PENF,1429.39279175392
K303,2023,4,ALTO PARANÁ,TOTAL PENEF,67056.1887002162
K304,2023,4,ALTO PARANÁ,ACCID.DEP,7.0
K304,2023,4,ALTO PARANÁ,PROG.DEP,0.969336441052049
K304,2023,4,ALTO PARANÁ,PROD.DEP,3874.66312900491
K304,2023,4,ALTO PARANÁ,TOTAL DEP,58627.4890492474
K304,2023,4,ALTO PARANÁ,ACCID.FEP,5.0
K304,2023,4,ALTO PARANÁ,PROG.FEP,0.740595450254722
K304,2023,4,ALTO PARANÁ,PROD.FEP,3837.36348400706
K304,2023,4,ALTO PARANÁ,TOTAL FEP,50419.9672374589
K304,2023,4,ALTO PARANÁ,ACCID.PENF,3.0
K304,2023,4,ALTO PARANÁ,PROG.PENF,0.970086892787187
K304,2023,4,ALTO PARANÁ,PROD.PENF,1608.06966285696
K304,2023,4,ALTO PARANÁ,TOTAL PENEF,68910.9972454277
K305,2023,4,ALTO PARANÁ,ACCID.DEP,5.0
K305,2023,4,ALTO PARANÁ,PROG.DEP,0.211626726278506
K305,2023,4,ALTO PARANÁ,PROD.DEP,1000.51810914765
K305,2023,4,ALTO PARANÁ,TOTAL DEP,50159.9314600768
K305,2023,4,ALTO PARANÁ,ACCID.FEP,6.0
K305,2023,4,ALTO PARANÁ,PROG.FEP,0.311153217302265
K305,2023,4,ALTO PARANÁ,PROD.FEP,2371.22295103007
K305,2023,4,ALTO PARANÁ,TOTAL FEP,54592.602324794
K305,2023,4,ALTO PARANÁ,ACCID.PENF,9.0
K305,2023,4,ALTO PARANÁ,PROG.PENF,0.56840169730809
K305,2023,4,ALTO PARANÁ,PROD.PENF,4208.76918645403
K305,2023,4,ALTO PARANÁ,TOTAL PENEF,62458.3407404441
K306,2023,4,ALTO PARANÁ,ACCID.DEP,6.0
K306,2023,4,ALTO PARANÁ,PROG.DEP,0.991741798804234
K306,2023,4,ALTO PARANÁ,PROD.DEP,2830.96842130612
K306,2023,4,ALTO PARANÁ,TOTAL DEP,68578.0701531956
K306,2023,4,ALTO PARANÁ,ACCID.FEP,9.0
K306,2023,4,ALTO PARANÁ,PROG.FEP,0.840743393410276
K306,2023,4,ALTO PARANÁ,PROD.FEP,3886.56115987758
K306,2023,4,ALTO PARANÁ,TOTAL FEP,57253.2468181964
K306,2023,4,ALTO PARANÁ,ACCID.PENF,3.0
K306,2023,4,ALTO PARANÁ,PROG.PENF,0.724349672888459
K306,2023,4,ALTO PARANÁ,PROD.PENF,2888.16481821091
K306,2023,4,ALTO PARANÁ,TOTAL PENEF,60275.7746985202
K307,2023,4,ALTO PARANÁ,ACCID.DEP,2.0
K307,2023,4,ALTO PARANÁ,PROG.DEP,0.213016479345333
K307,2023,4,ALTO PARANÁ,PROD.DEP,1465.54109818619
K307,2023,4,ALTO PARANÁ,TOTAL DEP,56899.7607170529
K307,2023,4,ALTO PARANÁ,ACCID.FEP,7.0
K302,2023,4,ALTO PARANÁ,PROG.DEP,0.880411700568203
K307,2023,4,ALTO PARANÁ,PROD.FEP,3473.09041924467
K307,2023,4,ALTO PARANÁ,TOTAL FEP,61929.9789800703
K307,2023,4,ALTO PARANÁ,ACCID.PENF,5.0
K307,2023,4,ALTO PARANÁ,PROG.PENF,0.463822063162155
K307,2023,4,ALTO PARANÁ,PROD.PENF,4374.07786846192
K307,2023,4,ALTO PARANÁ,TOTAL PENEF,54812.5661638136
K308,2023,4,ALTO PARANÁ,ACCID.DEP,1.0
K307,2023,4,ALTO PARANÁ,PROG.FEP,0.838595797386369
K308,2023,4,ALTO PARANÁ,PROD.DEP,3808.90763749596
K308,2023,4,ALTO PARANÁ,TOTAL DEP,65513.5766347326
K308,2023,4,ALTO PARANÁ,ACCID.FEP,5.0
K308,2023,4,ALTO PARANÁ,PROG.FEP,0.928987199112373
K308,2023,4,ALTO PARANÁ,PROD.FEP,2052.12842901874
K308,2023,4,ALTO PARANÁ,TOTAL FEP,54527.6536181132
K308,2023,4,ALTO PARANÁ,ACCID.PENF,1.0
K308,2023,4,ALTO PARANÁ,PROG.PENF,0.401360588400721
K308,2023,4,ALTO PARANÁ,PROD.PENF,3998.57032869897
K308,2023,4,ALTO PARANÁ,TOTAL PENEF,68245.4061866886
MCE1,2023,4,ALTO PARANÁ,ACCID.DEP,4.0
MCE1,2023,4,ALTO PARANÁ,PROG.DEP,0.252421212478291
MCE1,2023,4,ALTO PARANÁ,PROD.DEP,3563.6605747208
MCE1,2023,4,ALTO PARANÁ,TOTAL DEP,64735.7063352063
MCE1,2023,4,ALTO PARANÁ,ACCID.FEP,6.0
MCE1,2023,4,ALTO PARANÁ,PROG.FEP,0.425710006167159
MCE1,2023,4,ALTO PARANÁ,PROD.FEP,4700.93302926872
MCE1,2023,4,ALTO PARANÁ,TOTAL FEP,57264.5757768526
MCE1,2023,4,ALTO PARANÁ,ACCID.PENF,0.0
MCE1,2023,4,ALTO PARANÁ,PROG.PENF,0.457030898173405
MCE1,2023,4,ALTO PARANÁ,PROD.PENF,3446.79065454538
MCE1,2023,4,ALTO PARANÁ,TOTAL PENEF,67233.5246717798
MCE2,2023,4,ALTO PARANÁ,ACCID.DEP,0.0
MCE2,2023,4,ALTO PARANÁ,PROG.DEP,0.169842449037353
MCE2,2023,4,ALTO PARANÁ,PROD.DEP,2979.62113577179
MCE2,2023,4,ALTO PARANÁ,TOTAL DEP,56033.9310795853
K308,2023,4,ALTO PARANÁ,PROG.DEP,0.242897808019237
K302,2023,4,ALTO PARANÁ,TOTAL DEP,53337.0883684515
K302,2023,4,ALTO PARANÁ,PROD.DEP,3367.27980817507
MCE2,2023,4,ALTO PARANÁ,ACCID.FEP,2.0
MCE2,2023,4,ALTO PARANÁ,ACCID.PENF,4.0
MCE2,2023,4,ALTO PARANÁ,PROG.PENF,0.231865056419068
MCE2,2023,4,ALTO PARANÁ,PROD.PENF,4859.29471729264
MCE2,2023,4,ALTO PARANÁ,TOTAL PENEF,63725.0870975479
MCE3,2023,4,ALTO PARANÁ,ACCID.DEP,8.0
MCE3,2023,4,ALTO PARANÁ,PROG.DEP,0.851042943208032
MCE3,2023,4,ALTO PARANÁ,PROD.DEP,2059.53858508414
MCE3,2023,4,ALTO PARANÁ,TOTAL DEP,61252.2841096886
MCE3,2023,4,ALTO PARANÁ,ACCID.FEP,5.0
MCE3,2023,4,ALTO PARANÁ,PROG.FEP,0.778972013147498
MCE3,2023,4,ALTO PARANÁ,PROD.FEP,1545.38937362212
MCE3,2023,4,ALTO PARANÁ,TOTAL FEP,65327.00575806
MCE3,2023,4,ALTO PARANÁ,ACCID.PENF,9.0
MCE3,2023,4,ALTO PARANÁ,PROG.PENF,0.361755649875171
MCE3,2023,4,ALTO PARANÁ,PROD.PENF,1399.10012742683
MCE3,2023,4,ALTO PARANÁ,TOTAL PENEF,61000.4755779255
MCE4,2023,4,ALTO PARANÁ,ACCID.DEP,6.0
MCE4,2023,4,ALTO PARANÁ,PROG.DEP,0.247399730063129
MCE4,2023,4,ALTO PARANÁ,PROD.DEP,4981.15849043493
MCE4,2023,4,ALTO PARANÁ,TOTAL DEP,56764.0054383898
MCE4,2023,4,ALTO PARANÁ,ACCID.FEP,0.0
MCE4,2023,4,ALTO PARANÁ,PROG.FEP,0.328792762659848
MCE4,2023,4,ALTO PARANÁ,PROD.FEP,2331.23928228139
MCE4,2023,4,ALTO PARANÁ,TOTAL FEP,53913.9608130208
MCE4,2023,4,ALTO PARANÁ,ACCID.PENF,6.0
MCE4,2023,4,ALTO PARANÁ,PROG.PENF,0.624064593370265
MCE4,2023,4,ALTO PARANÁ,PROD.PENF,2782.38215211604
MCE4,2023,4,ALTO PARANÁ,TOTAL PENEF,62990.277421388
MCE5,2023,4,ALTO PARANÁ,ACCID.DEP,5.0
MCE5,2023,4,ALTO PARANÁ,PROG.DEP,0.555948136866803
MCE5,2023,4,ALTO PARANÁ,PROD.DEP,1520.55698717519
MCE5,2023,4,ALTO PARANÁ,TOTAL DEP,64347.0527909021
MCE5,2023,4,ALTO PARANÁ,ACCID.FEP,8.0
MCE5,2023,4,ALTO PARANÁ,PROG.FEP,0.920158744205791
MCE5,2023,4,ALTO PARANÁ,PROD.FEP,3556.93369182469
MCE5,2023,4,ALTO PARANÁ,TOTAL FEP,67753.3737739046
MCE5,2023,4,ALTO PARANÁ,ACCID.PENF,1.0
MCE5,2023,4,ALTO PARANÁ,PROG.PENF,0.597924450518529
MCE5,2023,4,ALTO PARANÁ,PROD.PENF,3413.81703388421
MCE5,2023,4,ALTO PARANÁ,TOTAL PENEF,53740.3254977285
MCE6,2023,4,ALTO PARANÁ,ACCID.DEP,8.0
MCE2,2023,4,ALTO PARANÁ,TOTAL FEP,69311.9603006475
MCE6,2023,4,ALTO PARANÁ,PROD.DEP,1209.79886012886
MCE6,2023,4,ALTO PARANÁ,TOTAL DEP,66755.2975953562
MCE6,2023,4,ALTO PARANÁ,ACCID.FEP,6.0
MCE6,2023,4,ALTO PARANÁ,PROG.FEP,0.560389052364888
MCE6,2023,4,ALTO PARANÁ,PROD.FEP,2169.24065378437
MCE6,2023,4,ALTO PARANÁ,TOTAL FEP,53516.1135078549
MCE6,2023,4,ALTO PARANÁ,ACCID.PENF,7.0
MCE6,2023,4,ALTO PARANÁ,PROG.PENF,0.934665362799014
MCE6,2023,4,ALTO PARANÁ,PROD.PENF,3281.74100120098
MCE6,2023,4,ALTO PARANÁ,TOTAL PENEF,60441.9040194729
MCE7,2023,4,ALTO PARANÁ,ACCID.DEP,2.0
MCE7,2023,4,ALTO PARANÁ,PROG.DEP,0.730651975992303
MCE7,2023,4,ALTO PARANÁ,PROD.DEP,2326.56080584029
MCE7,2023,4,ALTO PARANÁ,TOTAL DEP,58012.186298541
MCE7,2023,4,ALTO PARANÁ,ACCID.FEP,2.0
MCE7,2023,4,ALTO PARANÁ,PROG.FEP,0.859440932686439
MCE7,2023,4,ALTO PARANÁ,PROD.FEP,4618.77967522425
MCE7,2023,4,ALTO PARANÁ,TOTAL FEP,60588.5785081187
MCE7,2023,4,ALTO PARANÁ,ACCID.PENF,1.0
MCE7,2023,4,ALTO PARANÁ,PROG.PENF,0.295832764622087
MCE7,2023,4,ALTO PARANÁ,TOTAL PENEF,61960.9492186322
MCE7,2023,4,ALTO PARANÁ,PROD.PENF,3141.77425158582
MPO1,2023,4,ALTO PARANÁ,ACCID.DEP,3.0
MPO1,2023,4,ALTO PARANÁ,PROG.DEP,0.135760593152245
MPO1,2023,4,ALTO PARANÁ,PROD.DEP,1864.47733023057
MPO1,2023,4,ALTO PARANÁ,TOTAL DEP,60973.9131201043
MPO1,2023,4,ALTO PARANÁ,ACCID.FEP,2.0
MPO1,2023,4,ALTO PARANÁ,PROG.FEP,0.348527002342888
MPO1,2023,4,ALTO PARANÁ,PROD.FEP,1135.86809294658
MPO1,2023,4,ALTO PARANÁ,TOTAL FEP,58816.2189615793
MPO1,2023,4,ALTO PARANÁ,ACCID.PENF,7.0
MPO1,2023,4,ALTO PARANÁ,PROG.PENF,0.307573635000426
MPO1,2023,4,ALTO PARANÁ,PROD.PENF,3628.2302618161
MPO1,2023,4,ALTO PARANÁ,TOTAL PENEF,56847.6123046244
MPO2,2023,4,CANINDEYU,ACCID.DEP,5.0
MPO2,2023,4,CANINDEYU,PROG.DEP,0.162319062358434
MPO2,2023,4,CANINDEYU,PROD.DEP,1057.69519284408
MPO2,2023,4,CANINDEYU,TOTAL DEP,67800.3023733854
MPO2,2023,4,CANINDEYU,ACCID.FEP,8.0
MPO2,2023,4,CANINDEYU,PROG.FEP,0.333071438186137
MPO2,2023,4,CANINDEYU,PROD.FEP,2181.50468535232
MPO2,2023,4,CANINDEYU,TOTAL FEP,65206.2983387987
MPO2,2023,4,CANINDEYU,ACCID.PENF,4.0
MPO2,2023,4,CANINDEYU,PROG.PENF,0.331059425945797
MPO2,2023,4,CANINDEYU,PROD.PENF,1191.61617682765
MPO2,2023,4,CANINDEYU,TOTAL PENEF,63999.1259462193
MPO3,2023,4,ALTO PARANÁ,ACCID.DEP,5.0
MPO3,2023,4,ALTO PARANÁ,PROG.DEP,0.628450932726452
MPO3,2023,4,ALTO PARANÁ,PROD.DEP,2921.12039239368
MPO3,2023,4,ALTO PARANÁ,TOTAL DEP,57634.178521872
MPO3,2023,4,ALTO PARANÁ,ACCID.FEP,7.0
MPO3,2023,4,ALTO PARANÁ,PROG.FEP,0.642910029995047
MPO3,2023,4,ALTO PARANÁ,PROD.FEP,1080.77924379611
MPO3,2023,4,ALTO PARANÁ,TOTAL FEP,63670.0181825781
MCE6,2023,4,ALTO PARANÁ,PROG.DEP,0.846129339896931
MCE2,2023,4,ALTO PARANÁ,PROD.FEP,2478.56528383629
MCE2,2023,4,ALTO PARANÁ,PROG.FEP,0.904457293477446
MPO3,2023,4,ALTO PARANÁ,ACCID.PENF,0.0
NAR2,2023,4,ALTO PARANÁ,ACCID.DEP,9.0
NAR2,2023,4,ALTO PARANÁ,PROG.DEP,0.524274463401202
NAR2,2023,4,ALTO PARANÁ,PROD.DEP,1863.78509679769
NAR2,2023,4,ALTO PARANÁ,TOTAL DEP,63896.2340189736
NAR2,2023,4,ALTO PARANÁ,ACCID.FEP,1.0
NAR2,2023,4,ALTO PARANÁ,PROG.FEP,0.397477254583715
NAR2,2023,4,ALTO PARANÁ,PROD.FEP,1055.7190402031
NAR2,2023,4,ALTO PARANÁ,TOTAL FEP,69596.3112809246
NAR2,2023,4,ALTO PARANÁ,ACCID.PENF,6.0
NAR2,2023,4,ALTO PARANÁ,PROG.PENF,0.418487860708884
NAR2,2023,4,ALTO PARANÁ,PROD.PENF,4090.14283783801
NAR2,2023,4,ALTO PARANÁ,TOTAL PENEF,55937.2325676717
NAR4,2023,4,ALTO PARANÁ,ACCID.DEP,9.0
NAR4,2023,4,ALTO PARANÁ,PROG.DEP,0.950593746047079
NAR4,2023,4,ALTO PARANÁ,PROD.DEP,4956.81041647229
NAR4,2023,4,ALTO PARANÁ,TOTAL DEP,60339.3138256027
NAR4,2023,4,ALTO PARANÁ,ACCID.FEP,6.0
NAR4,2023,4,ALTO PARANÁ,PROG.FEP,0.402705145561571
NAR4,2023,4,ALTO PARANÁ,PROD.FEP,2587.3601784034
NAR4,2023,4,ALTO PARANÁ,TOTAL FEP,66615.929371986
NAR4,2023,4,ALTO PARANÁ,ACCID.PENF,9.0
NAR4,2023,4,ALTO PARANÁ,PROG.PENF,0.992475206579838
NAR4,2023,4,ALTO PARANÁ,PROD.PENF,2317.10164134831
NAR4,2023,4,ALTO PARANÁ,TOTAL PENEF,50664.5289164852
NAR5,2023,4,ALTO PARANÁ,ACCID.DEP,7.0
NAR5,2023,4,ALTO PARANÁ,PROG.DEP,0.669127137431098
NAR5,2023,4,ALTO PARANÁ,PROD.DEP,1121.37480566672
NAR5,2023,4,ALTO PARANÁ,TOTAL DEP,61985.400312682
NAR5,2023,4,ALTO PARANÁ,ACCID.FEP,3.0
NAR5,2023,4,ALTO PARANÁ,PROG.FEP,0.830120579052223
NAR5,2023,4,ALTO PARANÁ,PROD.FEP,3585.22901818188
NAR5,2023,4,ALTO PARANÁ,TOTAL FEP,65182.5753555213
NAR5,2023,4,ALTO PARANÁ,ACCID.PENF,2.0
NAR5,2023,4,ALTO PARANÁ,PROG.PENF,0.58672856468564
NAR5,2023,4,ALTO PARANÁ,PROD.PENF,4170.2413564359
NAR5,2023,4,ALTO PARANÁ,TOTAL PENEF,51166.9213927472
NAR6,2023,4,ALTO PARANÁ,ACCID.DEP,8.0
NAR6,2023,4,ALTO PARANÁ,PROG.DEP,0.627914253574432
NAR6,2023,4,ALTO PARANÁ,PROD.DEP,2707.09948454148
NAR6,2023,4,ALTO PARANÁ,TOTAL DEP,65867.9275257212
NAR6,2023,4,ALTO PARANÁ,ACCID.FEP,4.0
NAR6,2023,4,ALTO PARANÁ,PROD.FEP,3220.31745403889
NAR6,2023,4,ALTO PARANÁ,PROG.FEP,0.804663107348368
NAR6,2023,4,ALTO PARANÁ,TOTAL FEP,62284.9008006831
NAR6,2023,4,ALTO PARANÁ,ACCID.PENF,1.0
NAR6,2023,4,ALTO PARANÁ,PROG.PENF,0.764159375088255
NAR6,2023,4,ALTO PARANÁ,PROD.PENF,3064.16896786524
NAR6,2023,4,ALTO PARANÁ,TOTAL PENEF,56529.7041404598
NAR8,2023,4,ALTO PARANÁ,ACCID.DEP,3.0
NAR8,2023,4,ALTO PARANÁ,PROG.DEP,0.54569359961536
NAR8,2023,4,ALTO PARANÁ,PROD.DEP,2436.72822421896
NAR8,2023,4,ALTO PARANÁ,TOTAL DEP,51526.0057778973
NAR8,2023,4,ALTO PARANÁ,ACCID.FEP,2.0
NAR8,2023,4,ALTO PARANÁ,PROG.FEP,0.669441934824493
NAR8,2023,4,ALTO PARANÁ,PROD.FEP,4874.95965097185
NAR8,2023,4,ALTO PARANÁ,TOTAL FEP,57096.2334873529
NAR8,2023,4,ALTO PARANÁ,ACCID.PENF,8.0
NAR8,2023,4,ALTO PARANÁ,PROG.PENF,0.90555045073095
NAR8,2023,4,ALTO PARANÁ,PROD.PENF,2859.70558370239
NAR8,2023,4,ALTO PARANÁ,TOTAL PENEF,61850.0447788934
PBU1,2023,4,ALTO PARANÁ,ACCID.DEP,4.0
PBU1,2023,4,ALTO PARANÁ,PROG.DEP,0.824728708891555
PBU1,2023,4,ALTO PARANÁ,PROD.DEP,1684.91582051783
PBU1,2023,4,ALTO PARANÁ,TOTAL DEP,51884.481887679
PBU1,2023,4,ALTO PARANÁ,ACCID.FEP,3.0
PBU1,2023,4,ALTO PARANÁ,PROG.FEP,0.129431911470882
PBU1,2023,4,ALTO PARANÁ,PROD.FEP,2813.92198839444
PBU1,2023,4,ALTO PARANÁ,TOTAL FEP,53174.0911762069
PBU1,2023,4,ALTO PARANÁ,ACCID.PENF,9.0
PBU1,2023,4,ALTO PARANÁ,PROG.PENF,0.890015176865034
PBU1,2023,4,ALTO PARANÁ,PROD.PENF,3811.93864079554
PBU1,2023,4,ALTO PARANÁ,TOTAL PENEF,57654.6482996132
PBU2,2023,4,ALTO PARANÁ,ACCID.DEP,0.0
PBU2,2023,4,ALTO PARANÁ,PROG.DEP,0.380361891343198
PBU2,2023,4,ALTO PARANÁ,PROD.DEP,3125.99555374719
PBU2,2023,4,ALTO PARANÁ,TOTAL DEP,61894.2651111991
PBU2,2023,4,ALTO PARANÁ,ACCID.FEP,1.0
PBU2,2023,4,ALTO PARANÁ,PROG.FEP,0.844863120143698
PBU2,2023,4,ALTO PARANÁ,PROD.FEP,2102.15075188282
PBU2,2023,4,ALTO PARANÁ,TOTAL FEP,66058.5745503368
PBU2,2023,4,ALTO PARANÁ,ACCID.PENF,9.0
PBU2,2023,4,ALTO PARANÁ,PROG.PENF,0.109800815592666
PBU2,2023,4,ALTO PARANÁ,PROD.PENF,3672.84029427482
PBU2,2023,4,ALTO PARANÁ,TOTAL PENEF,68993.5597297223
PBU3,2023,4,ALTO PARANÁ,ACCID.DEP,4.0
PBU3,2023,4,ALTO PARANÁ,PROG.DEP,0.102482820197681
PBU3,2023,4,ALTO PARANÁ,PROD.DEP,2116.55580191221
PBU3,2023,4,ALTO PARANÁ,TOTAL DEP,67311.1286231264
PBU3,2023,4,ALTO PARANÁ,ACCID.FEP,7.0
PBU3,2023,4,ALTO PARANÁ,PROG.FEP,0.837286235389759
PBU3,2023,4,ALTO PARANÁ,PROD.FEP,3488.91379025365
PBU3,2023,4,ALTO PARANÁ,TOTAL FEP,69630.8295962713
PBU3,2023,4,ALTO PARANÁ,ACCID.PENF,4.0
PBU3,2023,4,ALTO PARANÁ,PROG.PENF,0.845286241468269
PBU3,2023,4,ALTO PARANÁ,PROD.PENF,3429.11297178327
PBU3,2023,4,ALTO PARANÁ,TOTAL PENEF,60763.1751326646
MPO3,2023,4,ALTO PARANÁ,PROD.PENF,1963.10346263285
MPO3,2023,4,ALTO PARANÁ,PROG.PENF,0.702072895707254
MPO3,2023,4,ALTO PARANÁ,TOTAL PENEF,55473.3558085622
PBU4,2023,4,ALTO PARANÁ,ACCID.DEP,5.0
PBU4,2023,4,ALTO PARANÁ,ACCID.FEP,7.0
PBU4,2023,4,ALTO PARANÁ,PROG.FEP,0.1972538195072
PBU4,2023,4,ALTO PARANÁ,PROD.FEP,4092.5512863487
PBU4,2023,4,ALTO PARANÁ,TOTAL FEP,57170.2087438704
PBU4,2023,4,ALTO PARANÁ,ACCID.PENF,5.0
PBU4,2023,4,ALTO PARANÁ,TOTAL DEP,53466.7299656475
PBU4,2023,4,ALTO PARANÁ,PROD.PENF,2003.96058742052
PBU4,2023,4,ALTO PARANÁ,TOTAL PENEF,66649.1835658635
PBU5,2023,4,ALTO PARANÁ,ACCID.DEP,6.0
PBU5,2023,4,ALTO PARANÁ,PROG.DEP,0.705210837745752
PBU5,2023,4,ALTO PARANÁ,PROD.DEP,4145.90966849047
PBU5,2023,4,ALTO PARANÁ,TOTAL DEP,50117.4554688755
PBU5,2023,4,ALTO PARANÁ,ACCID.FEP,3.0
PBU5,2023,4,ALTO PARANÁ,PROG.FEP,0.827314835010633
PBU5,2023,4,ALTO PARANÁ,PROD.FEP,4562.39579787812
PBU5,2023,4,ALTO PARANÁ,TOTAL FEP,62380.4371375843
PBU5,2023,4,ALTO PARANÁ,ACCID.PENF,4.0
PBU5,2023,4,ALTO PARANÁ,PROG.PENF,0.900827689568718
PBU5,2023,4,ALTO PARANÁ,PROD.PENF,4402.78212303555
PBU5,2023,4,ALTO PARANÁ,TOTAL PENEF,57620.7360208692
PFO1,2023,4,ALTO PARANÁ,ACCID.DEP,2.0
PFO1,2023,4,ALTO PARANÁ,PROG.DEP,0.327891542002305
PFO1,2023,4,ALTO PARANÁ,PROD.DEP,3427.67615082283
PFO1,2023,4,ALTO PARANÁ,TOTAL DEP,54658.193290893
PFO1,2023,4,ALTO PARANÁ,ACCID.FEP,4.0
PFO1,2023,4,ALTO PARANÁ,PROG.FEP,0.22717934546973
PFO1,2023,4,ALTO PARANÁ,PROD.FEP,4712.67067755044
PFO1,2023,4,ALTO PARANÁ,TOTAL FEP,57613.2694703031
PFO1,2023,4,ALTO PARANÁ,ACCID.PENF,6.0
PFO1,2023,4,ALTO PARANÁ,PROG.PENF,0.457996540270571
PFO1,2023,4,ALTO PARANÁ,PROD.PENF,1692.84574536781
PFO1,2023,4,ALTO PARANÁ,TOTAL PENEF,58341.1148495759
PFO10,2023,4,ALTO PARANÁ,ACCID.DEP,2.0
PFO10,2023,4,ALTO PARANÁ,PROG.DEP,0.55025831298644
PFO10,2023,4,ALTO PARANÁ,PROD.DEP,1113.87910559043
PFO10,2023,4,ALTO PARANÁ,TOTAL DEP,53515.2332079429
PFO10,2023,4,ALTO PARANÁ,ACCID.FEP,6.0
PFO10,2023,4,ALTO PARANÁ,PROG.FEP,0.138088305614178
PFO10,2023,4,ALTO PARANÁ,PROD.FEP,1100.94575536129
PFO10,2023,4,ALTO PARANÁ,TOTAL FEP,58729.971378279
PFO10,2023,4,ALTO PARANÁ,ACCID.PENF,4.0
PFO10,2023,4,ALTO PARANÁ,PROG.PENF,0.235280873757158
PFO10,2023,4,ALTO PARANÁ,PROD.PENF,4054.30581945409
PFO10,2023,4,ALTO PARANÁ,TOTAL PENEF,58643.8358915269
PFO11,2023,4,ALTO PARANÁ,ACCID.DEP,4.0
PFO11,2023,4,ALTO PARANÁ,PROG.DEP,0.256445759012549
PFO11,2023,4,ALTO PARANÁ,PROD.DEP,1285.61083513292
PFO11,2023,4,ALTO PARANÁ,TOTAL DEP,56908.6847329534
PFO11,2023,4,ALTO PARANÁ,ACCID.FEP,5.0
PFO11,2023,4,ALTO PARANÁ,PROG.FEP,0.37918294146672
PFO11,2023,4,ALTO PARANÁ,PROD.FEP,4539.29764932615
PFO11,2023,4,ALTO PARANÁ,TOTAL FEP,56097.3593953947
PFO11,2023,4,ALTO PARANÁ,ACCID.PENF,6.0
PFO11,2023,4,ALTO PARANÁ,PROG.PENF,0.953024449433154
PFO11,2023,4,ALTO PARANÁ,PROD.PENF,3168.58143839897
PFO11,2023,4,ALTO PARANÁ,TOTAL PENEF,69480.9138886334
PFO12,2023,4,ALTO PARANÁ,ACCID.DEP,6.0
PFO12,2023,4,ALTO PARANÁ,PROG.DEP,0.436168467864371
PFO12,2023,4,ALTO PARANÁ,PROD.DEP,1911.1323273191
PFO12,2023,4,ALTO PARANÁ,TOTAL DEP,68851.8031304968
PFO12,2023,4,ALTO PARANÁ,ACCID.FEP,9.0
PFO12,2023,4,ALTO PARANÁ,PROG.FEP,0.555124685400067
PFO12,2023,4,ALTO PARANÁ,PROD.FEP,4080.49759968322
PFO12,2023,4,ALTO PARANÁ,TOTAL FEP,57834.3585140996
PFO12,2023,4,ALTO PARANÁ,ACCID.PENF,5.0
PFO12,2023,4,ALTO PARANÁ,PROG.PENF,0.666709493144105
PFO12,2023,4,ALTO PARANÁ,PROD.PENF,3947.46567498933
PFO12,2023,4,ALTO PARANÁ,TOTAL PENEF,69182.4243226882
PFO14,2023,4,ALTO PARANÁ,ACCID.DEP,5.0
PFO14,2023,4,ALTO PARANÁ,PROG.DEP,0.278355878913229
PFO14,2023,4,ALTO PARANÁ,PROD.DEP,2019.18885730282
PFO14,2023,4,ALTO PARANÁ,TOTAL DEP,68100.0389548384
PFO14,2023,4,ALTO PARANÁ,ACCID.FEP,6.0
PFO14,2023,4,ALTO PARANÁ,PROG.FEP,0.760266302918378
PFO14,2023,4,ALTO PARANÁ,PROD.FEP,1603.11471733441
PFO14,2023,4,ALTO PARANÁ,TOTAL FEP,55249.843284421
PFO14,2023,4,ALTO PARANÁ,ACCID.PENF,0.0
PFO14,2023,4,ALTO PARANÁ,PROG.PENF,0.949741053417601
PFO14,2023,4,ALTO PARANÁ,PROD.PENF,2527.6148481076
PFO14,2023,4,ALTO PARANÁ,TOTAL PENEF,68585.7116951161
PFO15,2023,4,ALTO PARANÁ,ACCID.DEP,5.0
PFO15,2023,4,ALTO PARANÁ,PROG.DEP,0.756716651874356
PFO15,2023,4,ALTO PARANÁ,PROD.DEP,2191.93481234059
PBU4,2023,4,ALTO PARANÁ,PROG.DEP,0.965623736690494
PFO15,2023,4,ALTO PARANÁ,ACCID.FEP,6.0
PFO15,2023,4,ALTO PARANÁ,PROG.FEP,0.756492327857033
PFO15,2023,4,ALTO PARANÁ,PROD.FEP,1823.05299592115
PFO15,2023,4,ALTO PARANÁ,TOTAL FEP,64623.3730506061
PFO15,2023,4,ALTO PARANÁ,ACCID.PENF,5.0
PFO15,2023,4,ALTO PARANÁ,PROG.PENF,0.43782897895211
PFO15,2023,4,ALTO PARANÁ,PROD.PENF,4902.10678575926
PFO15,2023,4,ALTO PARANÁ,TOTAL PENEF,59167.6567210819
PFO16,2023,4,ALTO PARANÁ,ACCID.DEP,3.0
PFO16,2023,4,ALTO PARANÁ,PROG.DEP,0.527843807016823
PFO16,2023,4,ALTO PARANÁ,PROD.DEP,1509.03845863194
PFO15,2023,4,ALTO PARANÁ,TOTAL DEP,68180.796369572
PBU4,2023,4,ALTO PARANÁ,PROG.PENF,0.276598355682039
PBU4,2023,4,ALTO PARANÁ,PROD.DEP,3358.09578821355
PFO16,2023,4,ALTO PARANÁ,TOTAL DEP,56128.0391609939
PFO16,2023,4,ALTO PARANÁ,ACCID.FEP,2.0
PFO16,2023,4,ALTO PARANÁ,PROG.FEP,0.335802788032332
PFO16,2023,4,ALTO PARANÁ,PROD.FEP,3270.54576464791
PFO16,2023,4,ALTO PARANÁ,PROD.PENF,1991.2519104764
PFO16,2023,4,ALTO PARANÁ,TOTAL PENEF,69479.7690908009
PFO17,2023,4,ALTO PARANÁ,ACCID.DEP,1.0
PFO17,2023,4,ALTO PARANÁ,PROG.DEP,0.129748460946698
PFO17,2023,4,ALTO PARANÁ,PROD.DEP,1950.94157243132
PFO17,2023,4,ALTO PARANÁ,TOTAL DEP,55386.8590327964
PFO17,2023,4,ALTO PARANÁ,ACCID.FEP,8.0
PFO17,2023,4,ALTO PARANÁ,PROG.FEP,0.13305013685806
PFO17,2023,4,ALTO PARANÁ,TOTAL FEP,62015.1097276343
PFO17,2023,4,ALTO PARANÁ,PROD.FEP,3680.29510069766
PFO17,2023,4,ALTO PARANÁ,ACCID.PENF,9.0
PFO17,2023,4,ALTO PARANÁ,PROG.PENF,0.180053567685688
PFO17,2023,4,ALTO PARANÁ,PROD.PENF,4051.44321192122
PFO17,2023,4,ALTO PARANÁ,TOTAL PENEF,67362.9761830989
PFO2,2023,4,ALTO PARANÁ,ACCID.DEP,3.0
PFO2,2023,4,ALTO PARANÁ,PROG.DEP,0.689447315664673
PFO2,2023,4,ALTO PARANÁ,PROD.DEP,1656.98140030792
PFO2,2023,4,ALTO PARANÁ,TOTAL DEP,55142.8885428215
PFO2,2023,4,ALTO PARANÁ,ACCID.FEP,4.0
PFO2,2023,4,ALTO PARANÁ,PROG.FEP,0.768232742226884
PFO2,2023,4,ALTO PARANÁ,PROD.FEP,4721.80520390252
PFO2,2023,4,ALTO PARANÁ,TOTAL FEP,63638.6325573767
PFO2,2023,4,ALTO PARANÁ,ACCID.PENF,9.0
PFO2,2023,4,ALTO PARANÁ,PROG.PENF,0.175964487181446
PFO2,2023,4,ALTO PARANÁ,PROD.PENF,1927.43862316485
PFO2,2023,4,ALTO PARANÁ,TOTAL PENEF,66505.8111914046
PFO3,2023,4,ALTO PARANÁ,ACCID.DEP,0.0
PFO3,2023,4,ALTO PARANÁ,PROG.DEP,0.830781688672524
PFO3,2023,4,ALTO PARANÁ,PROD.DEP,4006.76826862964
PFO3,2023,4,ALTO PARANÁ,TOTAL DEP,60369.3355157601
PFO3,2023,4,ALTO PARANÁ,ACCID.FEP,0.0
PFO3,2023,4,ALTO PARANÁ,PROG.FEP,0.345691931745227
PFO3,2023,4,ALTO PARANÁ,PROD.FEP,3389.73800098355
PFO3,2023,4,ALTO PARANÁ,TOTAL FEP,50278.174566197
PFO3,2023,4,ALTO PARANÁ,ACCID.PENF,7.0
PFO3,2023,4,ALTO PARANÁ,PROG.PENF,0.393766356193154
PFO3,2023,4,ALTO PARANÁ,PROD.PENF,1849.39518756486
PFO3,2023,4,ALTO PARANÁ,TOTAL PENEF,52413.4385140309
PFO4,2023,4,ALTO PARANÁ,ACCID.DEP,0.0
PFO4,2023,4,ALTO PARANÁ,PROG.DEP,0.644114479015382
PFO4,2023,4,ALTO PARANÁ,PROD.DEP,3223.21228414294
PFO4,2023,4,ALTO PARANÁ,TOTAL DEP,62023.5694704374
PFO4,2023,4,ALTO PARANÁ,ACCID.FEP,3.0
PFO4,2023,4,ALTO PARANÁ,PROG.FEP,0.661555687608656
PFO4,2023,4,ALTO PARANÁ,PROD.FEP,1693.52575270961
PFO4,2023,4,ALTO PARANÁ,TOTAL FEP,52394.4942420206
PFO4,2023,4,ALTO PARANÁ,ACCID.PENF,3.0
PFO4,2023,4,ALTO PARANÁ,PROG.PENF,0.471174193225751
PFO4,2023,4,ALTO PARANÁ,PROD.PENF,2945.61498036609
PFO4,2023,4,ALTO PARANÁ,TOTAL PENEF,53136.3397576846
PFO5,2023,4,ALTO PARANÁ,ACCID.DEP,6.0
PFO5,2023,4,ALTO PARANÁ,PROG.DEP,0.48539641111652
PFO5,2023,4,ALTO PARANÁ,PROD.DEP,2005.2382963842
PFO5,2023,4,ALTO PARANÁ,TOTAL DEP,59830.0488302417
PFO5,2023,4,ALTO PARANÁ,ACCID.FEP,4.0
PFO5,2023,4,ALTO PARANÁ,PROG.FEP,0.730436884877066
PFO5,2023,4,ALTO PARANÁ,PROD.FEP,4413.83126036715
PFO5,2023,4,ALTO PARANÁ,TOTAL FEP,66504.4301229759
PFO5,2023,4,ALTO PARANÁ,ACCID.PENF,4.0
PFO5,2023,4,ALTO PARANÁ,PROG.PENF,0.963566090278167
PFO5,2023,4,ALTO PARANÁ,PROD.PENF,2474.9769344933
PFO5,2023,4,ALTO PARANÁ,TOTAL PENEF,63888.6215724999
PFO6,2023,4,ALTO PARANÁ,ACCID.DEP,0.0
PFO6,2023,4,ALTO PARANÁ,PROG.DEP,0.756332367103202
PFO6,2023,4,ALTO PARANÁ,PROD.DEP,4233.71431946394
PFO6,2023,4,ALTO PARANÁ,TOTAL DEP,61155.9199779747
PFO6,2023,4,ALTO PARANÁ,ACCID.FEP,1.0
PFO6,2023,4,ALTO PARANÁ,PROG.FEP,0.5122006868961
PFO6,2023,4,ALTO PARANÁ,PROD.FEP,2270.46108674298
PFO6,2023,4,ALTO PARANÁ,TOTAL FEP,55249.8850902506
PFO6,2023,4,ALTO PARANÁ,ACCID.PENF,5.0
PFO6,2023,4,ALTO PARANÁ,PROG.PENF,0.984964304599732
PFO6,2023,4,ALTO PARANÁ,PROD.PENF,1274.04426766988
PFO6,2023,4,ALTO PARANÁ,TOTAL PENEF,52659.0842774724
PFO7,2023,4,ALTO PARANÁ,ACCID.DEP,3.0
PFO7,2023,4,ALTO PARANÁ,PROG.DEP,0.316945144531467
PFO7,2023,4,ALTO PARANÁ,PROD.DEP,1382.74262147646
PFO7,2023,4,ALTO PARANÁ,TOTAL DEP,59677.1582782688
PFO7,2023,4,ALTO PARANÁ,ACCID.FEP,3.0
PFO7,2023,4,ALTO PARANÁ,PROG.FEP,0.562105947863427
PFO7,2023,4,ALTO PARANÁ,PROD.FEP,1482.95115300941
PFO7,2023,4,ALTO PARANÁ,TOTAL FEP,62361.9032244503
PFO7,2023,4,ALTO PARANÁ,ACCID.PENF,4.0
PFO7,2023,4,ALTO PARANÁ,PROG.PENF,0.165269086626378
PFO7,2023,4,ALTO PARANÁ,PROD.PENF,3753.56141652929
PFO7,2023,4,ALTO PARANÁ,TOTAL PENEF,65884.7712400485
PFO8,2023,4,ALTO PARANÁ,ACCID.DEP,0.0
PFO8,2023,4,ALTO PARANÁ,PROG.DEP,0.887970373712677
PFO8,2023,4,ALTO PARANÁ,PROD.DEP,4412.60678017277
PFO8,2023,4,ALTO PARANÁ,TOTAL DEP,68230.1993954315
PFO8,2023,4,ALTO PARANÁ,ACCID.FEP,8.0
PFO8,2023,4,ALTO PARANÁ,PROG.FEP,0.227786346758427
PFO8,2023,4,ALTO PARANÁ,PROD.FEP,3868.50180256851
PFO8,2023,4,ALTO PARANÁ,TOTAL FEP,62933.2475948998
PFO16,2023,4,ALTO PARANÁ,TOTAL FEP,67187.6759652048
PFO16,2023,4,ALTO PARANÁ,ACCID.PENF,1.0
PFO16,2023,4,ALTO PARANÁ,PROG.PENF,0.269375467526383
PFO8,2023,4,ALTO PARANÁ,ACCID.PENF,2.0
PFO9,2023,4,ALTO PARANÁ,ACCID.DEP,0.0
PFO9,2023,4,ALTO PARANÁ,PROG.DEP,0.131692677242709
PFO9,2023,4,ALTO PARANÁ,PROD.DEP,4648.61820590478
PFO9,2023,4,ALTO PARANÁ,TOTAL DEP,69837.870871923
PFO9,2023,4,ALTO PARANÁ,ACCID.FEP,2.0
PFO9,2023,4,ALTO PARANÁ,PROG.FEP,0.451963289566742
PFO9,2023,4,ALTO PARANÁ,PROD.FEP,1144.16090769418
PFO9,2023,4,ALTO PARANÁ,TOTAL FEP,54361.6613274477
PFO9,2023,4,ALTO PARANÁ,ACCID.PENF,5.0
PFO9,2023,4,ALTO PARANÁ,PROG.PENF,0.858027177811471
PFO9,2023,4,ALTO PARANÁ,PROD.PENF,1796.44127156501
PFO9,2023,4,ALTO PARANÁ,TOTAL PENEF,57380.4133675526
PIH1,2023,4,ALTO PARANÁ,ACCID.DEP,4.0
PIH1,2023,4,ALTO PARANÁ,PROG.DEP,0.394633514891296
PIH1,2023,4,ALTO PARANÁ,PROD.DEP,2703.19334619582
PIH1,2023,4,ALTO PARANÁ,TOTAL DEP,61504.155821726
PIH1,2023,4,ALTO PARANÁ,ACCID.FEP,1.0
PIH1,2023,4,ALTO PARANÁ,PROG.FEP,0.195231471200226
PIH1,2023,4,ALTO PARANÁ,PROD.FEP,1741.14375072986
PIH1,2023,4,ALTO PARANÁ,TOTAL FEP,62557.5389412183
PIH1,2023,4,ALTO PARANÁ,ACCID.PENF,7.0
PIH1,2023,4,ALTO PARANÁ,PROG.PENF,0.393090364144254
PIH1,2023,4,ALTO PARANÁ,PROD.PENF,3100.52256195468
PIH1,2023,4,ALTO PARANÁ,TOTAL PENEF,53205.3517943096
PIH2,2023,4,ALTO PARANÁ,ACCID.DEP,5.0
PIH2,2023,4,ALTO PARANÁ,PROG.DEP,0.815161507422995
PIH2,2023,4,ALTO PARANÁ,PROD.DEP,2137.07876330513
PIH2,2023,4,ALTO PARANÁ,TOTAL DEP,62907.7891127192
PIH2,2023,4,ALTO PARANÁ,ACCID.FEP,8.0
PIH2,2023,4,ALTO PARANÁ,PROG.FEP,0.101753356391554
PIH2,2023,4,ALTO PARANÁ,PROD.FEP,2284.42931224597
PIH2,2023,4,ALTO PARANÁ,TOTAL FEP,55865.1306605792
PIH2,2023,4,ALTO PARANÁ,ACCID.PENF,3.0
PIH2,2023,4,ALTO PARANÁ,PROG.PENF,0.380948985122762
PIH2,2023,4,ALTO PARANÁ,PROD.PENF,3719.84992087873
PIH2,2023,4,ALTO PARANÁ,TOTAL PENEF,51931.9128362299
PIH3,2023,4,ALTO PARANÁ,ACCID.DEP,7.0
PIH3,2023,4,ALTO PARANÁ,PROG.DEP,0.916678381211006
PIH3,2023,4,ALTO PARANÁ,PROD.DEP,4480.84211166865
PIH3,2023,4,ALTO PARANÁ,TOTAL DEP,58410.7479186384
PIH3,2023,4,ALTO PARANÁ,ACCID.FEP,9.0
PIH3,2023,4,ALTO PARANÁ,PROG.FEP,0.155858242126259
PIH3,2023,4,ALTO PARANÁ,PROD.FEP,4662.24148222786
PIH3,2023,4,ALTO PARANÁ,TOTAL FEP,66639.6574814993
PIH3,2023,4,ALTO PARANÁ,ACCID.PENF,4.0
PIH3,2023,4,ALTO PARANÁ,PROG.PENF,0.385326194250351
PIH3,2023,4,ALTO PARANÁ,PROD.PENF,2694.46056122554
PIH3,2023,4,ALTO PARANÁ,TOTAL PENEF,60134.403080544
PIH4,2023,4,ALTO PARANÁ,ACCID.DEP,7.0
PIH4,2023,4,ALTO PARANÁ,PROG.DEP,0.355931239369728
PIH4,2023,4,ALTO PARANÁ,PROD.DEP,4964.35950687969
PIH4,2023,4,ALTO PARANÁ,TOTAL DEP,67608.170742715
PIH4,2023,4,ALTO PARANÁ,ACCID.FEP,6.0
PIH4,2023,4,ALTO PARANÁ,PROG.FEP,0.706187800659248
PIH4,2023,4,ALTO PARANÁ,PROD.FEP,4241.09744813185
PIH4,2023,4,ALTO PARANÁ,TOTAL FEP,65273.4032318697
PIH4,2023,4,ALTO PARANÁ,ACCID.PENF,0.0
PIH4,2023,4,ALTO PARANÁ,PROG.PENF,0.901783422692428
PIH4,2023,4,ALTO PARANÁ,PROD.PENF,3334.72177386393
PIH4,2023,4,ALTO PARANÁ,TOTAL PENEF,67489.873605188
PIH5,2023,4,ALTO PARANÁ,ACCID.DEP,9.0
PIH5,2023,4,ALTO PARANÁ,PROG.DEP,0.654770479313755
PIH5,2023,4,ALTO PARANÁ,PROD.DEP,1508.66096173922
PIH5,2023,4,ALTO PARANÁ,TOTAL DEP,67134.3622176755
PIH5,2023,4,ALTO PARANÁ,ACCID.FEP,0.0
PIH5,2023,4,ALTO PARANÁ,PROG.FEP,0.310522609918464
PIH5,2023,4,ALTO PARANÁ,PROD.FEP,3413.05145722152
PIH5,2023,4,ALTO PARANÁ,TOTAL FEP,68291.8507947868
PIH5,2023,4,ALTO PARANÁ,ACCID.PENF,3.0
PIH5,2023,4,ALTO PARANÁ,PROG.PENF,0.616649794991267
PIH5,2023,4,ALTO PARANÁ,PROD.PENF,3306.63842859642
PIH5,2023,4,ALTO PARANÁ,TOTAL PENEF,50044.7607223783
SGA1,2023,4,CANINDEYU,ACCID.DEP,9.0
SGA1,2023,4,CANINDEYU,PROG.DEP,0.799962266565205
SGA1,2023,4,CANINDEYU,PROD.DEP,1742.31296593254
SGA1,2023,4,CANINDEYU,TOTAL DEP,69530.503911893
SGA1,2023,4,CANINDEYU,ACCID.FEP,4.0
SGA1,2023,4,CANINDEYU,PROG.FEP,0.772731733802882
SGA1,2023,4,CANINDEYU,PROD.FEP,3084.38409598661
SGA1,2023,4,CANINDEYU,TOTAL FEP,54862.1416464451
SGA1,2023,4,CANINDEYU,ACCID.PENF,3.0
SGA1,2023,4,CANINDEYU,PROG.PENF,0.162020222905017
SGA1,2023,4,CANINDEYU,PROD.PENF,1084.23107023033
SGA1,2023,4,CANINDEYU,TOTAL PENEF,69454.8629016796
SGA2,2023,4,CANINDEYU,ACCID.DEP,5.0
SGA2,2023,4,CANINDEYU,PROG.DEP,0.551887094168415
SGA2,2023,4,CANINDEYU,PROD.DEP,4040.49385619439
SGA2,2023,4,CANINDEYU,TOTAL DEP,60532.0662708713
SGA2,2023,4,CANINDEYU,ACCID.FEP,8.0
SGA2,2023,4,CANINDEYU,PROG.FEP,0.745911335792774
SGA2,2023,4,CANINDEYU,PROD.FEP,2801.15081774057
SGA2,2023,4,CANINDEYU,TOTAL FEP,59871.9638086841
SGA2,2023,4,CANINDEYU,ACCID.PENF,9.0
SGA2,2023,4,CANINDEYU,PROG.PENF,0.60612168701392
SGA2,2023,4,CANINDEYU,PROD.PENF,1345.33423383171
SGA2,2023,4,CANINDEYU,TOTAL PENEF,53425.3995326903
PFO8,2023,4,ALTO PARANÁ,TOTAL PENEF,58497.6203834486
PFO8,2023,4,ALTO PARANÁ,PROG.PENF,0.373861055203634
PFO8,2023,4,ALTO PARANÁ,PROD.PENF,1754.11466022746
SGA3,2023,4,CANINDEYU,ACCID.DEP,5.0
SGA3,2023,4,CANINDEYU,PROG.DEP,0.968120904771002
SGA3,2023,4,CANINDEYU,PROD.FEP,4191.56919395766
SGA3,2023,4,CANINDEYU,PROG.FEP,0.449073662288232
SGA3,2023,4,CANINDEYU,TOTAL FEP,53888.3629329705
SGA3,2023,4,CANINDEYU,ACCID.PENF,0.0
SGA3,2023,4,CANINDEYU,PROG.PENF,0.803030894812215
SGA3,2023,4,CANINDEYU,PROD.PENF,3157.74648563141
SGA3,2023,4,CANINDEYU,TOTAL PENEF,54677.013067854
SGA4,2023,4,CANINDEYU,ACCID.DEP,0.0
SGA4,2023,4,CANINDEYU,PROG.DEP,0.863692379754686
SGA4,2023,4,CANINDEYU,PROD.DEP,4741.30401376794
SGA4,2023,4,CANINDEYU,ACCID.FEP,0.0
SGA4,2023,4,CANINDEYU,TOTAL DEP,61450.0534215969
SGA4,2023,4,CANINDEYU,PROG.FEP,0.123326268769739
SGA4,2023,4,CANINDEYU,PROD.FEP,1897.66534672556
SGA4,2023,4,CANINDEYU,TOTAL FEP,67721.3324463084
SGA4,2023,4,CANINDEYU,ACCID.PENF,4.0
SGA4,2023,4,CANINDEYU,PROG.PENF,0.435754821699194
SGA4,2023,4,CANINDEYU,TOTAL PENEF,66587.8676329746
SGA4,2023,4,CANINDEYU,PROD.PENF,3975.14257902406
SGA5,2023,4,CANINDEYU,ACCID.DEP,8.0
SGA5,2023,4,CANINDEYU,PROG.DEP,0.672234806298319
SGA5,2023,4,CANINDEYU,PROD.DEP,4034.37353066462
SGA5,2023,4,CANINDEYU,TOTAL DEP,50022.1523712148
SGA5,2023,4,CANINDEYU,ACCID.FEP,0.0
SGA5,2023,4,CANINDEYU,PROG.FEP,0.311018735325581
SGA5,2023,4,CANINDEYU,PROD.FEP,1588.91060751388
SGA5,2023,4,CANINDEYU,TOTAL FEP,55824.0874411806
SGA5,2023,4,CANINDEYU,ACCID.PENF,8.0
SGA5,2023,4,CANINDEYU,PROG.PENF,0.621411462931843
SGA5,2023,4,CANINDEYU,PROD.PENF,4320.9865348559
SGA5,2023,4,CANINDEYU,TOTAL PENEF,64284.1147449875
SGA6,2023,4,CANINDEYU,ACCID.DEP,7.0
SGA3,2023,4,CANINDEYU,TOTAL DEP,67750.9775731931
SGA6,2023,4,CANINDEYU,PROD.DEP,3430.08265441016
SGA6,2023,4,CANINDEYU,TOTAL DEP,56180.2201687343
SGA6,2023,4,CANINDEYU,ACCID.FEP,8.0
SGA6,2023,4,CANINDEYU,PROG.FEP,0.494985625498003
SGA6,2023,4,CANINDEYU,PROD.FEP,4414.03640832489
SGA6,2023,4,CANINDEYU,TOTAL FEP,66309.770298172
SGA6,2023,4,CANINDEYU,ACCID.PENF,5.0
SGA6,2023,4,CANINDEYU,PROG.PENF,0.377029172284686
SGA6,2023,4,CANINDEYU,PROD.PENF,2253.80922896716
SRI1,2023,4,ALTO PARANÁ,ACCID.DEP,2.0
SGA6,2023,4,CANINDEYU,TOTAL PENEF,53502.3981127829
SRI1,2023,4,ALTO PARANÁ,PROG.DEP,0.954446501597813
SRI1,2023,4,ALTO PARANÁ,PROD.DEP,2254.75528757521
SRI1,2023,4,ALTO PARANÁ,TOTAL DEP,51702.1553829095
SRI1,2023,4,ALTO PARANÁ,ACCID.FEP,9.0
SRI1,2023,4,ALTO PARANÁ,PROG.FEP,0.864165552812339
SRI1,2023,4,ALTO PARANÁ,PROD.FEP,1841.26570890327
SRI1,2023,4,ALTO PARANÁ,TOTAL FEP,64542.0678580056
SRI1,2023,4,ALTO PARANÁ,ACCID.PENF,5.0
SRI1,2023,4,ALTO PARANÁ,PROG.PENF,0.988357049910699
SRI1,2023,4,ALTO PARANÁ,PROD.PENF,1535.8449492998
SRI1,2023,4,ALTO PARANÁ,TOTAL PENEF,59717.2275428012
SRI2,2023,4,ALTO PARANÁ,ACCID.DEP,7.0
SRI2,2023,4,ALTO PARANÁ,PROG.DEP,0.193919873008217
SRI2,2023,4,ALTO PARANÁ,PROD.DEP,3542.2565728333
SRI2,2023,4,ALTO PARANÁ,ACCID.FEP,8.0
SRI2,2023,4,ALTO PARANÁ,TOTAL DEP,65946.4233695489
SRI2,2023,4,ALTO PARANÁ,PROG.FEP,0.21241953657843
SRI2,2023,4,ALTO PARANÁ,TOTAL FEP,66595.7833038693
SRI2,2023,4,ALTO PARANÁ,ACCID.PENF,4.0
SRI2,2023,4,ALTO PARANÁ,PROD.FEP,1734.59222438098
SRI2,2023,4,ALTO PARANÁ,PROG.PENF,0.626930775724727
SRI2,2023,4,ALTO PARANÁ,PROD.PENF,2953.04669088024
SRI2,2023,4,ALTO PARANÁ,TOTAL PENEF,68548.2097087482
SRI3,2023,4,ALTO PARANÁ,ACCID.DEP,5.0
SRI3,2023,4,ALTO PARANÁ,PROG.DEP,0.820232848106125
SRI3,2023,4,ALTO PARANÁ,PROD.DEP,3602.66159550303
SRI3,2023,4,ALTO PARANÁ,TOTAL DEP,51748.510563573
SRI3,2023,4,ALTO PARANÁ,ACCID.FEP,5.0
SRI3,2023,4,ALTO PARANÁ,PROG.FEP,0.187826417735652
SRI3,2023,4,ALTO PARANÁ,PROD.FEP,2271.07133768244
SRI3,2023,4,ALTO PARANÁ,TOTAL FEP,63825.5333279741
SRI3,2023,4,ALTO PARANÁ,ACCID.PENF,4.0
SRI3,2023,4,ALTO PARANÁ,PROG.PENF,0.384644880317027
SRI3,2023,4,ALTO PARANÁ,PROD.PENF,3634.41445605066
SRI3,2023,4,ALTO PARANÁ,TOTAL PENEF,66821.1485763639
SRI4,2023,4,ALTO PARANÁ,ACCID.DEP,7.0
SRI4,2023,4,ALTO PARANÁ,PROG.DEP,0.404090434611618
SRI4,2023,4,ALTO PARANÁ,PROD.DEP,2588.00743005728
SRI4,2023,4,ALTO PARANÁ,TOTAL DEP,53000.0235673189
SRI4,2023,4,ALTO PARANÁ,ACCID.FEP,3.0
SRI4,2023,4,ALTO PARANÁ,PROG.FEP,0.980694587676752
SRI4,2023,4,ALTO PARANÁ,PROD.FEP,4800.78331904029
SRI4,2023,4,ALTO PARANÁ,TOTAL FEP,63028.6280719884
SRI4,2023,4,ALTO PARANÁ,ACCID.PENF,1.0
SGA6,2023,4,CANINDEYU,PROG.DEP,0.851700058311723
SRI4,2023,4,ALTO PARANÁ,PROD.PENF,4423.99127438417
SRI4,2023,4,ALTO PARANÁ,TOTAL PENEF,67154.6407547373
ACY1,2023,5,ALTO PARANÁ,ACCID.DEP,7.0
ACY1,2023,5,ALTO PARANÁ,PROG.DEP,0.260904886814336
ACY1,2023,5,ALTO PARANÁ,PROD.DEP,2384.23239771953
ACY1,2023,5,ALTO PARANÁ,TOTAL DEP,55473.9098554702
SRI4,2023,4,ALTO PARANÁ,PROG.PENF,0.66824869775723
SGA3,2023,4,CANINDEYU,PROD.DEP,2613.06643589694
SGA3,2023,4,CANINDEYU,ACCID.FEP,7.0
ACY1,2023,5,ALTO PARANÁ,ACCID.FEP,5.0
ACY1,2023,5,ALTO PARANÁ,PROG.FEP,0.242375312492487
ACY1,2023,5,ALTO PARANÁ,PROG.PENF,0.417274102112679
ACY1,2023,5,ALTO PARANÁ,PROD.PENF,4235.70954303163
ACY1,2023,5,ALTO PARANÁ,TOTAL PENEF,53062.5860588721
ACY2,2023,5,ALTO PARANÁ,ACCID.DEP,7.0
ACY2,2023,5,ALTO PARANÁ,PROG.DEP,0.960599681620581
ACY2,2023,5,ALTO PARANÁ,PROD.DEP,1918.55786669805
ACY2,2023,5,ALTO PARANÁ,TOTAL DEP,61521.5214852125
ACY2,2023,5,ALTO PARANÁ,ACCID.FEP,5.0
ACY2,2023,5,ALTO PARANÁ,PROG.FEP,0.72862757723123
ACY2,2023,5,ALTO PARANÁ,PROD.FEP,2333.84297687243
ACY2,2023,5,ALTO PARANÁ,TOTAL FEP,58178.0923832922
ACY2,2023,5,ALTO PARANÁ,ACCID.PENF,6.0
ACY2,2023,5,ALTO PARANÁ,PROG.PENF,0.509921432990009
ACY2,2023,5,ALTO PARANÁ,PROD.PENF,3962.45073371938
ACY2,2023,5,ALTO PARANÁ,TOTAL PENEF,64301.4085112335
ACY3,2023,5,ALTO PARANÁ,ACCID.DEP,5.0
ACY3,2023,5,ALTO PARANÁ,PROG.DEP,0.742271634876714
ACY3,2023,5,ALTO PARANÁ,PROD.DEP,3988.29105256999
ACY3,2023,5,ALTO PARANÁ,TOTAL DEP,60423.3182650853
ACY3,2023,5,ALTO PARANÁ,ACCID.FEP,6.0
ACY3,2023,5,ALTO PARANÁ,PROG.FEP,0.48531394792996
ACY3,2023,5,ALTO PARANÁ,PROD.FEP,2501.7884648701
ACY3,2023,5,ALTO PARANÁ,TOTAL FEP,55446.7136431489
ACY3,2023,5,ALTO PARANÁ,ACCID.PENF,2.0
ACY3,2023,5,ALTO PARANÁ,PROG.PENF,0.930525167031459
ACY3,2023,5,ALTO PARANÁ,PROD.PENF,4424.44134126584
ACY3,2023,5,ALTO PARANÁ,TOTAL PENEF,61845.4304387688
ACY4,2023,5,ALTO PARANÁ,ACCID.DEP,0.0
ACY4,2023,5,ALTO PARANÁ,PROG.DEP,0.862782303381563
ACY4,2023,5,ALTO PARANÁ,PROD.DEP,3723.07462865935
ACY4,2023,5,ALTO PARANÁ,TOTAL DEP,64166.1090024531
ACY4,2023,5,ALTO PARANÁ,ACCID.FEP,8.0
ACY4,2023,5,ALTO PARANÁ,PROG.FEP,0.372317187351918
ACY4,2023,5,ALTO PARANÁ,PROD.FEP,2766.24435664138
ACY4,2023,5,ALTO PARANÁ,TOTAL FEP,68298.1940198883
ACY4,2023,5,ALTO PARANÁ,ACCID.PENF,4.0
ACY4,2023,5,ALTO PARANÁ,PROG.PENF,0.551454840848399
ACY4,2023,5,ALTO PARANÁ,PROD.PENF,1723.84637057405
ACY4,2023,5,ALTO PARANÁ,TOTAL PENEF,57348.5945184449
ACY5,2023,5,ALTO PARANÁ,ACCID.DEP,6.0
ACY5,2023,5,ALTO PARANÁ,PROG.DEP,0.105436275733974
ACY5,2023,5,ALTO PARANÁ,PROD.DEP,2705.60833822279
ACY5,2023,5,ALTO PARANÁ,TOTAL DEP,56108.7605162387
ACY5,2023,5,ALTO PARANÁ,ACCID.FEP,5.0
ACY5,2023,5,ALTO PARANÁ,PROG.FEP,0.176075155937728
ACY5,2023,5,ALTO PARANÁ,PROD.FEP,1717.26881619495
ACY5,2023,5,ALTO PARANÁ,TOTAL FEP,63882.3855850919
ACY5,2023,5,ALTO PARANÁ,ACCID.PENF,3.0
ACY5,2023,5,ALTO PARANÁ,PROG.PENF,0.776837547474304
ACY5,2023,5,ALTO PARANÁ,PROD.PENF,4745.7644660342
ACY5,2023,5,ALTO PARANÁ,TOTAL PENEF,62511.3595938629
ACY6,2023,5,ALTO PARANÁ,ACCID.DEP,5.0
ACY6,2023,5,ALTO PARANÁ,PROG.DEP,0.929205647199152
ACY6,2023,5,ALTO PARANÁ,PROD.DEP,3847.45971945172
ACY6,2023,5,ALTO PARANÁ,TOTAL DEP,66051.7109985176
ACY6,2023,5,ALTO PARANÁ,ACCID.FEP,3.0
ACY6,2023,5,ALTO PARANÁ,PROG.FEP,0.403450304544782
ACY6,2023,5,ALTO PARANÁ,PROD.FEP,4315.66705689232
ACY6,2023,5,ALTO PARANÁ,TOTAL FEP,59185.888692423
ACY6,2023,5,ALTO PARANÁ,ACCID.PENF,5.0
ACY6,2023,5,ALTO PARANÁ,PROG.PENF,0.523369583826501
ACY6,2023,5,ALTO PARANÁ,PROD.PENF,2676.56164094743
ACY6,2023,5,ALTO PARANÁ,TOTAL PENEF,64376.1436188531
ACY7,2023,5,ALTO PARANÁ,ACCID.DEP,6.0
ACY7,2023,5,ALTO PARANÁ,PROG.DEP,0.776951552118116
ACY7,2023,5,ALTO PARANÁ,PROD.DEP,4296.84192361817
ACY7,2023,5,ALTO PARANÁ,TOTAL DEP,63782.5885611412
ACY7,2023,5,ALTO PARANÁ,ACCID.FEP,9.0
ACY7,2023,5,ALTO PARANÁ,PROG.FEP,0.283164779794549
ACY7,2023,5,ALTO PARANÁ,PROD.FEP,4265.96551618257
ACY7,2023,5,ALTO PARANÁ,TOTAL FEP,54327.606730838
ACY7,2023,5,ALTO PARANÁ,ACCID.PENF,9.0
ACY7,2023,5,ALTO PARANÁ,PROG.PENF,0.304483020005658
ACY7,2023,5,ALTO PARANÁ,PROD.PENF,4323.62413595578
ACY7,2023,5,ALTO PARANÁ,TOTAL PENEF,63063.3098787098
ACY8,2023,5,ALTO PARANÁ,ACCID.DEP,8.0
ACY8,2023,5,ALTO PARANÁ,PROG.DEP,0.147417426417205
ACY8,2023,5,ALTO PARANÁ,PROD.DEP,1969.82999826334
ACY8,2023,5,ALTO PARANÁ,TOTAL DEP,53674.0377211542
ACY8,2023,5,ALTO PARANÁ,ACCID.FEP,1.0
ACY8,2023,5,ALTO PARANÁ,PROG.FEP,0.594769877430225
ACY8,2023,5,ALTO PARANÁ,PROD.FEP,1764.67257639404
ACY8,2023,5,ALTO PARANÁ,TOTAL FEP,52831.0718428445
ACY8,2023,5,ALTO PARANÁ,ACCID.PENF,9.0
ACY8,2023,5,ALTO PARANÁ,PROG.PENF,0.415907955422473
ACY8,2023,5,ALTO PARANÁ,PROD.PENF,3095.5053213068
ACY8,2023,5,ALTO PARANÁ,TOTAL PENEF,63139.9594988804
ACY9,2023,5,ALTO PARANÁ,ACCID.DEP,2.0
ACY9,2023,5,ALTO PARANÁ,PROG.DEP,0.787921200861992
ACY9,2023,5,ALTO PARANÁ,PROD.DEP,2622.14403936038
ACY9,2023,5,ALTO PARANÁ,TOTAL DEP,53047.9610291531
ACY9,2023,5,ALTO PARANÁ,ACCID.FEP,2.0
ACY9,2023,5,ALTO PARANÁ,PROG.FEP,0.646326121783295
ACY9,2023,5,ALTO PARANÁ,PROD.FEP,4183.79374516505
ACY9,2023,5,ALTO PARANÁ,TOTAL FEP,54406.202815119
ACY1,2023,5,ALTO PARANÁ,PROD.FEP,3263.72117413709
ACY1,2023,5,ALTO PARANÁ,TOTAL FEP,55803.0697960151
ACY1,2023,5,ALTO PARANÁ,ACCID.PENF,1.0
ACY9,2023,5,ALTO PARANÁ,PROG.PENF,0.266555145311266
APR10,2023,5,ALTO PARANÁ,ACCID.DEP,1.0
APR10,2023,5,ALTO PARANÁ,PROG.DEP,0.891111210447911
APR10,2023,5,ALTO PARANÁ,PROD.DEP,2681.11118525953
APR10,2023,5,ALTO PARANÁ,TOTAL DEP,59644.5940610471
APR10,2023,5,ALTO PARANÁ,ACCID.FEP,3.0
APR10,2023,5,ALTO PARANÁ,PROG.FEP,0.846720766924165
APR10,2023,5,ALTO PARANÁ,PROD.FEP,1254.09630863988
APR10,2023,5,ALTO PARANÁ,TOTAL FEP,61312.1704732682
APR10,2023,5,ALTO PARANÁ,ACCID.PENF,0.0
APR10,2023,5,ALTO PARANÁ,PROG.PENF,0.683991488530608
APR10,2023,5,ALTO PARANÁ,PROD.PENF,2800.5761260777
APR10,2023,5,ALTO PARANÁ,TOTAL PENEF,58871.604545794
APR11,2023,5,ALTO PARANÁ,ACCID.DEP,8.0
APR11,2023,5,ALTO PARANÁ,PROG.DEP,0.239256279052976
APR11,2023,5,ALTO PARANÁ,PROD.DEP,4284.98660616357
APR11,2023,5,ALTO PARANÁ,TOTAL DEP,65711.0434465321
APR11,2023,5,ALTO PARANÁ,ACCID.FEP,7.0
APR11,2023,5,ALTO PARANÁ,PROG.FEP,0.604069638568132
APR11,2023,5,ALTO PARANÁ,PROD.FEP,2814.1451850166
APR11,2023,5,ALTO PARANÁ,TOTAL FEP,51474.609166773
APR11,2023,5,ALTO PARANÁ,ACCID.PENF,6.0
APR11,2023,5,ALTO PARANÁ,PROG.PENF,0.732794047562693
APR11,2023,5,ALTO PARANÁ,PROD.PENF,2311.33378290022
APR11,2023,5,ALTO PARANÁ,TOTAL PENEF,69355.9410406921
APR12,2023,5,ALTO PARANÁ,ACCID.DEP,5.0
APR12,2023,5,ALTO PARANÁ,PROG.DEP,0.570763300770202
APR12,2023,5,ALTO PARANÁ,PROD.DEP,2914.98348141926
APR12,2023,5,ALTO PARANÁ,TOTAL DEP,53270.1631514347
APR12,2023,5,ALTO PARANÁ,ACCID.FEP,6.0
APR12,2023,5,ALTO PARANÁ,PROG.FEP,0.461420570573656
APR12,2023,5,ALTO PARANÁ,PROD.FEP,2021.78074444196
APR12,2023,5,ALTO PARANÁ,TOTAL FEP,53386.1805218761
APR12,2023,5,ALTO PARANÁ,ACCID.PENF,0.0
APR12,2023,5,ALTO PARANÁ,PROG.PENF,0.185724381128045
APR12,2023,5,ALTO PARANÁ,PROD.PENF,4858.69549478333
APR12,2023,5,ALTO PARANÁ,TOTAL PENEF,67467.902163052
APR13,2023,5,ALTO PARANÁ,ACCID.DEP,3.0
APR13,2023,5,ALTO PARANÁ,PROG.DEP,0.551140910714404
APR13,2023,5,ALTO PARANÁ,PROD.DEP,2760.84882049764
APR13,2023,5,ALTO PARANÁ,TOTAL DEP,60489.1716560897
APR13,2023,5,ALTO PARANÁ,ACCID.FEP,5.0
APR13,2023,5,ALTO PARANÁ,PROG.FEP,0.609136121031265
APR13,2023,5,ALTO PARANÁ,PROD.FEP,3751.00454565464
APR13,2023,5,ALTO PARANÁ,TOTAL FEP,53369.7868499556
APR13,2023,5,ALTO PARANÁ,ACCID.PENF,8.0
APR13,2023,5,ALTO PARANÁ,PROG.PENF,0.933632070702358
APR13,2023,5,ALTO PARANÁ,PROD.PENF,2317.82886226631
APR13,2023,5,ALTO PARANÁ,TOTAL PENEF,57710.5423433309
APR14,2023,5,ALTO PARANÁ,ACCID.DEP,0.0
APR14,2023,5,ALTO PARANÁ,PROG.DEP,0.996270290487544
APR14,2023,5,ALTO PARANÁ,PROD.DEP,3013.59579732366
APR14,2023,5,ALTO PARANÁ,TOTAL DEP,67203.7068205665
APR14,2023,5,ALTO PARANÁ,ACCID.FEP,9.0
APR14,2023,5,ALTO PARANÁ,PROG.FEP,0.571171286347557
APR14,2023,5,ALTO PARANÁ,PROD.FEP,2586.9751149636
APR14,2023,5,ALTO PARANÁ,TOTAL FEP,61308.4923026142
APR14,2023,5,ALTO PARANÁ,ACCID.PENF,5.0
APR14,2023,5,ALTO PARANÁ,PROG.PENF,0.766828992068167
APR14,2023,5,ALTO PARANÁ,PROD.PENF,1478.98632611459
APR14,2023,5,ALTO PARANÁ,TOTAL PENEF,55372.6933133969
APR2,2023,5,ALTO PARANÁ,ACCID.DEP,7.0
APR2,2023,5,ALTO PARANÁ,PROG.DEP,0.160864105897293
APR2,2023,5,ALTO PARANÁ,PROD.DEP,1810.53346883679
APR2,2023,5,ALTO PARANÁ,TOTAL DEP,63484.8512526882
APR2,2023,5,ALTO PARANÁ,ACCID.FEP,2.0
APR2,2023,5,ALTO PARANÁ,PROG.FEP,0.996203827293836
APR2,2023,5,ALTO PARANÁ,PROD.FEP,2853.37388724667
APR2,2023,5,ALTO PARANÁ,TOTAL FEP,51103.8292044936
APR2,2023,5,ALTO PARANÁ,ACCID.PENF,7.0
APR2,2023,5,ALTO PARANÁ,PROG.PENF,0.134640052220818
APR2,2023,5,ALTO PARANÁ,PROD.PENF,3406.46988943495
APR2,2023,5,ALTO PARANÁ,TOTAL PENEF,54374.8241679278
APR3,2023,5,ALTO PARANÁ,ACCID.DEP,8.0
APR3,2023,5,ALTO PARANÁ,PROG.DEP,0.220496928743498
APR3,2023,5,ALTO PARANÁ,PROD.DEP,3298.29043862749
APR3,2023,5,ALTO PARANÁ,TOTAL DEP,64801.6263185403
APR3,2023,5,ALTO PARANÁ,ACCID.FEP,7.0
APR3,2023,5,ALTO PARANÁ,PROG.FEP,0.135256832422516
APR3,2023,5,ALTO PARANÁ,PROD.FEP,2235.60693373767
APR3,2023,5,ALTO PARANÁ,TOTAL FEP,62142.1930051597
APR3,2023,5,ALTO PARANÁ,ACCID.PENF,0.0
APR3,2023,5,ALTO PARANÁ,PROG.PENF,0.353647043289341
APR3,2023,5,ALTO PARANÁ,PROD.PENF,1508.09404278393
APR3,2023,5,ALTO PARANÁ,TOTAL PENEF,61528.1867531719
APR4,2023,5,ALTO PARANÁ,ACCID.DEP,7.0
APR4,2023,5,ALTO PARANÁ,PROG.DEP,0.722220981471834
APR4,2023,5,ALTO PARANÁ,PROD.DEP,3657.40102152066
APR4,2023,5,ALTO PARANÁ,TOTAL DEP,51533.3510311787
APR4,2023,5,ALTO PARANÁ,ACCID.FEP,3.0
APR4,2023,5,ALTO PARANÁ,PROG.FEP,0.591351935980559
APR4,2023,5,ALTO PARANÁ,PROD.FEP,3513.859886356
APR4,2023,5,ALTO PARANÁ,ACCID.PENF,6.0
APR4,2023,5,ALTO PARANÁ,TOTAL FEP,60185.9563500071
APR4,2023,5,ALTO PARANÁ,PROG.PENF,0.677049131418635
APR4,2023,5,ALTO PARANÁ,PROD.PENF,1799.98306453328
APR4,2023,5,ALTO PARANÁ,TOTAL PENEF,67459.6459457115
ACY9,2023,5,ALTO PARANÁ,TOTAL PENEF,58133.4770128378
ACY9,2023,5,ALTO PARANÁ,PROD.PENF,2524.0921208961
ACY9,2023,5,ALTO PARANÁ,ACCID.PENF,0.0
APR5,2023,5,ALTO PARANÁ,ACCID.DEP,7.0
APR5,2023,5,ALTO PARANÁ,ACCID.FEP,7.0
APR5,2023,5,ALTO PARANÁ,PROG.FEP,0.844199042093848
APR5,2023,5,ALTO PARANÁ,PROD.FEP,4988.39850907142
APR5,2023,5,ALTO PARANÁ,TOTAL FEP,68980.0092402822
APR5,2023,5,ALTO PARANÁ,ACCID.PENF,4.0
APR5,2023,5,ALTO PARANÁ,PROG.PENF,0.46049263430401
APR5,2023,5,ALTO PARANÁ,PROD.PENF,1269.5517574774
APR5,2023,5,ALTO PARANÁ,TOTAL PENEF,50250.5575585813
APR6,2023,5,ALTO PARANÁ,ACCID.DEP,2.0
APR6,2023,5,ALTO PARANÁ,PROG.DEP,0.689017270727357
APR6,2023,5,ALTO PARANÁ,PROD.DEP,2564.64745024219
APR6,2023,5,ALTO PARANÁ,TOTAL DEP,51005.9328310897
APR6,2023,5,ALTO PARANÁ,ACCID.FEP,1.0
APR6,2023,5,ALTO PARANÁ,PROG.FEP,0.257794790735406
APR6,2023,5,ALTO PARANÁ,PROD.FEP,1038.07783675219
APR6,2023,5,ALTO PARANÁ,TOTAL FEP,65475.106021381
APR6,2023,5,ALTO PARANÁ,ACCID.PENF,1.0
APR6,2023,5,ALTO PARANÁ,PROG.PENF,0.922550897693034
APR6,2023,5,ALTO PARANÁ,PROD.PENF,4085.64855336662
APR6,2023,5,ALTO PARANÁ,TOTAL PENEF,61579.6511688389
APR8,2023,5,ALTO PARANÁ,ACCID.DEP,0.0
APR8,2023,5,ALTO PARANÁ,PROG.DEP,0.921791123795188
APR8,2023,5,ALTO PARANÁ,PROD.DEP,1023.92191771701
APR8,2023,5,ALTO PARANÁ,TOTAL DEP,62898.1096797403
APR8,2023,5,ALTO PARANÁ,ACCID.FEP,6.0
APR8,2023,5,ALTO PARANÁ,PROG.FEP,0.732223131593941
APR8,2023,5,ALTO PARANÁ,PROD.FEP,4741.56426331308
APR8,2023,5,ALTO PARANÁ,TOTAL FEP,56660.289856391
APR8,2023,5,ALTO PARANÁ,ACCID.PENF,7.0
APR8,2023,5,ALTO PARANÁ,PROG.PENF,0.151436714607077
APR8,2023,5,ALTO PARANÁ,PROD.PENF,1514.48278150186
APR8,2023,5,ALTO PARANÁ,TOTAL PENEF,60043.4343401339
APR9,2023,5,ALTO PARANÁ,ACCID.DEP,1.0
APR9,2023,5,ALTO PARANÁ,PROG.DEP,0.18237983347405
APR9,2023,5,ALTO PARANÁ,PROD.DEP,3626.57194523509
APR9,2023,5,ALTO PARANÁ,TOTAL DEP,67962.2012165671
APR9,2023,5,ALTO PARANÁ,ACCID.FEP,5.0
APR9,2023,5,ALTO PARANÁ,PROG.FEP,0.494892409518182
APR9,2023,5,ALTO PARANÁ,PROD.FEP,3995.70482429932
APR9,2023,5,ALTO PARANÁ,TOTAL FEP,63103.8580119025
APR9,2023,5,ALTO PARANÁ,ACCID.PENF,4.0
APR9,2023,5,ALTO PARANÁ,PROG.PENF,0.75573867271918
APR9,2023,5,ALTO PARANÁ,PROD.PENF,4209.38301126366
APR9,2023,5,ALTO PARANÁ,TOTAL PENEF,62788.9152273353
CAT1,2023,5,CANINDEYU,ACCID.DEP,2.0
CAT1,2023,5,CANINDEYU,PROG.DEP,0.469238789907365
CAT1,2023,5,CANINDEYU,PROD.DEP,2399.0717170455
CAT1,2023,5,CANINDEYU,TOTAL DEP,55899.900151765
CAT1,2023,5,CANINDEYU,ACCID.FEP,3.0
CAT1,2023,5,CANINDEYU,PROG.FEP,0.906799132965497
CAT1,2023,5,CANINDEYU,PROD.FEP,4092.6811594918
CAT1,2023,5,CANINDEYU,TOTAL FEP,59047.4827901187
CAT1,2023,5,CANINDEYU,ACCID.PENF,7.0
CAT1,2023,5,CANINDEYU,PROG.PENF,0.936325984975625
CAT1,2023,5,CANINDEYU,PROD.PENF,3463.21667042801
CAT1,2023,5,CANINDEYU,TOTAL PENEF,67853.7835623614
CAT10,2023,5,CANINDEYU,ACCID.DEP,8.0
CAT10,2023,5,CANINDEYU,PROG.DEP,0.261089081690641
CAT10,2023,5,CANINDEYU,PROD.DEP,3717.05548749747
CAT10,2023,5,CANINDEYU,TOTAL DEP,66135.5335893564
CAT10,2023,5,CANINDEYU,ACCID.FEP,5.0
CAT10,2023,5,CANINDEYU,PROG.FEP,0.142547587758322
CAT10,2023,5,CANINDEYU,PROD.FEP,4559.04027741098
CAT10,2023,5,CANINDEYU,TOTAL FEP,53469.1781152949
CAT10,2023,5,CANINDEYU,ACCID.PENF,9.0
CAT10,2023,5,CANINDEYU,PROG.PENF,0.378909563369332
CAT10,2023,5,CANINDEYU,PROD.PENF,1031.93694865503
CAT10,2023,5,CANINDEYU,TOTAL PENEF,69791.2947837508
CAT11,2023,5,CANINDEYU,ACCID.DEP,6.0
CAT11,2023,5,CANINDEYU,PROG.DEP,0.885425099726086
CAT11,2023,5,CANINDEYU,PROD.DEP,1585.28154943304
CAT11,2023,5,CANINDEYU,TOTAL DEP,54682.8812540129
CAT11,2023,5,CANINDEYU,ACCID.FEP,3.0
CAT11,2023,5,CANINDEYU,PROG.FEP,0.622520166815819
CAT11,2023,5,CANINDEYU,PROD.FEP,1677.30564365992
CAT11,2023,5,CANINDEYU,TOTAL FEP,66293.1047329529
CAT11,2023,5,CANINDEYU,ACCID.PENF,3.0
CAT11,2023,5,CANINDEYU,PROG.PENF,0.546217526666749
CAT11,2023,5,CANINDEYU,PROD.PENF,2790.29245868161
CAT11,2023,5,CANINDEYU,TOTAL PENEF,66848.2634035472
CAT2,2023,5,CANINDEYU,ACCID.DEP,0.0
CAT2,2023,5,CANINDEYU,PROG.DEP,0.19667451185473
CAT2,2023,5,CANINDEYU,PROD.DEP,3788.36567642774
CAT2,2023,5,CANINDEYU,TOTAL DEP,66787.6493923033
CAT2,2023,5,CANINDEYU,ACCID.FEP,7.0
CAT2,2023,5,CANINDEYU,PROG.FEP,0.613661968363569
CAT2,2023,5,CANINDEYU,PROD.FEP,1876.17892693968
CAT2,2023,5,CANINDEYU,TOTAL FEP,51545.0542588374
CAT2,2023,5,CANINDEYU,ACCID.PENF,3.0
CAT2,2023,5,CANINDEYU,PROG.PENF,0.54866887924212
CAT2,2023,5,CANINDEYU,PROD.PENF,4957.2419535986
CAT2,2023,5,CANINDEYU,TOTAL PENEF,54782.4066869677
CAT3,2023,5,CANINDEYU,ACCID.DEP,1.0
CAT3,2023,5,CANINDEYU,PROG.DEP,0.185836077791178
CAT3,2023,5,CANINDEYU,PROD.DEP,3626.96441717764
CAT3,2023,5,CANINDEYU,TOTAL DEP,54131.5067248087
APR5,2023,5,ALTO PARANÁ,PROD.DEP,3189.28054137592
APR5,2023,5,ALTO PARANÁ,TOTAL DEP,56345.6843213826
APR5,2023,5,ALTO PARANÁ,PROG.DEP,0.236808322103318
CAT3,2023,5,CANINDEYU,ACCID.FEP,0.0
CAT3,2023,5,CANINDEYU,PROG.FEP,0.59021370867592
CAT3,2023,5,CANINDEYU,PROG.PENF,0.786389983945047
CAT3,2023,5,CANINDEYU,PROD.PENF,4705.4637175412
CAT3,2023,5,CANINDEYU,TOTAL PENEF,55186.9712443852
CAT4,2023,5,CANINDEYU,ACCID.DEP,4.0
CAT4,2023,5,CANINDEYU,PROG.DEP,0.912835808133405
CAT4,2023,5,CANINDEYU,PROD.DEP,2328.07865438534
CAT4,2023,5,CANINDEYU,TOTAL DEP,66933.1608289606
CAT4,2023,5,CANINDEYU,ACCID.FEP,0.0
CAT4,2023,5,CANINDEYU,PROG.FEP,0.274351191263558
CAT4,2023,5,CANINDEYU,PROD.FEP,4053.86637382105
CAT4,2023,5,CANINDEYU,TOTAL FEP,61414.8816557065
CAT4,2023,5,CANINDEYU,ACCID.PENF,8.0
CAT4,2023,5,CANINDEYU,PROG.PENF,0.134362132676604
CAT4,2023,5,CANINDEYU,PROD.PENF,4150.64338217978
CAT4,2023,5,CANINDEYU,TOTAL PENEF,65110.8169652174
CAT5,2023,5,CANINDEYU,ACCID.DEP,3.0
CAT5,2023,5,CANINDEYU,PROG.DEP,0.78944931809259
CAT5,2023,5,CANINDEYU,PROD.DEP,2328.73771254175
CAT5,2023,5,CANINDEYU,TOTAL DEP,64457.297698674
CAT5,2023,5,CANINDEYU,ACCID.FEP,0.0
CAT5,2023,5,CANINDEYU,PROG.FEP,0.500658381536634
CAT5,2023,5,CANINDEYU,PROD.FEP,1728.65313246957
CAT5,2023,5,CANINDEYU,TOTAL FEP,62193.1475706474
CAT5,2023,5,CANINDEYU,ACCID.PENF,9.0
CAT5,2023,5,CANINDEYU,PROG.PENF,0.618631817542428
CAT5,2023,5,CANINDEYU,PROD.PENF,1876.63901500828
CAT5,2023,5,CANINDEYU,TOTAL PENEF,52363.5761986915
CAT6,2023,5,CANINDEYU,ACCID.DEP,0.0
CAT6,2023,5,CANINDEYU,PROG.DEP,0.737971422965749
CAT6,2023,5,CANINDEYU,PROD.DEP,1633.82605368446
CAT6,2023,5,CANINDEYU,TOTAL DEP,52405.7615098831
CAT6,2023,5,CANINDEYU,ACCID.FEP,8.0
CAT6,2023,5,CANINDEYU,PROG.FEP,0.757627575830086
CAT6,2023,5,CANINDEYU,PROD.FEP,1382.37250595672
CAT6,2023,5,CANINDEYU,TOTAL FEP,57568.2825191277
CAT6,2023,5,CANINDEYU,ACCID.PENF,4.0
CAT6,2023,5,CANINDEYU,PROG.PENF,0.958055821257503
CAT6,2023,5,CANINDEYU,PROD.PENF,4395.80312867289
CAT6,2023,5,CANINDEYU,TOTAL PENEF,69380.9409936512
CAT7,2023,5,CANINDEYU,ACCID.DEP,6.0
CAT7,2023,5,CANINDEYU,PROG.DEP,0.387457492881553
CAT7,2023,5,CANINDEYU,PROD.DEP,3499.19384920181
CAT7,2023,5,CANINDEYU,TOTAL DEP,53165.3282670067
CAT7,2023,5,CANINDEYU,ACCID.FEP,2.0
CAT7,2023,5,CANINDEYU,PROG.FEP,0.875911651442728
CAT7,2023,5,CANINDEYU,PROD.FEP,3263.57196843059
CAT7,2023,5,CANINDEYU,TOTAL FEP,60809.9407535452
CAT7,2023,5,CANINDEYU,ACCID.PENF,5.0
CAT7,2023,5,CANINDEYU,PROG.PENF,0.585031214594557
CAT3,2023,5,CANINDEYU,PROD.FEP,2676.70367093402
CAT7,2023,5,CANINDEYU,TOTAL PENEF,64025.8272108025
CAT8,2023,5,CANINDEYU,ACCID.DEP,4.0
CAT8,2023,5,CANINDEYU,PROG.DEP,0.913441803586352
CAT8,2023,5,CANINDEYU,PROD.DEP,2216.40675547139
CAT8,2023,5,CANINDEYU,TOTAL DEP,62160.0942418074
CAT8,2023,5,CANINDEYU,ACCID.FEP,6.0
CAT8,2023,5,CANINDEYU,PROG.FEP,0.253316900077597
CAT8,2023,5,CANINDEYU,PROD.FEP,1353.95841338302
CAT8,2023,5,CANINDEYU,TOTAL FEP,52105.3484807504
CAT8,2023,5,CANINDEYU,ACCID.PENF,5.0
CAT8,2023,5,CANINDEYU,PROG.PENF,0.160062332618801
CAT8,2023,5,CANINDEYU,PROD.PENF,4144.82417751072
CAT8,2023,5,CANINDEYU,TOTAL PENEF,52668.9276049865
CAT9,2023,5,CANINDEYU,ACCID.DEP,0.0
CAT9,2023,5,CANINDEYU,PROG.DEP,0.222252628569812
CAT9,2023,5,CANINDEYU,PROD.DEP,3460.87153516198
CAT9,2023,5,CANINDEYU,TOTAL DEP,54139.026508287
CAT9,2023,5,CANINDEYU,ACCID.FEP,3.0
CAT9,2023,5,CANINDEYU,PROG.FEP,0.766021344384312
CAT9,2023,5,CANINDEYU,PROD.FEP,3888.16610183387
CAT9,2023,5,CANINDEYU,TOTAL FEP,63530.5730307844
CAT9,2023,5,CANINDEYU,ACCID.PENF,0.0
CAT9,2023,5,CANINDEYU,PROG.PENF,0.56630162721108
CAT9,2023,5,CANINDEYU,PROD.PENF,1046.15664929045
CAT9,2023,5,CANINDEYU,TOTAL PENEF,65280.4500400656
CUR1,2023,5,CANINDEYU,ACCID.DEP,7.0
CUR1,2023,5,CANINDEYU,PROG.DEP,0.86028071481569
CUR1,2023,5,CANINDEYU,PROD.DEP,3963.89752926327
CUR1,2023,5,CANINDEYU,TOTAL DEP,68273.75780874
CUR1,2023,5,CANINDEYU,ACCID.FEP,9.0
CUR1,2023,5,CANINDEYU,PROG.FEP,0.290526339621728
CUR1,2023,5,CANINDEYU,PROD.FEP,1835.97418317297
CUR1,2023,5,CANINDEYU,TOTAL FEP,60245.019202841
CUR1,2023,5,CANINDEYU,ACCID.PENF,8.0
CUR1,2023,5,CANINDEYU,PROG.PENF,0.11161614854717
CUR1,2023,5,CANINDEYU,PROD.PENF,3708.37280974377
CUR1,2023,5,CANINDEYU,TOTAL PENEF,54469.6941150406
CUR2,2023,5,CANINDEYU,ACCID.DEP,8.0
CUR2,2023,5,CANINDEYU,PROG.DEP,0.857222173791141
CUR2,2023,5,CANINDEYU,PROD.DEP,1312.41756371577
CUR2,2023,5,CANINDEYU,TOTAL DEP,55570.2031014347
CUR2,2023,5,CANINDEYU,ACCID.FEP,0.0
CUR2,2023,5,CANINDEYU,PROG.FEP,0.101082146840351
CUR2,2023,5,CANINDEYU,PROD.FEP,2236.12612230352
CUR2,2023,5,CANINDEYU,TOTAL FEP,65558.1725432192
CAT3,2023,5,CANINDEYU,TOTAL FEP,59216.427782142
CAT7,2023,5,CANINDEYU,PROD.PENF,1757.23863145432
CAT3,2023,5,CANINDEYU,ACCID.PENF,0.0
CUR2,2023,5,CANINDEYU,ACCID.PENF,2.0
CUR3,2023,5,CANINDEYU,ACCID.DEP,5.0
CUR3,2023,5,CANINDEYU,PROG.DEP,0.938369733949197
CUR3,2023,5,CANINDEYU,PROD.DEP,2022.82822100758
CUR3,2023,5,CANINDEYU,TOTAL DEP,55319.9813802679
CUR3,2023,5,CANINDEYU,ACCID.FEP,4.0
CUR3,2023,5,CANINDEYU,PROG.FEP,0.613601470419938
CUR3,2023,5,CANINDEYU,PROD.FEP,2110.32278969989
CUR3,2023,5,CANINDEYU,TOTAL FEP,55473.1048931344
CUR3,2023,5,CANINDEYU,ACCID.PENF,7.0
CUR3,2023,5,CANINDEYU,PROG.PENF,0.727550036777317
CUR3,2023,5,CANINDEYU,PROD.PENF,4880.85125378473
CUR3,2023,5,CANINDEYU,TOTAL PENEF,57644.6227266141
CUR4,2023,5,CANINDEYU,ACCID.DEP,8.0
CUR4,2023,5,CANINDEYU,PROG.DEP,0.177641976541028
CUR4,2023,5,CANINDEYU,PROD.DEP,4490.34026735737
CUR4,2023,5,CANINDEYU,TOTAL DEP,54035.575341683
CUR4,2023,5,CANINDEYU,ACCID.FEP,0.0
CUR4,2023,5,CANINDEYU,PROG.FEP,0.610918614075353
CUR4,2023,5,CANINDEYU,PROD.FEP,2391.64199248903
CUR4,2023,5,CANINDEYU,TOTAL FEP,68328.4476664836
CUR4,2023,5,CANINDEYU,ACCID.PENF,8.0
CUR4,2023,5,CANINDEYU,PROG.PENF,0.644596961518354
CUR4,2023,5,CANINDEYU,PROD.PENF,1976.51875550103
CUR4,2023,5,CANINDEYU,TOTAL PENEF,51817.2543107918
CUR5,2023,5,CANINDEYU,ACCID.DEP,2.0
CUR5,2023,5,CANINDEYU,PROG.DEP,0.58573664018538
CUR5,2023,5,CANINDEYU,PROD.DEP,2828.33803198551
CUR5,2023,5,CANINDEYU,TOTAL DEP,66604.2460819987
CUR5,2023,5,CANINDEYU,ACCID.FEP,7.0
CUR5,2023,5,CANINDEYU,PROG.FEP,0.831157927633109
CUR2,2023,5,CANINDEYU,PROG.PENF,0.354122707164544
CUR5,2023,5,CANINDEYU,TOTAL FEP,69893.0060217674
CUR5,2023,5,CANINDEYU,ACCID.PENF,7.0
CUR5,2023,5,CANINDEYU,PROG.PENF,0.346255329405922
CUR5,2023,5,CANINDEYU,PROD.PENF,2803.40697372486
CUR5,2023,5,CANINDEYU,TOTAL PENEF,62338.6112652933
DES10,2023,5,ALTO PARANÁ,ACCID.DEP,2.0
DES10,2023,5,ALTO PARANÁ,PROG.DEP,0.784071670362112
DES10,2023,5,ALTO PARANÁ,PROD.DEP,1041.69823209045
DES10,2023,5,ALTO PARANÁ,TOTAL DEP,59444.3886807318
DES10,2023,5,ALTO PARANÁ,ACCID.FEP,9.0
DES10,2023,5,ALTO PARANÁ,PROG.FEP,0.911549588349555
DES10,2023,5,ALTO PARANÁ,PROD.FEP,3999.0647697527
DES10,2023,5,ALTO PARANÁ,TOTAL FEP,65986.4344217891
DES10,2023,5,ALTO PARANÁ,ACCID.PENF,7.0
DES10,2023,5,ALTO PARANÁ,PROG.PENF,0.964564639602647
DES10,2023,5,ALTO PARANÁ,PROD.PENF,1659.21039546346
DES3,2023,5,ALTO PARANÁ,ACCID.DEP,1.0
DES3,2023,5,ALTO PARANÁ,PROG.DEP,0.487591693063366
DES10,2023,5,ALTO PARANÁ,TOTAL PENEF,66127.9047940852
DES3,2023,5,ALTO PARANÁ,PROD.DEP,2952.66240212551
DES3,2023,5,ALTO PARANÁ,TOTAL DEP,69323.4044849384
DES3,2023,5,ALTO PARANÁ,ACCID.FEP,5.0
DES3,2023,5,ALTO PARANÁ,PROG.FEP,0.186240143274928
DES3,2023,5,ALTO PARANÁ,PROD.FEP,3624.14560758605
DES3,2023,5,ALTO PARANÁ,ACCID.PENF,9.0
DES3,2023,5,ALTO PARANÁ,TOTAL FEP,58682.8427030476
DES3,2023,5,ALTO PARANÁ,PROD.PENF,3851.48817610324
DES3,2023,5,ALTO PARANÁ,TOTAL PENEF,54555.3705382323
DES3,2023,5,ALTO PARANÁ,PROG.PENF,0.662633377964403
DES4,2023,5,ALTO PARANÁ,ACCID.DEP,2.0
DES4,2023,5,ALTO PARANÁ,PROG.DEP,0.926990812590886
DES4,2023,5,ALTO PARANÁ,PROD.DEP,1878.39345082921
DES4,2023,5,ALTO PARANÁ,TOTAL DEP,59262.0149767606
DES4,2023,5,ALTO PARANÁ,ACCID.FEP,3.0
DES4,2023,5,ALTO PARANÁ,PROG.FEP,0.457544070480661
DES4,2023,5,ALTO PARANÁ,PROD.FEP,4888.63457979346
DES4,2023,5,ALTO PARANÁ,ACCID.PENF,3.0
DES4,2023,5,ALTO PARANÁ,PROG.PENF,0.793332301481955
DES4,2023,5,ALTO PARANÁ,TOTAL FEP,60413.9377431918
DES4,2023,5,ALTO PARANÁ,PROD.PENF,1603.0432710171
DES4,2023,5,ALTO PARANÁ,TOTAL PENEF,53546.3894781685
DES5,2023,5,ALTO PARANÁ,ACCID.DEP,2.0
DES5,2023,5,ALTO PARANÁ,PROG.DEP,0.237186225298064
DES5,2023,5,ALTO PARANÁ,TOTAL DEP,69711.891662993
DES5,2023,5,ALTO PARANÁ,PROD.DEP,3467.34918400093
DES5,2023,5,ALTO PARANÁ,ACCID.FEP,9.0
DES5,2023,5,ALTO PARANÁ,PROD.FEP,3525.06103962603
DES5,2023,5,ALTO PARANÁ,TOTAL FEP,59287.7415215525
DES5,2023,5,ALTO PARANÁ,PROG.FEP,0.352767897654503
DES5,2023,5,ALTO PARANÁ,ACCID.PENF,1.0
DES5,2023,5,ALTO PARANÁ,PROG.PENF,0.891531628972172
DES5,2023,5,ALTO PARANÁ,PROD.PENF,2959.67375464759
DES5,2023,5,ALTO PARANÁ,TOTAL PENEF,53716.1390844126
DES8,2023,5,ALTO PARANÁ,ACCID.DEP,5.0
DES8,2023,5,ALTO PARANÁ,PROG.DEP,0.959439782065509
DES8,2023,5,ALTO PARANÁ,PROD.DEP,2227.35273720149
DES8,2023,5,ALTO PARANÁ,TOTAL DEP,63598.3850523873
DES8,2023,5,ALTO PARANÁ,ACCID.FEP,2.0
DES8,2023,5,ALTO PARANÁ,PROG.FEP,0.880298074429568
DES8,2023,5,ALTO PARANÁ,PROD.FEP,3509.90450117815
DES8,2023,5,ALTO PARANÁ,TOTAL FEP,51645.9379926998
DES8,2023,5,ALTO PARANÁ,ACCID.PENF,7.0
DES8,2023,5,ALTO PARANÁ,PROG.PENF,0.35991405665944
DES8,2023,5,ALTO PARANÁ,PROD.PENF,3345.67694950406
DES8,2023,5,ALTO PARANÁ,TOTAL PENEF,62737.4088481997
CUR2,2023,5,CANINDEYU,TOTAL PENEF,50105.6556803925
CUR5,2023,5,CANINDEYU,PROD.FEP,1331.5661985832
CUR2,2023,5,CANINDEYU,PROD.PENF,3861.30649501844
DES9,2023,5,ALTO PARANÁ,ACCID.DEP,9.0
DES9,2023,5,ALTO PARANÁ,ACCID.FEP,0.0
DES9,2023,5,ALTO PARANÁ,PROG.FEP,0.197484230330929
DES9,2023,5,ALTO PARANÁ,PROD.FEP,1886.42558699285
DES9,2023,5,ALTO PARANÁ,TOTAL FEP,59252.1603910718
DES9,2023,5,ALTO PARANÁ,ACCID.PENF,2.0
DES9,2023,5,ALTO PARANÁ,PROG.PENF,0.166092756570917
DES9,2023,5,ALTO PARANÁ,PROD.PENF,2149.60771055503
DES9,2023,5,ALTO PARANÁ,TOTAL PENEF,57099.9264879609
HER1,2023,5,ALTO PARANÁ,ACCID.DEP,3.0
HER1,2023,5,ALTO PARANÁ,PROG.DEP,0.925411188423703
HER1,2023,5,ALTO PARANÁ,PROD.DEP,1348.80575458052
HER1,2023,5,ALTO PARANÁ,TOTAL DEP,56211.4255419751
HER1,2023,5,ALTO PARANÁ,ACCID.FEP,4.0
HER1,2023,5,ALTO PARANÁ,PROG.FEP,0.839261638450558
HER1,2023,5,ALTO PARANÁ,PROD.FEP,4705.10829117706
HER1,2023,5,ALTO PARANÁ,TOTAL FEP,61611.9663023377
HER1,2023,5,ALTO PARANÁ,ACCID.PENF,9.0
HER1,2023,5,ALTO PARANÁ,PROG.PENF,0.381388212480002
HER1,2023,5,ALTO PARANÁ,PROD.PENF,4608.87684212549
HER1,2023,5,ALTO PARANÁ,TOTAL PENEF,63171.5157478882
HER10,2023,5,ALTO PARANÁ,ACCID.DEP,9.0
HER10,2023,5,ALTO PARANÁ,PROG.DEP,0.805213862473738
HER10,2023,5,ALTO PARANÁ,PROD.DEP,3850.88134356952
HER10,2023,5,ALTO PARANÁ,TOTAL DEP,67507.2422528786
HER10,2023,5,ALTO PARANÁ,ACCID.FEP,9.0
HER10,2023,5,ALTO PARANÁ,PROG.FEP,0.413768597107175
HER10,2023,5,ALTO PARANÁ,PROD.FEP,1439.43486924556
HER10,2023,5,ALTO PARANÁ,TOTAL FEP,56861.7321826232
HER10,2023,5,ALTO PARANÁ,ACCID.PENF,2.0
HER10,2023,5,ALTO PARANÁ,PROG.PENF,0.216254261940622
HER10,2023,5,ALTO PARANÁ,PROD.PENF,1654.38711618984
HER10,2023,5,ALTO PARANÁ,TOTAL PENEF,64144.7704843284
HER2,2023,5,ALTO PARANÁ,ACCID.DEP,9.0
HER2,2023,5,ALTO PARANÁ,PROG.DEP,0.738868926714381
HER2,2023,5,ALTO PARANÁ,PROD.DEP,4482.1432062833
HER2,2023,5,ALTO PARANÁ,TOTAL DEP,51940.0345135096
HER2,2023,5,ALTO PARANÁ,ACCID.FEP,7.0
HER2,2023,5,ALTO PARANÁ,PROG.FEP,0.216771639030735
HER2,2023,5,ALTO PARANÁ,PROD.FEP,1172.41364045115
HER2,2023,5,ALTO PARANÁ,TOTAL FEP,56466.9167340983
HER2,2023,5,ALTO PARANÁ,ACCID.PENF,3.0
HER2,2023,5,ALTO PARANÁ,PROG.PENF,0.975059510776934
HER2,2023,5,ALTO PARANÁ,PROD.PENF,3825.70894934547
HER2,2023,5,ALTO PARANÁ,TOTAL PENEF,50176.9740738484
HER7,2023,5,ALTO PARANÁ,ACCID.DEP,5.0
HER7,2023,5,ALTO PARANÁ,PROG.DEP,0.913046046806532
HER7,2023,5,ALTO PARANÁ,PROD.DEP,4863.86614472271
HER7,2023,5,ALTO PARANÁ,TOTAL DEP,51825.8286204687
HER7,2023,5,ALTO PARANÁ,ACCID.FEP,5.0
HER7,2023,5,ALTO PARANÁ,PROG.FEP,0.333374162075807
HER7,2023,5,ALTO PARANÁ,PROD.FEP,1684.7481234767
HER7,2023,5,ALTO PARANÁ,TOTAL FEP,56891.479953377
HER7,2023,5,ALTO PARANÁ,ACCID.PENF,4.0
HER7,2023,5,ALTO PARANÁ,PROG.PENF,0.160803559225386
HER7,2023,5,ALTO PARANÁ,PROD.PENF,2354.44411843889
HER7,2023,5,ALTO PARANÁ,TOTAL PENEF,57147.7400284333
HER8,2023,5,ALTO PARANÁ,ACCID.DEP,8.0
HER8,2023,5,ALTO PARANÁ,PROG.DEP,0.516107479420432
HER8,2023,5,ALTO PARANÁ,PROD.DEP,3643.8752367483
HER8,2023,5,ALTO PARANÁ,TOTAL DEP,64856.3346383194
HER8,2023,5,ALTO PARANÁ,ACCID.FEP,5.0
HER8,2023,5,ALTO PARANÁ,PROG.FEP,0.76454298033184
HER8,2023,5,ALTO PARANÁ,PROD.FEP,3147.477009255
HER8,2023,5,ALTO PARANÁ,TOTAL FEP,66306.6027016492
HER8,2023,5,ALTO PARANÁ,ACCID.PENF,9.0
HER8,2023,5,ALTO PARANÁ,PROG.PENF,0.975475144646068
HER8,2023,5,ALTO PARANÁ,PROD.PENF,3380.61740876777
HER8,2023,5,ALTO PARANÁ,TOTAL PENEF,62588.9557644182
HER9,2023,5,ALTO PARANÁ,ACCID.DEP,2.0
HER9,2023,5,ALTO PARANÁ,PROG.DEP,0.52892297580318
HER9,2023,5,ALTO PARANÁ,PROD.DEP,2740.17437394797
HER9,2023,5,ALTO PARANÁ,TOTAL DEP,68212.0608935473
HER9,2023,5,ALTO PARANÁ,ACCID.FEP,6.0
HER9,2023,5,ALTO PARANÁ,PROG.FEP,0.31319071280477
HER9,2023,5,ALTO PARANÁ,PROD.FEP,1962.89331389286
HER9,2023,5,ALTO PARANÁ,TOTAL FEP,60546.5591697041
HER9,2023,5,ALTO PARANÁ,PROG.PENF,0.556653512295791
HER9,2023,5,ALTO PARANÁ,ACCID.PENF,6.0
HER9,2023,5,ALTO PARANÁ,PROD.PENF,1825.80424373822
HER9,2023,5,ALTO PARANÁ,TOTAL PENEF,58863.7851729028
IRY1,2023,5,ALTO PARANÁ,ACCID.DEP,6.0
IRY1,2023,5,ALTO PARANÁ,PROG.DEP,0.231267948703906
IRY1,2023,5,ALTO PARANÁ,PROD.DEP,1810.59680766421
IRY1,2023,5,ALTO PARANÁ,TOTAL DEP,68610.5226772105
IRY1,2023,5,ALTO PARANÁ,ACCID.FEP,8.0
IRY1,2023,5,ALTO PARANÁ,PROG.FEP,0.723087402202896
IRY1,2023,5,ALTO PARANÁ,PROD.FEP,4329.96594882835
IRY1,2023,5,ALTO PARANÁ,TOTAL FEP,58463.4948562919
IRY1,2023,5,ALTO PARANÁ,ACCID.PENF,2.0
IRY1,2023,5,ALTO PARANÁ,PROG.PENF,0.781803863219106
IRY1,2023,5,ALTO PARANÁ,PROD.PENF,3059.72025827793
IRY1,2023,5,ALTO PARANÁ,TOTAL PENEF,57234.4568245528
IRY2,2023,5,ALTO PARANÁ,ACCID.DEP,6.0
IRY2,2023,5,ALTO PARANÁ,PROG.DEP,0.732461500996598
IRY2,2023,5,ALTO PARANÁ,PROD.DEP,1140.81103794154
IRY2,2023,5,ALTO PARANÁ,TOTAL DEP,51060.2038303913
DES9,2023,5,ALTO PARANÁ,PROD.DEP,1944.88774408885
DES9,2023,5,ALTO PARANÁ,PROG.DEP,0.123036765428408
DES9,2023,5,ALTO PARANÁ,TOTAL DEP,61766.8048703166
IRY2,2023,5,ALTO PARANÁ,ACCID.FEP,7.0
IRY2,2023,5,ALTO PARANÁ,PROG.FEP,0.219446864216647
IRY2,2023,5,ALTO PARANÁ,PROG.PENF,0.224154601496471
IRY2,2023,5,ALTO PARANÁ,PROD.PENF,4324.93202087692
IRY2,2023,5,ALTO PARANÁ,TOTAL PENEF,61620.0742419399
IRY3,2023,5,ALTO PARANÁ,ACCID.DEP,7.0
IRY3,2023,5,ALTO PARANÁ,PROG.DEP,0.772072595885475
IRY3,2023,5,ALTO PARANÁ,PROD.DEP,1422.81917115765
IRY3,2023,5,ALTO PARANÁ,TOTAL DEP,57278.3946343465
IRY3,2023,5,ALTO PARANÁ,ACCID.FEP,2.0
IRY3,2023,5,ALTO PARANÁ,PROG.FEP,0.375515685454443
IRY3,2023,5,ALTO PARANÁ,PROD.FEP,2901.10085167318
IRY3,2023,5,ALTO PARANÁ,TOTAL FEP,53725.6362314616
IRY3,2023,5,ALTO PARANÁ,ACCID.PENF,2.0
IRY3,2023,5,ALTO PARANÁ,PROG.PENF,0.933271307922712
IRY3,2023,5,ALTO PARANÁ,PROD.PENF,2579.91780415967
IRY3,2023,5,ALTO PARANÁ,TOTAL PENEF,55363.0681031926
IRY4,2023,5,ALTO PARANÁ,ACCID.DEP,4.0
IRY4,2023,5,ALTO PARANÁ,PROG.DEP,0.979964949631362
IRY4,2023,5,ALTO PARANÁ,PROD.DEP,3021.66941471661
IRY4,2023,5,ALTO PARANÁ,TOTAL DEP,55369.9846295537
IRY4,2023,5,ALTO PARANÁ,ACCID.FEP,7.0
IRY4,2023,5,ALTO PARANÁ,PROG.FEP,0.180004275792044
IRY4,2023,5,ALTO PARANÁ,PROD.FEP,4220.0181176309
IRY4,2023,5,ALTO PARANÁ,TOTAL FEP,63883.4104815114
IRY4,2023,5,ALTO PARANÁ,ACCID.PENF,2.0
IRY4,2023,5,ALTO PARANÁ,PROG.PENF,0.352226758855997
IRY4,2023,5,ALTO PARANÁ,PROD.PENF,1158.71498495408
IRY4,2023,5,ALTO PARANÁ,TOTAL PENEF,68877.7941111793
JEP1,2023,5,CANINDEYU,ACCID.DEP,9.0
JEP1,2023,5,CANINDEYU,PROG.DEP,0.458217542140178
JEP1,2023,5,CANINDEYU,PROD.DEP,1006.51671898224
JEP1,2023,5,CANINDEYU,TOTAL DEP,50089.7822217803
JEP1,2023,5,CANINDEYU,ACCID.FEP,4.0
JEP1,2023,5,CANINDEYU,PROG.FEP,0.795852752588017
JEP1,2023,5,CANINDEYU,PROD.FEP,2142.98007967927
JEP1,2023,5,CANINDEYU,TOTAL FEP,66761.7973151821
JEP1,2023,5,CANINDEYU,ACCID.PENF,9.0
JEP1,2023,5,CANINDEYU,PROG.PENF,0.209904072122522
JEP1,2023,5,CANINDEYU,PROD.PENF,4432.37364281444
JEP1,2023,5,CANINDEYU,TOTAL PENEF,64415.9400128681
JEP2,2023,5,CANINDEYU,ACCID.DEP,2.0
JEP2,2023,5,CANINDEYU,PROG.DEP,0.985172801502416
JEP2,2023,5,CANINDEYU,PROD.DEP,4575.72657255097
JEP2,2023,5,CANINDEYU,TOTAL DEP,59160.5530150139
JEP2,2023,5,CANINDEYU,ACCID.FEP,1.0
JEP2,2023,5,CANINDEYU,PROG.FEP,0.422174629809839
JEP2,2023,5,CANINDEYU,PROD.FEP,1557.2549788156
JEP2,2023,5,CANINDEYU,TOTAL FEP,67436.5321476264
JEP2,2023,5,CANINDEYU,ACCID.PENF,1.0
JEP2,2023,5,CANINDEYU,PROG.PENF,0.265843435126402
JEP2,2023,5,CANINDEYU,PROD.PENF,2297.68006163721
JEP2,2023,5,CANINDEYU,TOTAL PENEF,60945.1983889606
JEP3,2023,5,CANINDEYU,ACCID.DEP,9.0
JEP3,2023,5,CANINDEYU,PROG.DEP,0.284648016749355
JEP3,2023,5,CANINDEYU,PROD.DEP,4850.15975683912
JEP3,2023,5,CANINDEYU,TOTAL DEP,56001.1710062256
JEP3,2023,5,CANINDEYU,ACCID.FEP,4.0
JEP3,2023,5,CANINDEYU,PROG.FEP,0.27581504610166
JEP3,2023,5,CANINDEYU,PROD.FEP,2771.83257991123
JEP3,2023,5,CANINDEYU,TOTAL FEP,59443.5220540407
JEP3,2023,5,CANINDEYU,ACCID.PENF,8.0
JEP3,2023,5,CANINDEYU,PROG.PENF,0.760595588687769
JEP3,2023,5,CANINDEYU,PROD.PENF,3828.46732846383
JEP3,2023,5,CANINDEYU,TOTAL PENEF,53979.5571199899
JEP4,2023,5,CANINDEYU,ACCID.DEP,1.0
JEP4,2023,5,CANINDEYU,PROG.DEP,0.227628329126376
JEP4,2023,5,CANINDEYU,PROD.DEP,1411.81139636336
JEP4,2023,5,CANINDEYU,TOTAL DEP,57994.9315661849
JEP4,2023,5,CANINDEYU,ACCID.FEP,7.0
JEP4,2023,5,CANINDEYU,PROG.FEP,0.479215828693032
JEP4,2023,5,CANINDEYU,PROD.FEP,3565.06608068335
JEP4,2023,5,CANINDEYU,TOTAL FEP,67359.6479163033
JEP4,2023,5,CANINDEYU,ACCID.PENF,3.0
JEP4,2023,5,CANINDEYU,PROG.PENF,0.716124779445588
JEP4,2023,5,CANINDEYU,PROD.PENF,4218.33859394271
JEP4,2023,5,CANINDEYU,TOTAL PENEF,61029.0501971884
JLM1,2023,5,ALTO PARANÁ,ACCID.DEP,8.0
JLM1,2023,5,ALTO PARANÁ,PROG.DEP,0.685911280585945
JLM1,2023,5,ALTO PARANÁ,PROD.DEP,3629.01870573024
JLM1,2023,5,ALTO PARANÁ,TOTAL DEP,62595.9984941983
JLM1,2023,5,ALTO PARANÁ,ACCID.FEP,9.0
JLM1,2023,5,ALTO PARANÁ,PROG.FEP,0.81636068907634
JLM1,2023,5,ALTO PARANÁ,PROD.FEP,4581.1704774469
JLM1,2023,5,ALTO PARANÁ,TOTAL FEP,67495.2854431869
JLM1,2023,5,ALTO PARANÁ,ACCID.PENF,7.0
JLM1,2023,5,ALTO PARANÁ,PROG.PENF,0.731599139894926
JLM1,2023,5,ALTO PARANÁ,PROD.PENF,1159.48462439752
IRY2,2023,5,ALTO PARANÁ,PROD.FEP,1000.03181691506
JLM2,2023,5,ALTO PARANÁ,ACCID.DEP,1.0
JLM2,2023,5,ALTO PARANÁ,PROG.DEP,0.168410291967398
JLM2,2023,5,ALTO PARANÁ,PROD.DEP,2476.27710677192
JLM2,2023,5,ALTO PARANÁ,TOTAL DEP,67898.8543905506
JLM2,2023,5,ALTO PARANÁ,ACCID.FEP,6.0
JLM2,2023,5,ALTO PARANÁ,PROG.FEP,0.797497031631397
JLM2,2023,5,ALTO PARANÁ,PROD.FEP,1569.18396255734
JLM2,2023,5,ALTO PARANÁ,TOTAL FEP,59746.7556483013
IRY2,2023,5,ALTO PARANÁ,TOTAL FEP,64961.5142418188
IRY2,2023,5,ALTO PARANÁ,ACCID.PENF,2.0
JLM1,2023,5,ALTO PARANÁ,TOTAL PENEF,69246.9274503916
JLM2,2023,5,ALTO PARANÁ,PROD.PENF,2749.47055199479
JLM3,2023,5,ALTO PARANÁ,ACCID.DEP,9.0
JLM3,2023,5,ALTO PARANÁ,PROG.DEP,0.763553644690076
JLM3,2023,5,ALTO PARANÁ,PROD.DEP,4471.56217269607
JLM3,2023,5,ALTO PARANÁ,TOTAL DEP,53703.8595785425
JLM3,2023,5,ALTO PARANÁ,ACCID.FEP,9.0
JLM3,2023,5,ALTO PARANÁ,PROG.FEP,0.481599134076697
JLM3,2023,5,ALTO PARANÁ,PROD.FEP,3427.170300232
JLM3,2023,5,ALTO PARANÁ,TOTAL FEP,52554.6546972551
JLM3,2023,5,ALTO PARANÁ,ACCID.PENF,5.0
JLM3,2023,5,ALTO PARANÁ,PROG.PENF,0.669493806878767
JLM3,2023,5,ALTO PARANÁ,PROD.PENF,4831.37551833008
JLM3,2023,5,ALTO PARANÁ,TOTAL PENEF,63272.3045085189
K152,2023,5,ALTO PARANÁ,ACCID.DEP,3.0
K152,2023,5,ALTO PARANÁ,PROG.DEP,0.127500024693693
K152,2023,5,ALTO PARANÁ,PROD.DEP,1195.37278211756
K152,2023,5,ALTO PARANÁ,TOTAL DEP,64132.5849268156
K152,2023,5,ALTO PARANÁ,ACCID.FEP,4.0
K152,2023,5,ALTO PARANÁ,PROG.FEP,0.625966526980267
K152,2023,5,ALTO PARANÁ,PROD.FEP,1612.39613973624
K152,2023,5,ALTO PARANÁ,TOTAL FEP,52839.6334401068
K152,2023,5,ALTO PARANÁ,ACCID.PENF,1.0
K152,2023,5,ALTO PARANÁ,PROG.PENF,0.728126106224116
K152,2023,5,ALTO PARANÁ,PROD.PENF,3814.00356560366
K152,2023,5,ALTO PARANÁ,TOTAL PENEF,61680.8690428208
K153,2023,5,ALTO PARANÁ,ACCID.DEP,8.0
K153,2023,5,ALTO PARANÁ,PROG.DEP,0.958458563339608
K153,2023,5,ALTO PARANÁ,PROD.DEP,1294.24582511841
K153,2023,5,ALTO PARANÁ,TOTAL DEP,52898.6639145938
K153,2023,5,ALTO PARANÁ,ACCID.FEP,3.0
K153,2023,5,ALTO PARANÁ,PROG.FEP,0.100707724033131
K153,2023,5,ALTO PARANÁ,PROD.FEP,1164.12274685506
K153,2023,5,ALTO PARANÁ,TOTAL FEP,52272.4416073889
K153,2023,5,ALTO PARANÁ,ACCID.PENF,7.0
K153,2023,5,ALTO PARANÁ,PROG.PENF,0.742758387323849
K153,2023,5,ALTO PARANÁ,PROD.PENF,1715.18293651481
K153,2023,5,ALTO PARANÁ,TOTAL PENEF,59920.0389339245
K154,2023,5,ALTO PARANÁ,ACCID.DEP,3.0
K154,2023,5,ALTO PARANÁ,PROG.DEP,0.568655161851584
K154,2023,5,ALTO PARANÁ,PROD.DEP,3188.9287324838
K154,2023,5,ALTO PARANÁ,TOTAL DEP,53289.2898029003
K154,2023,5,ALTO PARANÁ,ACCID.FEP,9.0
K154,2023,5,ALTO PARANÁ,PROG.FEP,0.857783701976348
K154,2023,5,ALTO PARANÁ,PROD.FEP,2744.89558245263
K154,2023,5,ALTO PARANÁ,TOTAL FEP,50252.3630401566
K154,2023,5,ALTO PARANÁ,PROG.PENF,0.110465274835828
K154,2023,5,ALTO PARANÁ,ACCID.PENF,2.0
K154,2023,5,ALTO PARANÁ,PROD.PENF,4193.35200520723
K154,2023,5,ALTO PARANÁ,TOTAL PENEF,54859.4302890085
K155,2023,5,ALTO PARANÁ,ACCID.DEP,8.0
K155,2023,5,ALTO PARANÁ,PROG.DEP,0.911845452262744
K155,2023,5,ALTO PARANÁ,PROD.DEP,1246.89638276993
K155,2023,5,ALTO PARANÁ,TOTAL DEP,53368.2745903462
K155,2023,5,ALTO PARANÁ,ACCID.FEP,3.0
K155,2023,5,ALTO PARANÁ,PROG.FEP,0.451176172181242
K155,2023,5,ALTO PARANÁ,PROD.FEP,4618.71428309753
K155,2023,5,ALTO PARANÁ,TOTAL FEP,67074.0780137852
K155,2023,5,ALTO PARANÁ,ACCID.PENF,4.0
K155,2023,5,ALTO PARANÁ,PROG.PENF,0.6398607873154
K155,2023,5,ALTO PARANÁ,PROD.PENF,2997.59512244593
K155,2023,5,ALTO PARANÁ,TOTAL PENEF,60145.2622520587
K156,2023,5,ALTO PARANÁ,ACCID.DEP,9.0
K156,2023,5,ALTO PARANÁ,PROG.DEP,0.474451191536902
K156,2023,5,ALTO PARANÁ,PROD.DEP,4758.82500432012
K156,2023,5,ALTO PARANÁ,TOTAL DEP,53643.061413458
K156,2023,5,ALTO PARANÁ,ACCID.FEP,6.0
K156,2023,5,ALTO PARANÁ,PROG.FEP,0.941286588861787
K156,2023,5,ALTO PARANÁ,PROD.FEP,4245.86187498404
K156,2023,5,ALTO PARANÁ,TOTAL FEP,62065.3908944
K156,2023,5,ALTO PARANÁ,ACCID.PENF,6.0
K156,2023,5,ALTO PARANÁ,PROG.PENF,0.936311786610447
K156,2023,5,ALTO PARANÁ,PROD.PENF,1577.06424039641
K156,2023,5,ALTO PARANÁ,TOTAL PENEF,63517.5928849943
K157,2023,5,ALTO PARANÁ,ACCID.DEP,8.0
JLM2,2023,5,ALTO PARANÁ,PROG.PENF,0.697684554268795
K157,2023,5,ALTO PARANÁ,PROD.DEP,2043.75183459409
K157,2023,5,ALTO PARANÁ,TOTAL DEP,67566.2160672922
K157,2023,5,ALTO PARANÁ,ACCID.FEP,1.0
K157,2023,5,ALTO PARANÁ,PROG.FEP,0.564435034877947
K157,2023,5,ALTO PARANÁ,PROD.FEP,4156.20729315772
K157,2023,5,ALTO PARANÁ,TOTAL FEP,65663.7609527129
K157,2023,5,ALTO PARANÁ,ACCID.PENF,5.0
K157,2023,5,ALTO PARANÁ,PROG.PENF,0.880376440512928
K157,2023,5,ALTO PARANÁ,PROD.PENF,1199.95801208338
K157,2023,5,ALTO PARANÁ,TOTAL PENEF,54773.4473289374
K158,2023,5,ALTO PARANÁ,ACCID.DEP,3.0
K158,2023,5,ALTO PARANÁ,PROG.DEP,0.492154408079436
K158,2023,5,ALTO PARANÁ,PROD.DEP,4779.68492660788
K158,2023,5,ALTO PARANÁ,TOTAL DEP,60022.1159881671
K158,2023,5,ALTO PARANÁ,ACCID.FEP,7.0
K158,2023,5,ALTO PARANÁ,PROG.FEP,0.459126582346692
K158,2023,5,ALTO PARANÁ,PROD.FEP,3702.53775872778
K158,2023,5,ALTO PARANÁ,TOTAL FEP,67836.5807106504
K158,2023,5,ALTO PARANÁ,ACCID.PENF,8.0
K158,2023,5,ALTO PARANÁ,PROG.PENF,0.695525995332525
K158,2023,5,ALTO PARANÁ,PROD.PENF,4122.65334610255
K158,2023,5,ALTO PARANÁ,TOTAL PENEF,69770.244543414
K157,2023,5,ALTO PARANÁ,PROG.DEP,0.773633845877321
JLM2,2023,5,ALTO PARANÁ,ACCID.PENF,7.0
JLM2,2023,5,ALTO PARANÁ,TOTAL PENEF,57247.6986120345
K159,2023,5,ALTO PARANÁ,ACCID.DEP,4.0
K159,2023,5,ALTO PARANÁ,ACCID.FEP,2.0
K159,2023,5,ALTO PARANÁ,PROG.FEP,0.195217707790038
K159,2023,5,ALTO PARANÁ,PROD.FEP,4779.74501786453
K159,2023,5,ALTO PARANÁ,TOTAL FEP,61507.1308027917
K159,2023,5,ALTO PARANÁ,ACCID.PENF,9.0
K159,2023,5,ALTO PARANÁ,PROG.PENF,0.310055833964141
K159,2023,5,ALTO PARANÁ,PROD.PENF,2843.50663483377
K159,2023,5,ALTO PARANÁ,TOTAL PENEF,65037.1779336359
K301,2023,5,ALTO PARANÁ,ACCID.DEP,8.0
K301,2023,5,ALTO PARANÁ,PROG.DEP,0.183403311886827
K301,2023,5,ALTO PARANÁ,PROD.DEP,2407.74902649597
K301,2023,5,ALTO PARANÁ,TOTAL DEP,64597.3346601619
K301,2023,5,ALTO PARANÁ,ACCID.FEP,2.0
K301,2023,5,ALTO PARANÁ,PROG.FEP,0.265850729802029
K301,2023,5,ALTO PARANÁ,PROD.FEP,2705.25741610532
K301,2023,5,ALTO PARANÁ,TOTAL FEP,69186.9204454093
K301,2023,5,ALTO PARANÁ,ACCID.PENF,0.0
K301,2023,5,ALTO PARANÁ,PROG.PENF,0.540551168847724
K301,2023,5,ALTO PARANÁ,PROD.PENF,4982.20612463321
K301,2023,5,ALTO PARANÁ,TOTAL PENEF,52220.2935812207
K302,2023,5,ALTO PARANÁ,ACCID.DEP,1.0
K302,2023,5,ALTO PARANÁ,PROG.DEP,0.565687351201907
K302,2023,5,ALTO PARANÁ,PROD.DEP,3962.90973614129
K302,2023,5,ALTO PARANÁ,TOTAL DEP,62426.5662473503
K302,2023,5,ALTO PARANÁ,ACCID.FEP,0.0
K302,2023,5,ALTO PARANÁ,PROG.FEP,0.945258634947236
K302,2023,5,ALTO PARANÁ,PROD.FEP,1502.72071373755
K302,2023,5,ALTO PARANÁ,TOTAL FEP,54590.0319005063
K302,2023,5,ALTO PARANÁ,ACCID.PENF,2.0
K302,2023,5,ALTO PARANÁ,PROG.PENF,0.999563548892541
K302,2023,5,ALTO PARANÁ,PROD.PENF,4149.63103880812
K302,2023,5,ALTO PARANÁ,TOTAL PENEF,63853.0266949323
K303,2023,5,ALTO PARANÁ,ACCID.DEP,4.0
K303,2023,5,ALTO PARANÁ,PROG.DEP,0.991965302309223
K303,2023,5,ALTO PARANÁ,PROD.DEP,2413.87360474099
K303,2023,5,ALTO PARANÁ,TOTAL DEP,50485.1809330122
K303,2023,5,ALTO PARANÁ,ACCID.FEP,2.0
K303,2023,5,ALTO PARANÁ,PROG.FEP,0.346343518636992
K303,2023,5,ALTO PARANÁ,PROD.FEP,2109.44044981773
K303,2023,5,ALTO PARANÁ,TOTAL FEP,60774.8831153732
K303,2023,5,ALTO PARANÁ,ACCID.PENF,3.0
K303,2023,5,ALTO PARANÁ,PROG.PENF,0.580319620676488
K303,2023,5,ALTO PARANÁ,PROD.PENF,3274.91486185425
K303,2023,5,ALTO PARANÁ,TOTAL PENEF,59588.6263599079
K304,2023,5,ALTO PARANÁ,ACCID.DEP,5.0
K304,2023,5,ALTO PARANÁ,PROG.DEP,0.905589576396305
K304,2023,5,ALTO PARANÁ,PROD.DEP,2266.78286725345
K304,2023,5,ALTO PARANÁ,TOTAL DEP,64089.8513834049
K304,2023,5,ALTO PARANÁ,ACCID.FEP,6.0
K304,2023,5,ALTO PARANÁ,PROG.FEP,0.380138205006645
K304,2023,5,ALTO PARANÁ,PROD.FEP,4278.4200689663
K304,2023,5,ALTO PARANÁ,TOTAL FEP,61182.2845168712
K304,2023,5,ALTO PARANÁ,ACCID.PENF,6.0
K304,2023,5,ALTO PARANÁ,PROG.PENF,0.223219291538944
K304,2023,5,ALTO PARANÁ,PROD.PENF,3915.72963513241
K304,2023,5,ALTO PARANÁ,TOTAL PENEF,53498.7657272478
K305,2023,5,ALTO PARANÁ,ACCID.DEP,0.0
K305,2023,5,ALTO PARANÁ,PROG.DEP,0.782100439280651
K305,2023,5,ALTO PARANÁ,PROD.DEP,3710.33401358933
K305,2023,5,ALTO PARANÁ,TOTAL DEP,63102.3211104385
K305,2023,5,ALTO PARANÁ,ACCID.FEP,0.0
K305,2023,5,ALTO PARANÁ,PROG.FEP,0.692282616439712
K305,2023,5,ALTO PARANÁ,PROD.FEP,3661.29498000557
K305,2023,5,ALTO PARANÁ,TOTAL FEP,62756.5017471574
K305,2023,5,ALTO PARANÁ,ACCID.PENF,7.0
K305,2023,5,ALTO PARANÁ,PROG.PENF,0.462153201093576
K305,2023,5,ALTO PARANÁ,PROD.PENF,4278.56972764933
K305,2023,5,ALTO PARANÁ,TOTAL PENEF,69060.6362110192
K306,2023,5,ALTO PARANÁ,ACCID.DEP,6.0
K306,2023,5,ALTO PARANÁ,PROG.DEP,0.133077795549524
K306,2023,5,ALTO PARANÁ,PROD.DEP,3037.07079431846
K306,2023,5,ALTO PARANÁ,TOTAL DEP,52628.8692147492
K306,2023,5,ALTO PARANÁ,ACCID.FEP,9.0
K306,2023,5,ALTO PARANÁ,PROG.FEP,0.774646423267707
K306,2023,5,ALTO PARANÁ,PROD.FEP,2185.73380873517
K306,2023,5,ALTO PARANÁ,TOTAL FEP,67358.1414800271
K306,2023,5,ALTO PARANÁ,ACCID.PENF,7.0
K306,2023,5,ALTO PARANÁ,PROG.PENF,0.575414456103902
K306,2023,5,ALTO PARANÁ,PROD.PENF,4101.79424096558
K306,2023,5,ALTO PARANÁ,TOTAL PENEF,62330.0811314495
K307,2023,5,ALTO PARANÁ,ACCID.DEP,6.0
K307,2023,5,ALTO PARANÁ,PROG.DEP,0.429286579444057
K307,2023,5,ALTO PARANÁ,PROD.DEP,2516.62523285742
K307,2023,5,ALTO PARANÁ,TOTAL DEP,51094.5157961063
K307,2023,5,ALTO PARANÁ,ACCID.FEP,4.0
K307,2023,5,ALTO PARANÁ,PROG.FEP,0.972919400127933
K307,2023,5,ALTO PARANÁ,PROD.FEP,2931.42984499258
K307,2023,5,ALTO PARANÁ,TOTAL FEP,55168.4993689157
K307,2023,5,ALTO PARANÁ,ACCID.PENF,6.0
K307,2023,5,ALTO PARANÁ,PROG.PENF,0.886677012187242
K307,2023,5,ALTO PARANÁ,PROD.PENF,1540.31005905362
K307,2023,5,ALTO PARANÁ,TOTAL PENEF,52130.2316158943
K308,2023,5,ALTO PARANÁ,ACCID.DEP,2.0
K308,2023,5,ALTO PARANÁ,PROG.DEP,0.421684410042708
K308,2023,5,ALTO PARANÁ,PROD.DEP,4924.62009940609
K308,2023,5,ALTO PARANÁ,TOTAL DEP,66620.1149305646
K159,2023,5,ALTO PARANÁ,PROD.DEP,3769.71369762651
K159,2023,5,ALTO PARANÁ,TOTAL DEP,64982.9789457085
K159,2023,5,ALTO PARANÁ,PROG.DEP,0.684082626456109
K308,2023,5,ALTO PARANÁ,ACCID.FEP,7.0
K308,2023,5,ALTO PARANÁ,PROG.FEP,0.588559819336539
K308,2023,5,ALTO PARANÁ,PROG.PENF,0.202414912451871
K308,2023,5,ALTO PARANÁ,PROD.PENF,1584.74764736269
K308,2023,5,ALTO PARANÁ,TOTAL PENEF,56152.9695108473
MCE1,2023,5,ALTO PARANÁ,ACCID.DEP,0.0
MCE1,2023,5,ALTO PARANÁ,PROG.DEP,0.444526983385311
MCE1,2023,5,ALTO PARANÁ,PROD.DEP,4154.06071473118
MCE1,2023,5,ALTO PARANÁ,TOTAL DEP,61835.9190166014
MCE1,2023,5,ALTO PARANÁ,ACCID.FEP,0.0
MCE1,2023,5,ALTO PARANÁ,PROG.FEP,0.221872569069799
MCE1,2023,5,ALTO PARANÁ,PROD.FEP,2647.93268381978
MCE1,2023,5,ALTO PARANÁ,TOTAL FEP,68592.9957602783
MCE1,2023,5,ALTO PARANÁ,ACCID.PENF,2.0
MCE1,2023,5,ALTO PARANÁ,PROG.PENF,0.847297656792833
MCE1,2023,5,ALTO PARANÁ,PROD.PENF,2296.6908209324
MCE1,2023,5,ALTO PARANÁ,TOTAL PENEF,66582.7544236676
MCE2,2023,5,ALTO PARANÁ,ACCID.DEP,1.0
MCE2,2023,5,ALTO PARANÁ,PROG.DEP,0.511093757186606
MCE2,2023,5,ALTO PARANÁ,PROD.DEP,4985.51208489503
MCE2,2023,5,ALTO PARANÁ,TOTAL DEP,58237.9409908797
MCE2,2023,5,ALTO PARANÁ,ACCID.FEP,6.0
MCE2,2023,5,ALTO PARANÁ,PROG.FEP,0.814531924100153
MCE2,2023,5,ALTO PARANÁ,PROD.FEP,4576.81450351626
MCE2,2023,5,ALTO PARANÁ,TOTAL FEP,69067.7091085356
MCE2,2023,5,ALTO PARANÁ,ACCID.PENF,6.0
MCE2,2023,5,ALTO PARANÁ,PROG.PENF,0.63720643243585
MCE2,2023,5,ALTO PARANÁ,PROD.PENF,1330.41774812724
MCE2,2023,5,ALTO PARANÁ,TOTAL PENEF,62212.965653472
MCE3,2023,5,ALTO PARANÁ,ACCID.DEP,7.0
MCE3,2023,5,ALTO PARANÁ,PROG.DEP,0.867697463136399
MCE3,2023,5,ALTO PARANÁ,PROD.DEP,1415.96054333377
MCE3,2023,5,ALTO PARANÁ,TOTAL DEP,58184.3725593331
MCE3,2023,5,ALTO PARANÁ,ACCID.FEP,4.0
MCE3,2023,5,ALTO PARANÁ,PROG.FEP,0.49972783851134
MCE3,2023,5,ALTO PARANÁ,PROD.FEP,4930.66355031187
MCE3,2023,5,ALTO PARANÁ,TOTAL FEP,61189.5561685745
MCE3,2023,5,ALTO PARANÁ,ACCID.PENF,5.0
MCE3,2023,5,ALTO PARANÁ,PROG.PENF,0.91138550027095
MCE3,2023,5,ALTO PARANÁ,PROD.PENF,3848.22310308482
MCE3,2023,5,ALTO PARANÁ,TOTAL PENEF,68146.8294319452
MCE4,2023,5,ALTO PARANÁ,ACCID.DEP,5.0
MCE4,2023,5,ALTO PARANÁ,PROG.DEP,0.605892934991496
MCE4,2023,5,ALTO PARANÁ,PROD.DEP,3577.81774743695
MCE4,2023,5,ALTO PARANÁ,TOTAL DEP,62012.4237506142
MCE4,2023,5,ALTO PARANÁ,ACCID.FEP,2.0
MCE4,2023,5,ALTO PARANÁ,PROG.FEP,0.973638109599528
MCE4,2023,5,ALTO PARANÁ,PROD.FEP,2276.77707219774
MCE4,2023,5,ALTO PARANÁ,TOTAL FEP,65079.8330474609
MCE4,2023,5,ALTO PARANÁ,ACCID.PENF,7.0
MCE4,2023,5,ALTO PARANÁ,PROG.PENF,0.599206300360017
MCE4,2023,5,ALTO PARANÁ,PROD.PENF,4401.88309315777
MCE4,2023,5,ALTO PARANÁ,TOTAL PENEF,56513.4478276028
MCE5,2023,5,ALTO PARANÁ,ACCID.DEP,8.0
MCE5,2023,5,ALTO PARANÁ,PROG.DEP,0.416658905128112
MCE5,2023,5,ALTO PARANÁ,PROD.DEP,3899.64628279801
MCE5,2023,5,ALTO PARANÁ,TOTAL DEP,54933.5905598027
MCE5,2023,5,ALTO PARANÁ,ACCID.FEP,4.0
MCE5,2023,5,ALTO PARANÁ,PROG.FEP,0.102742112800065
MCE5,2023,5,ALTO PARANÁ,PROD.FEP,4439.54358430871
MCE5,2023,5,ALTO PARANÁ,TOTAL FEP,59782.3921014891
MCE5,2023,5,ALTO PARANÁ,ACCID.PENF,4.0
MCE5,2023,5,ALTO PARANÁ,PROG.PENF,0.634547041271807
MCE5,2023,5,ALTO PARANÁ,PROD.PENF,1686.13093470022
MCE5,2023,5,ALTO PARANÁ,TOTAL PENEF,61556.5422180664
MCE6,2023,5,ALTO PARANÁ,ACCID.DEP,8.0
MCE6,2023,5,ALTO PARANÁ,PROG.DEP,0.455394971006829
MCE6,2023,5,ALTO PARANÁ,PROD.DEP,3462.99849130853
MCE6,2023,5,ALTO PARANÁ,TOTAL DEP,53051.0899399596
MCE6,2023,5,ALTO PARANÁ,ACCID.FEP,9.0
MCE6,2023,5,ALTO PARANÁ,PROG.FEP,0.378665161564867
MCE6,2023,5,ALTO PARANÁ,PROD.FEP,1171.22442036915
MCE6,2023,5,ALTO PARANÁ,TOTAL FEP,55763.87893822
MCE6,2023,5,ALTO PARANÁ,ACCID.PENF,5.0
MCE6,2023,5,ALTO PARANÁ,PROG.PENF,0.886700595354669
MCE6,2023,5,ALTO PARANÁ,PROD.PENF,2649.33306443124
MCE6,2023,5,ALTO PARANÁ,TOTAL PENEF,60603.3377530629
MCE7,2023,5,ALTO PARANÁ,ACCID.DEP,1.0
MCE7,2023,5,ALTO PARANÁ,PROG.DEP,0.49303652700569
MCE7,2023,5,ALTO PARANÁ,PROD.DEP,1278.27758605095
MCE7,2023,5,ALTO PARANÁ,TOTAL DEP,65398.5303184389
MCE7,2023,5,ALTO PARANÁ,ACCID.FEP,3.0
MCE7,2023,5,ALTO PARANÁ,PROG.FEP,0.713105671386406
MCE7,2023,5,ALTO PARANÁ,PROD.FEP,2439.62219811355
MCE7,2023,5,ALTO PARANÁ,TOTAL FEP,60556.6560234841
MCE7,2023,5,ALTO PARANÁ,ACCID.PENF,1.0
MCE7,2023,5,ALTO PARANÁ,PROG.PENF,0.872231734009287
MCE7,2023,5,ALTO PARANÁ,PROD.PENF,1320.47170753624
MCE7,2023,5,ALTO PARANÁ,TOTAL PENEF,57572.4141279181
MPO1,2023,5,ALTO PARANÁ,ACCID.DEP,1.0
MPO1,2023,5,ALTO PARANÁ,PROG.DEP,0.306901447502728
MPO1,2023,5,ALTO PARANÁ,PROD.DEP,4956.7236272323
MPO1,2023,5,ALTO PARANÁ,TOTAL DEP,60837.4769738547
MPO1,2023,5,ALTO PARANÁ,ACCID.FEP,3.0
MPO1,2023,5,ALTO PARANÁ,PROG.FEP,0.891702185547937
MPO1,2023,5,ALTO PARANÁ,PROD.FEP,2310.31461830645
MPO1,2023,5,ALTO PARANÁ,TOTAL FEP,61047.6285174549
K308,2023,5,ALTO PARANÁ,PROD.FEP,4383.49868031033
K308,2023,5,ALTO PARANÁ,TOTAL FEP,55613.315275204
K308,2023,5,ALTO PARANÁ,ACCID.PENF,0.0
MPO1,2023,5,ALTO PARANÁ,PROG.PENF,0.306979683898997
MPO1,2023,5,ALTO PARANÁ,ACCID.PENF,8.0
MPO2,2023,5,CANINDEYU,PROG.DEP,0.210598097850483
MPO2,2023,5,CANINDEYU,PROD.DEP,4878.66937805329
MPO2,2023,5,CANINDEYU,TOTAL DEP,68518.3774394458
MPO1,2023,5,ALTO PARANÁ,PROD.PENF,2364.54135131708
MPO2,2023,5,CANINDEYU,PROG.FEP,0.719449953637227
MPO2,2023,5,CANINDEYU,PROD.FEP,1553.77615260111
MPO2,2023,5,CANINDEYU,TOTAL FEP,65965.1049887845
MPO2,2023,5,CANINDEYU,ACCID.PENF,1.0
MPO2,2023,5,CANINDEYU,PROG.PENF,0.396514746298891
MPO2,2023,5,CANINDEYU,PROD.PENF,2372.04367851658
MPO2,2023,5,CANINDEYU,TOTAL PENEF,67205.6528892201
MPO3,2023,5,ALTO PARANÁ,ACCID.DEP,4.0
MPO3,2023,5,ALTO PARANÁ,PROG.DEP,0.128903454348197
MPO3,2023,5,ALTO PARANÁ,PROD.DEP,2606.54068464335
MPO3,2023,5,ALTO PARANÁ,TOTAL DEP,63684.0027739057
MPO3,2023,5,ALTO PARANÁ,ACCID.FEP,9.0
MPO3,2023,5,ALTO PARANÁ,PROG.FEP,0.721947829576162
MPO3,2023,5,ALTO PARANÁ,PROD.FEP,2869.29188308424
MPO3,2023,5,ALTO PARANÁ,TOTAL FEP,56971.0627052708
MPO3,2023,5,ALTO PARANÁ,ACCID.PENF,0.0
MPO3,2023,5,ALTO PARANÁ,PROG.PENF,0.483635198466031
MPO3,2023,5,ALTO PARANÁ,PROD.PENF,4921.01363227704
MPO3,2023,5,ALTO PARANÁ,TOTAL PENEF,52859.3437696557
NAR2,2023,5,ALTO PARANÁ,ACCID.DEP,1.0
NAR2,2023,5,ALTO PARANÁ,PROG.DEP,0.337757476128941
NAR2,2023,5,ALTO PARANÁ,PROD.DEP,1112.75692364405
NAR2,2023,5,ALTO PARANÁ,TOTAL DEP,59898.5200574967
NAR2,2023,5,ALTO PARANÁ,ACCID.FEP,8.0
NAR2,2023,5,ALTO PARANÁ,PROG.FEP,0.466721890563491
NAR2,2023,5,ALTO PARANÁ,PROD.FEP,3552.96760614399
NAR2,2023,5,ALTO PARANÁ,TOTAL FEP,66121.8095334917
NAR2,2023,5,ALTO PARANÁ,ACCID.PENF,0.0
NAR2,2023,5,ALTO PARANÁ,PROG.PENF,0.667472749758678
NAR2,2023,5,ALTO PARANÁ,PROD.PENF,2501.69363124766
NAR2,2023,5,ALTO PARANÁ,TOTAL PENEF,57150.3343709609
NAR4,2023,5,ALTO PARANÁ,ACCID.DEP,9.0
MPO1,2023,5,ALTO PARANÁ,TOTAL PENEF,67452.7703815916
NAR4,2023,5,ALTO PARANÁ,PROD.DEP,1438.77706260553
NAR4,2023,5,ALTO PARANÁ,TOTAL DEP,51600.6394387399
NAR4,2023,5,ALTO PARANÁ,ACCID.FEP,3.0
NAR4,2023,5,ALTO PARANÁ,PROG.DEP,0.714708223175029
NAR4,2023,5,ALTO PARANÁ,PROD.FEP,2179.13709547675
NAR4,2023,5,ALTO PARANÁ,TOTAL FEP,66540.1368411264
NAR4,2023,5,ALTO PARANÁ,ACCID.PENF,4.0
NAR4,2023,5,ALTO PARANÁ,PROG.PENF,0.330589184821572
NAR4,2023,5,ALTO PARANÁ,PROD.PENF,3077.64371713306
NAR4,2023,5,ALTO PARANÁ,TOTAL PENEF,50544.5522404218
NAR5,2023,5,ALTO PARANÁ,ACCID.DEP,7.0
NAR5,2023,5,ALTO PARANÁ,PROG.DEP,0.485300358007974
NAR5,2023,5,ALTO PARANÁ,PROD.DEP,4085.91336645742
NAR5,2023,5,ALTO PARANÁ,TOTAL DEP,54366.7498139096
NAR5,2023,5,ALTO PARANÁ,ACCID.FEP,7.0
NAR5,2023,5,ALTO PARANÁ,PROG.FEP,0.680506757489919
NAR5,2023,5,ALTO PARANÁ,PROD.FEP,2748.95214475633
NAR5,2023,5,ALTO PARANÁ,TOTAL FEP,56725.2388307231
NAR5,2023,5,ALTO PARANÁ,ACCID.PENF,1.0
NAR4,2023,5,ALTO PARANÁ,PROG.FEP,0.382552715294988
NAR5,2023,5,ALTO PARANÁ,PROD.PENF,2340.54335226622
NAR5,2023,5,ALTO PARANÁ,TOTAL PENEF,52686.3173392187
NAR6,2023,5,ALTO PARANÁ,ACCID.DEP,6.0
NAR6,2023,5,ALTO PARANÁ,PROG.DEP,0.971894042849398
NAR6,2023,5,ALTO PARANÁ,PROD.DEP,2219.11958307343
NAR6,2023,5,ALTO PARANÁ,TOTAL DEP,50988.8094168523
NAR6,2023,5,ALTO PARANÁ,ACCID.FEP,0.0
NAR6,2023,5,ALTO PARANÁ,PROG.FEP,0.441653499225287
NAR6,2023,5,ALTO PARANÁ,PROD.FEP,2562.60634125259
NAR6,2023,5,ALTO PARANÁ,TOTAL FEP,62473.7558410592
NAR6,2023,5,ALTO PARANÁ,ACCID.PENF,6.0
NAR6,2023,5,ALTO PARANÁ,PROG.PENF,0.667740987847575
NAR6,2023,5,ALTO PARANÁ,PROD.PENF,4967.86591089476
NAR6,2023,5,ALTO PARANÁ,TOTAL PENEF,64460.8471317502
NAR8,2023,5,ALTO PARANÁ,ACCID.DEP,4.0
NAR8,2023,5,ALTO PARANÁ,PROG.DEP,0.107070921377472
NAR8,2023,5,ALTO PARANÁ,PROD.DEP,3150.33051952245
NAR8,2023,5,ALTO PARANÁ,TOTAL DEP,52119.5854315307
NAR8,2023,5,ALTO PARANÁ,ACCID.FEP,1.0
NAR8,2023,5,ALTO PARANÁ,PROG.FEP,0.619281854373577
NAR8,2023,5,ALTO PARANÁ,PROD.FEP,3847.68295823546
NAR8,2023,5,ALTO PARANÁ,TOTAL FEP,67649.3043090767
NAR8,2023,5,ALTO PARANÁ,ACCID.PENF,7.0
NAR8,2023,5,ALTO PARANÁ,PROG.PENF,0.680374454289795
NAR8,2023,5,ALTO PARANÁ,PROD.PENF,4135.39353846363
NAR8,2023,5,ALTO PARANÁ,TOTAL PENEF,58675.6468070849
PBU1,2023,5,ALTO PARANÁ,ACCID.DEP,2.0
PBU1,2023,5,ALTO PARANÁ,PROG.DEP,0.726399832990371
PBU1,2023,5,ALTO PARANÁ,PROD.DEP,1704.45102191572
PBU1,2023,5,ALTO PARANÁ,TOTAL DEP,57999.7324325622
PBU1,2023,5,ALTO PARANÁ,ACCID.FEP,0.0
PBU1,2023,5,ALTO PARANÁ,PROG.FEP,0.674904762695884
PBU1,2023,5,ALTO PARANÁ,PROD.FEP,3178.01149508591
PBU1,2023,5,ALTO PARANÁ,TOTAL FEP,66508.9535312789
PBU1,2023,5,ALTO PARANÁ,ACCID.PENF,3.0
PBU1,2023,5,ALTO PARANÁ,PROG.PENF,0.302771411212698
PBU1,2023,5,ALTO PARANÁ,PROD.PENF,3373.73151925652
PBU1,2023,5,ALTO PARANÁ,TOTAL PENEF,57523.2548829101
NAR5,2023,5,ALTO PARANÁ,PROG.PENF,0.396501752897367
MPO2,2023,5,CANINDEYU,ACCID.DEP,9.0
MPO2,2023,5,CANINDEYU,ACCID.FEP,9.0
PBU2,2023,5,ALTO PARANÁ,ACCID.DEP,8.0
PBU2,2023,5,ALTO PARANÁ,PROG.DEP,0.5774468018056
PBU2,2023,5,ALTO PARANÁ,PROG.FEP,0.979770530580649
PBU2,2023,5,ALTO PARANÁ,PROD.FEP,3779.71973286644
PBU2,2023,5,ALTO PARANÁ,TOTAL FEP,68282.3792272967
PBU2,2023,5,ALTO PARANÁ,PROG.PENF,0.144923175135868
PBU2,2023,5,ALTO PARANÁ,ACCID.PENF,5.0
PBU2,2023,5,ALTO PARANÁ,PROD.PENF,4008.48451249167
PBU2,2023,5,ALTO PARANÁ,TOTAL PENEF,61238.9702807233
PBU3,2023,5,ALTO PARANÁ,ACCID.DEP,5.0
PBU3,2023,5,ALTO PARANÁ,PROG.DEP,0.346873125910395
PBU3,2023,5,ALTO PARANÁ,PROD.DEP,2807.99136164155
PBU3,2023,5,ALTO PARANÁ,TOTAL DEP,65330.0975422944
PBU3,2023,5,ALTO PARANÁ,ACCID.FEP,5.0
PBU3,2023,5,ALTO PARANÁ,PROG.FEP,0.37727004243941
PBU3,2023,5,ALTO PARANÁ,PROD.FEP,1141.60386929372
PBU3,2023,5,ALTO PARANÁ,TOTAL FEP,60316.3546674017
PBU3,2023,5,ALTO PARANÁ,ACCID.PENF,5.0
PBU3,2023,5,ALTO PARANÁ,PROG.PENF,0.553485969487377
PBU3,2023,5,ALTO PARANÁ,PROD.PENF,2915.30914913172
PBU3,2023,5,ALTO PARANÁ,TOTAL PENEF,52991.6211602983
PBU4,2023,5,ALTO PARANÁ,ACCID.DEP,9.0
PBU4,2023,5,ALTO PARANÁ,PROG.DEP,0.499763045412552
PBU4,2023,5,ALTO PARANÁ,PROD.DEP,2021.89004808418
PBU4,2023,5,ALTO PARANÁ,TOTAL DEP,54106.5597931093
PBU4,2023,5,ALTO PARANÁ,ACCID.FEP,8.0
PBU4,2023,5,ALTO PARANÁ,PROG.FEP,0.236163386981265
PBU4,2023,5,ALTO PARANÁ,PROD.FEP,4094.86684605067
PBU4,2023,5,ALTO PARANÁ,TOTAL FEP,55534.1116198924
PBU4,2023,5,ALTO PARANÁ,ACCID.PENF,6.0
PBU4,2023,5,ALTO PARANÁ,PROG.PENF,0.761015108036365
PBU4,2023,5,ALTO PARANÁ,PROD.PENF,1592.01346484219
PBU4,2023,5,ALTO PARANÁ,TOTAL PENEF,52157.1834522475
PBU5,2023,5,ALTO PARANÁ,ACCID.DEP,0.0
PBU5,2023,5,ALTO PARANÁ,PROG.DEP,0.437622457383289
PBU5,2023,5,ALTO PARANÁ,PROD.DEP,3629.03490927515
PBU5,2023,5,ALTO PARANÁ,TOTAL DEP,63818.2102943062
PBU5,2023,5,ALTO PARANÁ,ACCID.FEP,5.0
PBU5,2023,5,ALTO PARANÁ,PROG.FEP,0.833853778135439
PBU5,2023,5,ALTO PARANÁ,PROD.FEP,4914.45670084862
PBU5,2023,5,ALTO PARANÁ,TOTAL FEP,60127.7510411962
PBU5,2023,5,ALTO PARANÁ,ACCID.PENF,7.0
PBU5,2023,5,ALTO PARANÁ,PROG.PENF,0.26734445876398
PBU5,2023,5,ALTO PARANÁ,PROD.PENF,2853.2784297485
PBU5,2023,5,ALTO PARANÁ,TOTAL PENEF,64451.3318128714
PFO1,2023,5,ALTO PARANÁ,ACCID.DEP,6.0
PFO1,2023,5,ALTO PARANÁ,PROG.DEP,0.564878274202229
PFO1,2023,5,ALTO PARANÁ,PROD.DEP,1823.53406654303
PFO1,2023,5,ALTO PARANÁ,TOTAL DEP,52081.8940751639
PFO1,2023,5,ALTO PARANÁ,ACCID.FEP,7.0
PFO1,2023,5,ALTO PARANÁ,PROG.FEP,0.774817939306507
PFO1,2023,5,ALTO PARANÁ,PROD.FEP,4798.70270934733
PFO1,2023,5,ALTO PARANÁ,TOTAL FEP,62107.355204281
PFO1,2023,5,ALTO PARANÁ,ACCID.PENF,5.0
PFO1,2023,5,ALTO PARANÁ,PROG.PENF,0.704657958638227
PFO1,2023,5,ALTO PARANÁ,PROD.PENF,2928.29812691282
PFO1,2023,5,ALTO PARANÁ,TOTAL PENEF,68952.8015446569
PFO10,2023,5,ALTO PARANÁ,ACCID.DEP,1.0
PFO10,2023,5,ALTO PARANÁ,PROG.DEP,0.750228331697831
PFO10,2023,5,ALTO PARANÁ,PROD.DEP,2368.57984231567
PFO10,2023,5,ALTO PARANÁ,TOTAL DEP,68257.775370203
PFO10,2023,5,ALTO PARANÁ,ACCID.FEP,5.0
PFO10,2023,5,ALTO PARANÁ,PROG.FEP,0.649897047786438
PFO10,2023,5,ALTO PARANÁ,PROD.FEP,3614.90045166017
PFO10,2023,5,ALTO PARANÁ,TOTAL FEP,61429.7286559375
PFO10,2023,5,ALTO PARANÁ,ACCID.PENF,6.0
PFO10,2023,5,ALTO PARANÁ,PROG.PENF,0.657044243306571
PFO10,2023,5,ALTO PARANÁ,PROD.PENF,4895.47098141413
PFO10,2023,5,ALTO PARANÁ,TOTAL PENEF,54039.5577674368
PFO11,2023,5,ALTO PARANÁ,ACCID.DEP,5.0
PFO11,2023,5,ALTO PARANÁ,PROG.DEP,0.984970329073776
PFO11,2023,5,ALTO PARANÁ,PROD.DEP,1801.30735175969
PFO11,2023,5,ALTO PARANÁ,TOTAL DEP,62570.0555004333
PFO11,2023,5,ALTO PARANÁ,ACCID.FEP,6.0
PFO11,2023,5,ALTO PARANÁ,PROG.FEP,0.935987894219425
PFO11,2023,5,ALTO PARANÁ,PROD.FEP,3375.80720852342
PFO11,2023,5,ALTO PARANÁ,TOTAL FEP,66235.6942341597
PFO11,2023,5,ALTO PARANÁ,ACCID.PENF,9.0
PFO11,2023,5,ALTO PARANÁ,PROG.PENF,0.182799601065304
PFO11,2023,5,ALTO PARANÁ,PROD.PENF,1842.77954250799
PFO11,2023,5,ALTO PARANÁ,TOTAL PENEF,56590.5295885239
PFO12,2023,5,ALTO PARANÁ,ACCID.DEP,5.0
PFO12,2023,5,ALTO PARANÁ,PROG.DEP,0.311304949856117
PFO12,2023,5,ALTO PARANÁ,PROD.DEP,4689.89150597833
PFO12,2023,5,ALTO PARANÁ,TOTAL DEP,52406.9853029031
PFO12,2023,5,ALTO PARANÁ,ACCID.FEP,4.0
PFO12,2023,5,ALTO PARANÁ,PROG.FEP,0.815121410574459
PFO12,2023,5,ALTO PARANÁ,PROD.FEP,3593.83254932278
PFO12,2023,5,ALTO PARANÁ,TOTAL FEP,52117.1437803999
PFO12,2023,5,ALTO PARANÁ,ACCID.PENF,2.0
PFO12,2023,5,ALTO PARANÁ,PROG.PENF,0.871951984435267
PFO12,2023,5,ALTO PARANÁ,PROD.PENF,3734.82574864349
PFO12,2023,5,ALTO PARANÁ,TOTAL PENEF,68724.2355500019
PFO14,2023,5,ALTO PARANÁ,ACCID.DEP,0.0
PFO14,2023,5,ALTO PARANÁ,PROG.DEP,0.550069679924448
PFO14,2023,5,ALTO PARANÁ,PROD.DEP,2895.2321412979
PFO14,2023,5,ALTO PARANÁ,TOTAL DEP,59964.6955038675
PBU2,2023,5,ALTO PARANÁ,TOTAL DEP,62144.9649485006
PBU2,2023,5,ALTO PARANÁ,PROD.DEP,3677.89760157807
PBU2,2023,5,ALTO PARANÁ,ACCID.FEP,9.0
PFO14,2023,5,ALTO PARANÁ,ACCID.FEP,1.0
PFO14,2023,5,ALTO PARANÁ,PROD.FEP,4899.54001708109
PFO14,2023,5,ALTO PARANÁ,PROG.PENF,0.699462276770379
PFO14,2023,5,ALTO PARANÁ,PROD.PENF,4087.55425838007
PFO14,2023,5,ALTO PARANÁ,TOTAL PENEF,50884.2167657233
PFO15,2023,5,ALTO PARANÁ,ACCID.DEP,9.0
PFO15,2023,5,ALTO PARANÁ,PROG.DEP,0.8552479578098
PFO15,2023,5,ALTO PARANÁ,PROD.DEP,3360.92123675656
PFO15,2023,5,ALTO PARANÁ,TOTAL DEP,56288.5357598239
PFO15,2023,5,ALTO PARANÁ,ACCID.FEP,8.0
PFO15,2023,5,ALTO PARANÁ,PROG.FEP,0.431460719199339
PFO15,2023,5,ALTO PARANÁ,PROD.FEP,4368.72164407362
PFO15,2023,5,ALTO PARANÁ,TOTAL FEP,65299.280379184
PFO15,2023,5,ALTO PARANÁ,ACCID.PENF,4.0
PFO15,2023,5,ALTO PARANÁ,PROG.PENF,0.56495108720837
PFO15,2023,5,ALTO PARANÁ,PROD.PENF,2096.66001483662
PFO15,2023,5,ALTO PARANÁ,TOTAL PENEF,64152.8021477505
PFO16,2023,5,ALTO PARANÁ,ACCID.DEP,4.0
PFO16,2023,5,ALTO PARANÁ,PROG.DEP,0.400082171428402
PFO16,2023,5,ALTO PARANÁ,PROD.DEP,3067.36218600964
PFO16,2023,5,ALTO PARANÁ,TOTAL DEP,65186.5102673663
PFO16,2023,5,ALTO PARANÁ,ACCID.FEP,2.0
PFO16,2023,5,ALTO PARANÁ,PROG.FEP,0.873850467770272
PFO16,2023,5,ALTO PARANÁ,PROD.FEP,2511.84964525166
PFO16,2023,5,ALTO PARANÁ,TOTAL FEP,50958.5993047691
PFO16,2023,5,ALTO PARANÁ,ACCID.PENF,6.0
PFO16,2023,5,ALTO PARANÁ,PROG.PENF,0.33243936530038
PFO16,2023,5,ALTO PARANÁ,PROD.PENF,1328.03723532001
PFO16,2023,5,ALTO PARANÁ,TOTAL PENEF,59509.6115707581
PFO17,2023,5,ALTO PARANÁ,ACCID.DEP,3.0
PFO17,2023,5,ALTO PARANÁ,PROG.DEP,0.109737825015366
PFO17,2023,5,ALTO PARANÁ,PROD.DEP,4269.96455240113
PFO17,2023,5,ALTO PARANÁ,TOTAL DEP,65867.3288728628
PFO17,2023,5,ALTO PARANÁ,ACCID.FEP,1.0
PFO17,2023,5,ALTO PARANÁ,PROG.FEP,0.313479575191975
PFO17,2023,5,ALTO PARANÁ,PROD.FEP,3992.34041423542
PFO17,2023,5,ALTO PARANÁ,TOTAL FEP,50136.402868854
PFO17,2023,5,ALTO PARANÁ,ACCID.PENF,5.0
PFO17,2023,5,ALTO PARANÁ,PROG.PENF,0.949092152376614
PFO17,2023,5,ALTO PARANÁ,PROD.PENF,4313.3042708989
PFO17,2023,5,ALTO PARANÁ,TOTAL PENEF,54726.6938633518
PFO2,2023,5,ALTO PARANÁ,ACCID.DEP,6.0
PFO2,2023,5,ALTO PARANÁ,PROG.DEP,0.821136927797206
PFO2,2023,5,ALTO PARANÁ,PROD.DEP,1729.49184457753
PFO2,2023,5,ALTO PARANÁ,TOTAL DEP,54652.847873455
PFO2,2023,5,ALTO PARANÁ,ACCID.FEP,9.0
PFO2,2023,5,ALTO PARANÁ,PROG.FEP,0.215166102919282
PFO2,2023,5,ALTO PARANÁ,PROD.FEP,1216.51880267691
PFO2,2023,5,ALTO PARANÁ,TOTAL FEP,68666.0355698259
PFO2,2023,5,ALTO PARANÁ,ACCID.PENF,0.0
PFO2,2023,5,ALTO PARANÁ,PROG.PENF,0.380024197331252
PFO2,2023,5,ALTO PARANÁ,PROD.PENF,2915.56985038511
PFO2,2023,5,ALTO PARANÁ,TOTAL PENEF,56539.7152914107
PFO3,2023,5,ALTO PARANÁ,ACCID.DEP,8.0
PFO3,2023,5,ALTO PARANÁ,PROG.DEP,0.872072613365442
PFO3,2023,5,ALTO PARANÁ,PROD.DEP,3962.99921667881
PFO3,2023,5,ALTO PARANÁ,TOTAL DEP,51140.2878970361
PFO3,2023,5,ALTO PARANÁ,ACCID.FEP,9.0
PFO3,2023,5,ALTO PARANÁ,PROG.FEP,0.461234397621496
PFO3,2023,5,ALTO PARANÁ,PROD.FEP,1689.69952334961
PFO3,2023,5,ALTO PARANÁ,TOTAL FEP,58538.6309833751
PFO3,2023,5,ALTO PARANÁ,ACCID.PENF,7.0
PFO3,2023,5,ALTO PARANÁ,PROG.PENF,0.96055407367371
PFO3,2023,5,ALTO PARANÁ,PROD.PENF,2779.58932000953
PFO3,2023,5,ALTO PARANÁ,TOTAL PENEF,62621.7583257609
PFO4,2023,5,ALTO PARANÁ,ACCID.DEP,8.0
PFO4,2023,5,ALTO PARANÁ,PROG.DEP,0.388789816796247
PFO4,2023,5,ALTO PARANÁ,PROD.DEP,2939.13314154556
PFO4,2023,5,ALTO PARANÁ,TOTAL DEP,54379.5516173561
PFO4,2023,5,ALTO PARANÁ,ACCID.FEP,6.0
PFO4,2023,5,ALTO PARANÁ,PROG.FEP,0.926008827011503
PFO4,2023,5,ALTO PARANÁ,PROD.FEP,2586.68283718615
PFO4,2023,5,ALTO PARANÁ,TOTAL FEP,51909.3765973577
PFO4,2023,5,ALTO PARANÁ,ACCID.PENF,9.0
PFO4,2023,5,ALTO PARANÁ,PROG.PENF,0.286475842108461
PFO4,2023,5,ALTO PARANÁ,PROD.PENF,1025.33712110245
PFO4,2023,5,ALTO PARANÁ,TOTAL PENEF,65125.4533702311
PFO5,2023,5,ALTO PARANÁ,ACCID.DEP,5.0
PFO5,2023,5,ALTO PARANÁ,PROG.DEP,0.998296125495085
PFO5,2023,5,ALTO PARANÁ,PROD.DEP,2568.32270479707
PFO5,2023,5,ALTO PARANÁ,TOTAL DEP,57285.28207738
PFO5,2023,5,ALTO PARANÁ,ACCID.FEP,9.0
PFO5,2023,5,ALTO PARANÁ,PROG.FEP,0.48803923285453
PFO5,2023,5,ALTO PARANÁ,PROD.FEP,2109.69582308446
PFO5,2023,5,ALTO PARANÁ,TOTAL FEP,55795.3819939298
PFO5,2023,5,ALTO PARANÁ,ACCID.PENF,1.0
PFO5,2023,5,ALTO PARANÁ,PROG.PENF,0.843113788414021
PFO14,2023,5,ALTO PARANÁ,ACCID.PENF,8.0
PFO14,2023,5,ALTO PARANÁ,TOTAL FEP,61300.8037227687
PFO6,2023,5,ALTO PARANÁ,ACCID.DEP,6.0
PFO6,2023,5,ALTO PARANÁ,PROG.DEP,0.224968099372481
PFO6,2023,5,ALTO PARANÁ,PROD.DEP,4074.34144533382
PFO6,2023,5,ALTO PARANÁ,TOTAL DEP,65306.7711428113
PFO6,2023,5,ALTO PARANÁ,ACCID.FEP,8.0
PFO6,2023,5,ALTO PARANÁ,PROG.FEP,0.789921004706047
PFO6,2023,5,ALTO PARANÁ,PROD.FEP,1237.5965507012
PFO6,2023,5,ALTO PARANÁ,TOTAL FEP,58512.3459249529
PFO14,2023,5,ALTO PARANÁ,PROG.FEP,0.844590952265069
PFO5,2023,5,ALTO PARANÁ,PROD.PENF,4877.93125036424
PFO5,2023,5,ALTO PARANÁ,TOTAL PENEF,61936.8903636375
PFO6,2023,5,ALTO PARANÁ,ACCID.PENF,1.0
PFO7,2023,5,ALTO PARANÁ,ACCID.DEP,4.0
PFO7,2023,5,ALTO PARANÁ,PROG.DEP,0.134577575428962
PFO7,2023,5,ALTO PARANÁ,PROD.DEP,1624.80608122846
PFO7,2023,5,ALTO PARANÁ,ACCID.FEP,7.0
PFO7,2023,5,ALTO PARANÁ,TOTAL DEP,55303.5827157449
PFO7,2023,5,ALTO PARANÁ,PROG.FEP,0.821297634616985
PFO7,2023,5,ALTO PARANÁ,TOTAL FEP,56906.8642578218
PFO7,2023,5,ALTO PARANÁ,PROD.FEP,2006.14253646776
PFO6,2023,5,ALTO PARANÁ,PROD.PENF,4750.90022386922
PFO7,2023,5,ALTO PARANÁ,PROG.PENF,0.642645448246226
PFO7,2023,5,ALTO PARANÁ,PROD.PENF,1207.23409781852
PFO7,2023,5,ALTO PARANÁ,TOTAL PENEF,63776.729472982
PFO8,2023,5,ALTO PARANÁ,ACCID.DEP,5.0
PFO8,2023,5,ALTO PARANÁ,PROG.DEP,0.504946114773023
PFO8,2023,5,ALTO PARANÁ,PROD.DEP,1563.7244250632
PFO8,2023,5,ALTO PARANÁ,TOTAL DEP,57227.8453013619
PFO8,2023,5,ALTO PARANÁ,ACCID.FEP,2.0
PFO8,2023,5,ALTO PARANÁ,PROG.FEP,0.586291883982196
PFO8,2023,5,ALTO PARANÁ,PROD.FEP,3093.85262941331
PFO8,2023,5,ALTO PARANÁ,TOTAL FEP,50488.7987121281
PFO8,2023,5,ALTO PARANÁ,ACCID.PENF,8.0
PFO8,2023,5,ALTO PARANÁ,PROG.PENF,0.22123721850245
PFO8,2023,5,ALTO PARANÁ,PROD.PENF,2584.47057801159
PFO8,2023,5,ALTO PARANÁ,TOTAL PENEF,54628.6512161595
PFO9,2023,5,ALTO PARANÁ,ACCID.DEP,2.0
PFO9,2023,5,ALTO PARANÁ,PROG.DEP,0.1473715669346
PFO9,2023,5,ALTO PARANÁ,PROD.DEP,2594.64805706944
PFO9,2023,5,ALTO PARANÁ,TOTAL DEP,55208.7143981804
PFO9,2023,5,ALTO PARANÁ,ACCID.FEP,2.0
PFO9,2023,5,ALTO PARANÁ,PROD.FEP,2031.53147293564
PFO9,2023,5,ALTO PARANÁ,PROG.FEP,0.380675286368978
PFO9,2023,5,ALTO PARANÁ,TOTAL FEP,57173.32443234
PFO9,2023,5,ALTO PARANÁ,ACCID.PENF,3.0
PFO9,2023,5,ALTO PARANÁ,PROG.PENF,0.398655319858665
PFO9,2023,5,ALTO PARANÁ,PROD.PENF,4675.30722583261
PFO9,2023,5,ALTO PARANÁ,TOTAL PENEF,69231.8231787738
PIH1,2023,5,ALTO PARANÁ,ACCID.DEP,2.0
PIH1,2023,5,ALTO PARANÁ,PROG.DEP,0.648502317092964
PIH1,2023,5,ALTO PARANÁ,PROD.DEP,1308.52020915704
PIH1,2023,5,ALTO PARANÁ,ACCID.FEP,4.0
PIH1,2023,5,ALTO PARANÁ,TOTAL DEP,62708.3105821898
PIH1,2023,5,ALTO PARANÁ,PROG.FEP,0.748410981090812
PIH1,2023,5,ALTO PARANÁ,PROD.FEP,1029.56872271324
PIH1,2023,5,ALTO PARANÁ,TOTAL FEP,67247.1318140957
PIH1,2023,5,ALTO PARANÁ,ACCID.PENF,9.0
PIH1,2023,5,ALTO PARANÁ,PROG.PENF,0.553764708498475
PIH1,2023,5,ALTO PARANÁ,PROD.PENF,2253.77138819161
PIH1,2023,5,ALTO PARANÁ,TOTAL PENEF,66087.1460733275
PIH2,2023,5,ALTO PARANÁ,ACCID.DEP,2.0
PIH2,2023,5,ALTO PARANÁ,PROG.DEP,0.839284971469077
PIH2,2023,5,ALTO PARANÁ,PROD.DEP,2463.12704122875
PIH2,2023,5,ALTO PARANÁ,TOTAL DEP,58318.7220018691
PIH2,2023,5,ALTO PARANÁ,ACCID.FEP,4.0
PIH2,2023,5,ALTO PARANÁ,PROG.FEP,0.453620656210043
PIH2,2023,5,ALTO PARANÁ,PROD.FEP,4691.89640544535
PIH2,2023,5,ALTO PARANÁ,TOTAL FEP,67405.0172239868
PIH2,2023,5,ALTO PARANÁ,ACCID.PENF,3.0
PIH2,2023,5,ALTO PARANÁ,PROG.PENF,0.367314826462331
PIH2,2023,5,ALTO PARANÁ,PROD.PENF,2608.81113444073
PIH2,2023,5,ALTO PARANÁ,TOTAL PENEF,56776.4365324758
PIH3,2023,5,ALTO PARANÁ,ACCID.DEP,2.0
PIH3,2023,5,ALTO PARANÁ,PROG.DEP,0.572310997213467
PIH3,2023,5,ALTO PARANÁ,PROD.DEP,4192.9512211943
PIH3,2023,5,ALTO PARANÁ,TOTAL DEP,66961.9025579989
PFO6,2023,5,ALTO PARANÁ,TOTAL PENEF,67378.2868236848
PIH3,2023,5,ALTO PARANÁ,PROG.FEP,0.584145438937412
PIH3,2023,5,ALTO PARANÁ,PROD.FEP,4703.52350688979
PIH3,2023,5,ALTO PARANÁ,TOTAL FEP,59711.4350739409
PIH3,2023,5,ALTO PARANÁ,ACCID.PENF,4.0
PIH3,2023,5,ALTO PARANÁ,PROG.PENF,0.964970230620578
PIH3,2023,5,ALTO PARANÁ,PROD.PENF,3227.33882120921
PIH3,2023,5,ALTO PARANÁ,TOTAL PENEF,53558.8320068253
PIH4,2023,5,ALTO PARANÁ,ACCID.DEP,4.0
PIH4,2023,5,ALTO PARANÁ,PROG.DEP,0.626020647081682
PIH4,2023,5,ALTO PARANÁ,PROD.DEP,2392.54700744866
PIH4,2023,5,ALTO PARANÁ,TOTAL DEP,56550.2276955325
PIH4,2023,5,ALTO PARANÁ,ACCID.FEP,9.0
PIH4,2023,5,ALTO PARANÁ,PROG.FEP,0.748088657425434
PIH4,2023,5,ALTO PARANÁ,PROD.FEP,1406.5901389761
PIH4,2023,5,ALTO PARANÁ,TOTAL FEP,50967.8093925667
PIH4,2023,5,ALTO PARANÁ,ACCID.PENF,6.0
PIH4,2023,5,ALTO PARANÁ,PROG.PENF,0.462857159029943
PIH4,2023,5,ALTO PARANÁ,PROD.PENF,1742.05683390415
PIH4,2023,5,ALTO PARANÁ,TOTAL PENEF,57453.0246032234
PIH5,2023,5,ALTO PARANÁ,ACCID.DEP,2.0
PIH5,2023,5,ALTO PARANÁ,PROG.DEP,0.915632401827075
PIH5,2023,5,ALTO PARANÁ,PROD.DEP,4717.54899615639
PIH5,2023,5,ALTO PARANÁ,TOTAL DEP,50626.1131322178
PIH5,2023,5,ALTO PARANÁ,ACCID.FEP,4.0
PIH5,2023,5,ALTO PARANÁ,PROG.FEP,0.900646107505935
PIH5,2023,5,ALTO PARANÁ,PROD.FEP,2661.18906442235
PIH5,2023,5,ALTO PARANÁ,TOTAL FEP,67355.3546499142
PIH5,2023,5,ALTO PARANÁ,ACCID.PENF,0.0
PIH5,2023,5,ALTO PARANÁ,PROG.PENF,0.205741025670316
PIH5,2023,5,ALTO PARANÁ,PROD.PENF,1109.11086914656
PIH5,2023,5,ALTO PARANÁ,TOTAL PENEF,69125.8976995525
PFO6,2023,5,ALTO PARANÁ,PROG.PENF,0.543910049645639
PFO7,2023,5,ALTO PARANÁ,ACCID.PENF,2.0
PIH3,2023,5,ALTO PARANÁ,ACCID.FEP,7.0
SGA1,2023,5,CANINDEYU,ACCID.DEP,7.0
SGA1,2023,5,CANINDEYU,PROG.DEP,0.377173501722032
SGA1,2023,5,CANINDEYU,PROG.FEP,0.350604451421161
SGA1,2023,5,CANINDEYU,PROD.FEP,1987.42161445772
SGA1,2023,5,CANINDEYU,TOTAL FEP,54791.8063883994
SGA1,2023,5,CANINDEYU,ACCID.PENF,4.0
SGA1,2023,5,CANINDEYU,PROG.PENF,0.350716811441218
SGA1,2023,5,CANINDEYU,PROD.PENF,1961.9093213452
SGA1,2023,5,CANINDEYU,TOTAL PENEF,68326.2766925688
SGA2,2023,5,CANINDEYU,ACCID.DEP,6.0
SGA2,2023,5,CANINDEYU,PROG.DEP,0.884954334801121
SGA2,2023,5,CANINDEYU,PROD.DEP,1007.92802158785
SGA2,2023,5,CANINDEYU,TOTAL DEP,66796.9299180192
SGA2,2023,5,CANINDEYU,ACCID.FEP,6.0
SGA1,2023,5,CANINDEYU,TOTAL DEP,69932.2502823789
SGA1,2023,5,CANINDEYU,PROD.DEP,1263.80989435768
SGA2,2023,5,CANINDEYU,TOTAL FEP,65770.225879684
SGA2,2023,5,CANINDEYU,ACCID.PENF,2.0
SGA2,2023,5,CANINDEYU,PROG.PENF,0.500839457498225
SGA2,2023,5,CANINDEYU,PROD.PENF,1758.26380003822
SGA2,2023,5,CANINDEYU,TOTAL PENEF,52471.8889326542
SGA3,2023,5,CANINDEYU,ACCID.DEP,1.0
SGA3,2023,5,CANINDEYU,PROG.DEP,0.390234587872238
SGA3,2023,5,CANINDEYU,PROD.DEP,1927.02211674172
SGA3,2023,5,CANINDEYU,TOTAL DEP,57981.6199833455
SGA3,2023,5,CANINDEYU,ACCID.FEP,0.0
SGA3,2023,5,CANINDEYU,PROG.FEP,0.870295849761399
SGA3,2023,5,CANINDEYU,PROD.FEP,3226.46396396144
SGA3,2023,5,CANINDEYU,TOTAL FEP,68501.4336714829
SGA3,2023,5,CANINDEYU,ACCID.PENF,1.0
SGA3,2023,5,CANINDEYU,PROG.PENF,0.477169828322179
SGA3,2023,5,CANINDEYU,PROD.PENF,3836.00461518536
SGA3,2023,5,CANINDEYU,TOTAL PENEF,56235.8535928241
SGA4,2023,5,CANINDEYU,ACCID.DEP,4.0
SGA4,2023,5,CANINDEYU,PROG.DEP,0.629641617655225
SGA4,2023,5,CANINDEYU,PROD.DEP,3251.40497470862
SGA4,2023,5,CANINDEYU,TOTAL DEP,69968.120988046
SGA4,2023,5,CANINDEYU,ACCID.FEP,8.0
SGA4,2023,5,CANINDEYU,PROG.FEP,0.563376240123504
SGA4,2023,5,CANINDEYU,PROD.FEP,4812.62520644893
SGA4,2023,5,CANINDEYU,TOTAL FEP,64203.9412447514
SGA4,2023,5,CANINDEYU,ACCID.PENF,6.0
SGA4,2023,5,CANINDEYU,PROG.PENF,0.569841434519903
SGA4,2023,5,CANINDEYU,PROD.PENF,3457.81551741408
SGA4,2023,5,CANINDEYU,TOTAL PENEF,62808.14345088
SGA5,2023,5,CANINDEYU,ACCID.DEP,1.0
SGA5,2023,5,CANINDEYU,PROG.DEP,0.832518401675173
SGA5,2023,5,CANINDEYU,PROD.DEP,3019.04225080612
SGA5,2023,5,CANINDEYU,TOTAL DEP,65547.5606621519
SGA5,2023,5,CANINDEYU,ACCID.FEP,6.0
SGA5,2023,5,CANINDEYU,PROG.FEP,0.900220702901211
SGA5,2023,5,CANINDEYU,PROD.FEP,4489.3997073658
SGA5,2023,5,CANINDEYU,TOTAL FEP,67251.9931579264
SGA5,2023,5,CANINDEYU,ACCID.PENF,3.0
SGA5,2023,5,CANINDEYU,PROG.PENF,0.625097997894892
SGA5,2023,5,CANINDEYU,PROD.PENF,4542.55970691682
SGA5,2023,5,CANINDEYU,TOTAL PENEF,60312.5666444692
SGA6,2023,5,CANINDEYU,PROG.DEP,0.348768140578553
SGA6,2023,5,CANINDEYU,PROD.DEP,4428.19314011595
SGA6,2023,5,CANINDEYU,ACCID.DEP,3.0
SGA6,2023,5,CANINDEYU,TOTAL DEP,59334.6117535332
SGA6,2023,5,CANINDEYU,ACCID.FEP,5.0
SGA6,2023,5,CANINDEYU,PROG.FEP,0.744087570294549
SGA6,2023,5,CANINDEYU,PROD.FEP,2157.03986736538
SGA6,2023,5,CANINDEYU,TOTAL FEP,60109.668936305
SGA6,2023,5,CANINDEYU,ACCID.PENF,4.0
SGA6,2023,5,CANINDEYU,PROG.PENF,0.710944587000619
SGA6,2023,5,CANINDEYU,PROD.PENF,1440.76626459188
SGA6,2023,5,CANINDEYU,TOTAL PENEF,58480.0573948099
SRI1,2023,5,ALTO PARANÁ,ACCID.DEP,6.0
SRI1,2023,5,ALTO PARANÁ,PROG.DEP,0.175137563990548
SRI1,2023,5,ALTO PARANÁ,PROD.DEP,1043.1302588831
SRI1,2023,5,ALTO PARANÁ,TOTAL DEP,61923.8437641607
SRI1,2023,5,ALTO PARANÁ,ACCID.FEP,8.0
SRI1,2023,5,ALTO PARANÁ,PROG.FEP,0.443547542766523
SRI1,2023,5,ALTO PARANÁ,PROD.FEP,2667.29920550718
SRI1,2023,5,ALTO PARANÁ,ACCID.PENF,2.0
SRI1,2023,5,ALTO PARANÁ,TOTAL FEP,66461.78233679
SRI1,2023,5,ALTO PARANÁ,PROG.PENF,0.500369681825109
SRI1,2023,5,ALTO PARANÁ,PROD.PENF,1375.00702467324
SRI1,2023,5,ALTO PARANÁ,TOTAL PENEF,67758.8428062886
SRI2,2023,5,ALTO PARANÁ,ACCID.DEP,4.0
SRI2,2023,5,ALTO PARANÁ,PROG.DEP,0.475608385008454
SRI2,2023,5,ALTO PARANÁ,PROD.DEP,1931.10381862276
SRI2,2023,5,ALTO PARANÁ,TOTAL DEP,64800.9012285361
SRI2,2023,5,ALTO PARANÁ,ACCID.FEP,9.0
SRI2,2023,5,ALTO PARANÁ,PROG.FEP,0.892700772056995
SRI2,2023,5,ALTO PARANÁ,PROD.FEP,4354.93272306747
SRI2,2023,5,ALTO PARANÁ,TOTAL FEP,57709.7137773913
SRI2,2023,5,ALTO PARANÁ,ACCID.PENF,5.0
SRI2,2023,5,ALTO PARANÁ,PROG.PENF,0.377836161541846
SRI2,2023,5,ALTO PARANÁ,PROD.PENF,2205.21573660731
SRI2,2023,5,ALTO PARANÁ,TOTAL PENEF,66632.7115033063
SRI3,2023,5,ALTO PARANÁ,ACCID.DEP,7.0
SRI3,2023,5,ALTO PARANÁ,PROG.DEP,0.232230138572039
SRI3,2023,5,ALTO PARANÁ,PROD.DEP,2822.40228378963
SRI3,2023,5,ALTO PARANÁ,TOTAL DEP,53798.5262426678
SGA2,2023,5,CANINDEYU,PROG.FEP,0.97859562246456
SGA2,2023,5,CANINDEYU,PROD.FEP,1993.36145612497
SGA1,2023,5,CANINDEYU,ACCID.FEP,1.0
SRI3,2023,5,ALTO PARANÁ,ACCID.FEP,2.0
SRI3,2023,5,ALTO PARANÁ,PROG.FEP,0.251966073144455
SRI3,2023,5,ALTO PARANÁ,PROG.PENF,0.778215074640222
SRI3,2023,5,ALTO PARANÁ,PROD.PENF,3923.84877978414
SRI3,2023,5,ALTO PARANÁ,TOTAL PENEF,63550.0284166047
SRI4,2023,5,ALTO PARANÁ,ACCID.DEP,9.0
SRI4,2023,5,ALTO PARANÁ,PROG.DEP,0.923747125749805
SRI4,2023,5,ALTO PARANÁ,PROD.DEP,4027.44000844833
SRI4,2023,5,ALTO PARANÁ,TOTAL DEP,61192.1254247389
SRI4,2023,5,ALTO PARANÁ,ACCID.FEP,5.0
SRI4,2023,5,ALTO PARANÁ,PROG.FEP,0.265365719403582
SRI4,2023,5,ALTO PARANÁ,PROD.FEP,3532.539417294
SRI4,2023,5,ALTO PARANÁ,TOTAL FEP,65152.3668778714
SRI4,2023,5,ALTO PARANÁ,ACCID.PENF,6.0
SRI4,2023,5,ALTO PARANÁ,PROG.PENF,0.259439760060402
SRI4,2023,5,ALTO PARANÁ,PROD.PENF,4077.19195485028
SRI4,2023,5,ALTO PARANÁ,TOTAL PENEF,58429.3240854034
ACY1,2023,6,ALTO PARANÁ,ACCID.DEP,1.0
ACY1,2023,6,ALTO PARANÁ,PROG.DEP,0.878972573503226
ACY1,2023,6,ALTO PARANÁ,PROD.DEP,1996.63867801133
ACY1,2023,6,ALTO PARANÁ,TOTAL DEP,54927.0412073924
ACY1,2023,6,ALTO PARANÁ,ACCID.FEP,1.0
ACY1,2023,6,ALTO PARANÁ,PROG.FEP,0.852744788289618
SRI3,2023,5,ALTO PARANÁ,PROD.FEP,3409.73536583185
ACY1,2023,6,ALTO PARANÁ,TOTAL FEP,56481.9911016183
ACY1,2023,6,ALTO PARANÁ,ACCID.PENF,0.0
ACY1,2023,6,ALTO PARANÁ,PROG.PENF,0.208301194252863
ACY1,2023,6,ALTO PARANÁ,PROD.PENF,1711.45639624704
ACY1,2023,6,ALTO PARANÁ,TOTAL PENEF,58081.1436866708
ACY2,2023,6,ALTO PARANÁ,ACCID.DEP,6.0
ACY2,2023,6,ALTO PARANÁ,PROG.DEP,0.764709382589076
ACY2,2023,6,ALTO PARANÁ,PROD.DEP,2543.51972757722
ACY2,2023,6,ALTO PARANÁ,TOTAL DEP,54984.7409137235
ACY2,2023,6,ALTO PARANÁ,ACCID.FEP,6.0
ACY2,2023,6,ALTO PARANÁ,PROG.FEP,0.773596465159063
ACY2,2023,6,ALTO PARANÁ,PROD.FEP,3976.44071816282
ACY2,2023,6,ALTO PARANÁ,TOTAL FEP,59194.3417893994
ACY2,2023,6,ALTO PARANÁ,ACCID.PENF,6.0
ACY2,2023,6,ALTO PARANÁ,PROG.PENF,0.892720762467465
ACY2,2023,6,ALTO PARANÁ,PROD.PENF,3986.6441542938
ACY2,2023,6,ALTO PARANÁ,TOTAL PENEF,60771.1931273711
ACY3,2023,6,ALTO PARANÁ,ACCID.DEP,9.0
ACY3,2023,6,ALTO PARANÁ,PROG.DEP,0.274267876444716
ACY3,2023,6,ALTO PARANÁ,PROD.DEP,4429.6207514985
ACY3,2023,6,ALTO PARANÁ,TOTAL DEP,65436.7951999341
ACY3,2023,6,ALTO PARANÁ,ACCID.FEP,8.0
ACY3,2023,6,ALTO PARANÁ,PROG.FEP,0.76673457705454
ACY3,2023,6,ALTO PARANÁ,PROD.FEP,2732.41139934966
ACY3,2023,6,ALTO PARANÁ,TOTAL FEP,69965.6586066301
ACY3,2023,6,ALTO PARANÁ,ACCID.PENF,1.0
ACY3,2023,6,ALTO PARANÁ,PROG.PENF,0.225469011518391
ACY3,2023,6,ALTO PARANÁ,PROD.PENF,1401.24420257729
ACY3,2023,6,ALTO PARANÁ,TOTAL PENEF,53961.670479335
ACY4,2023,6,ALTO PARANÁ,ACCID.DEP,1.0
ACY4,2023,6,ALTO PARANÁ,PROG.DEP,0.127588346832797
ACY4,2023,6,ALTO PARANÁ,PROD.DEP,1934.73198786855
ACY4,2023,6,ALTO PARANÁ,TOTAL DEP,53191.8718369508
ACY4,2023,6,ALTO PARANÁ,ACCID.FEP,8.0
ACY4,2023,6,ALTO PARANÁ,PROG.FEP,0.49925287510086
ACY4,2023,6,ALTO PARANÁ,PROD.FEP,1415.10185828253
ACY4,2023,6,ALTO PARANÁ,TOTAL FEP,56277.7953907271
ACY4,2023,6,ALTO PARANÁ,ACCID.PENF,3.0
ACY4,2023,6,ALTO PARANÁ,PROG.PENF,0.149977391488317
ACY4,2023,6,ALTO PARANÁ,PROD.PENF,2167.81334578697
ACY4,2023,6,ALTO PARANÁ,TOTAL PENEF,65130.63554792
ACY5,2023,6,ALTO PARANÁ,ACCID.DEP,6.0
ACY5,2023,6,ALTO PARANÁ,PROG.DEP,0.182486435237698
ACY5,2023,6,ALTO PARANÁ,PROD.DEP,2589.59718214958
ACY5,2023,6,ALTO PARANÁ,TOTAL DEP,51067.5942842495
ACY5,2023,6,ALTO PARANÁ,ACCID.FEP,2.0
ACY5,2023,6,ALTO PARANÁ,PROG.FEP,0.410501857129939
ACY5,2023,6,ALTO PARANÁ,PROD.FEP,4493.26456317794
ACY5,2023,6,ALTO PARANÁ,TOTAL FEP,58390.7387838255
ACY5,2023,6,ALTO PARANÁ,ACCID.PENF,2.0
ACY5,2023,6,ALTO PARANÁ,PROG.PENF,0.838046024117028
ACY5,2023,6,ALTO PARANÁ,PROD.PENF,2070.31376433464
ACY5,2023,6,ALTO PARANÁ,TOTAL PENEF,59841.5992463701
ACY6,2023,6,ALTO PARANÁ,ACCID.DEP,3.0
ACY6,2023,6,ALTO PARANÁ,PROG.DEP,0.912187026416655
ACY6,2023,6,ALTO PARANÁ,PROD.DEP,2496.88047411541
ACY6,2023,6,ALTO PARANÁ,TOTAL DEP,54142.5980734055
ACY6,2023,6,ALTO PARANÁ,ACCID.FEP,2.0
ACY6,2023,6,ALTO PARANÁ,PROG.FEP,0.635470905245496
ACY6,2023,6,ALTO PARANÁ,PROD.FEP,3919.92145052309
ACY6,2023,6,ALTO PARANÁ,TOTAL FEP,51615.4055878539
ACY6,2023,6,ALTO PARANÁ,ACCID.PENF,5.0
ACY6,2023,6,ALTO PARANÁ,PROG.PENF,0.56471749557486
ACY6,2023,6,ALTO PARANÁ,PROD.PENF,4976.33071709902
ACY6,2023,6,ALTO PARANÁ,TOTAL PENEF,62821.5572080105
ACY7,2023,6,ALTO PARANÁ,ACCID.DEP,4.0
ACY7,2023,6,ALTO PARANÁ,PROG.DEP,0.668066381704816
ACY7,2023,6,ALTO PARANÁ,PROD.DEP,1264.49573955088
ACY7,2023,6,ALTO PARANÁ,TOTAL DEP,69956.045878045
ACY7,2023,6,ALTO PARANÁ,ACCID.FEP,3.0
ACY7,2023,6,ALTO PARANÁ,PROG.FEP,0.739790975186898
ACY7,2023,6,ALTO PARANÁ,PROD.FEP,1218.06426531868
ACY7,2023,6,ALTO PARANÁ,TOTAL FEP,53179.9425253392
SRI3,2023,5,ALTO PARANÁ,TOTAL FEP,64603.2658188465
ACY1,2023,6,ALTO PARANÁ,PROD.FEP,3320.0297470095
SRI3,2023,5,ALTO PARANÁ,ACCID.PENF,0.0
ACY7,2023,6,ALTO PARANÁ,ACCID.PENF,3.0
ACY7,2023,6,ALTO PARANÁ,PROG.PENF,0.243627836335913
ACY7,2023,6,ALTO PARANÁ,PROD.PENF,4744.6773201293
ACY8,2023,6,ALTO PARANÁ,PROD.DEP,2798.0865023699
ACY8,2023,6,ALTO PARANÁ,TOTAL DEP,59043.7601457887
ACY8,2023,6,ALTO PARANÁ,ACCID.FEP,1.0
ACY8,2023,6,ALTO PARANÁ,PROG.FEP,0.405391710800705
ACY8,2023,6,ALTO PARANÁ,PROD.FEP,2245.65801347078
ACY8,2023,6,ALTO PARANÁ,TOTAL FEP,51578.8532543486
ACY8,2023,6,ALTO PARANÁ,ACCID.PENF,3.0
ACY8,2023,6,ALTO PARANÁ,PROG.PENF,0.898238667555813
ACY8,2023,6,ALTO PARANÁ,PROD.PENF,2961.15531664229
ACY8,2023,6,ALTO PARANÁ,TOTAL PENEF,54967.1235783326
ACY9,2023,6,ALTO PARANÁ,ACCID.DEP,2.0
ACY9,2023,6,ALTO PARANÁ,PROG.DEP,0.689501032403293
ACY9,2023,6,ALTO PARANÁ,PROD.DEP,3646.24371019911
ACY9,2023,6,ALTO PARANÁ,TOTAL DEP,69626.3789178047
ACY9,2023,6,ALTO PARANÁ,ACCID.FEP,1.0
ACY9,2023,6,ALTO PARANÁ,PROG.FEP,0.583437965107601
ACY9,2023,6,ALTO PARANÁ,PROD.FEP,1490.64232567999
ACY9,2023,6,ALTO PARANÁ,TOTAL FEP,56623.0386694354
ACY9,2023,6,ALTO PARANÁ,ACCID.PENF,7.0
ACY9,2023,6,ALTO PARANÁ,PROG.PENF,0.100825322726934
ACY9,2023,6,ALTO PARANÁ,PROD.PENF,3382.71825763402
ACY9,2023,6,ALTO PARANÁ,TOTAL PENEF,58369.991661781
APR10,2023,6,ALTO PARANÁ,ACCID.DEP,2.0
APR10,2023,6,ALTO PARANÁ,PROG.DEP,0.401885096876552
APR10,2023,6,ALTO PARANÁ,PROD.DEP,3369.18304772224
APR10,2023,6,ALTO PARANÁ,TOTAL DEP,57786.1061863873
APR10,2023,6,ALTO PARANÁ,ACCID.FEP,4.0
APR10,2023,6,ALTO PARANÁ,PROG.FEP,0.533379257705971
APR10,2023,6,ALTO PARANÁ,PROD.FEP,3877.2524289328
APR10,2023,6,ALTO PARANÁ,TOTAL FEP,62857.9888488546
APR10,2023,6,ALTO PARANÁ,ACCID.PENF,9.0
APR10,2023,6,ALTO PARANÁ,PROG.PENF,0.98911695431234
APR10,2023,6,ALTO PARANÁ,PROD.PENF,2257.61001853354
APR10,2023,6,ALTO PARANÁ,TOTAL PENEF,64236.4599800734
APR11,2023,6,ALTO PARANÁ,ACCID.DEP,0.0
APR11,2023,6,ALTO PARANÁ,PROG.DEP,0.183815455611915
APR11,2023,6,ALTO PARANÁ,PROD.DEP,4691.33135875148
APR11,2023,6,ALTO PARANÁ,TOTAL DEP,69073.4507123891
APR11,2023,6,ALTO PARANÁ,ACCID.FEP,3.0
APR11,2023,6,ALTO PARANÁ,PROG.FEP,0.565692548105325
APR11,2023,6,ALTO PARANÁ,PROD.FEP,1660.70698234615
APR11,2023,6,ALTO PARANÁ,TOTAL FEP,56297.8276878895
APR11,2023,6,ALTO PARANÁ,ACCID.PENF,8.0
APR11,2023,6,ALTO PARANÁ,PROG.PENF,0.426081078023297
APR11,2023,6,ALTO PARANÁ,PROD.PENF,1030.26044309361
APR11,2023,6,ALTO PARANÁ,TOTAL PENEF,63117.0987597403
APR12,2023,6,ALTO PARANÁ,ACCID.DEP,5.0
APR12,2023,6,ALTO PARANÁ,PROG.DEP,0.93009721563803
APR12,2023,6,ALTO PARANÁ,PROD.DEP,4234.84646428633
APR12,2023,6,ALTO PARANÁ,TOTAL DEP,56692.8373900526
APR12,2023,6,ALTO PARANÁ,ACCID.FEP,1.0
APR12,2023,6,ALTO PARANÁ,PROG.FEP,0.260431546499959
APR12,2023,6,ALTO PARANÁ,PROD.FEP,3261.45106880359
APR12,2023,6,ALTO PARANÁ,TOTAL FEP,58965.3153702984
APR12,2023,6,ALTO PARANÁ,ACCID.PENF,3.0
APR12,2023,6,ALTO PARANÁ,PROG.PENF,0.503386354667793
APR12,2023,6,ALTO PARANÁ,PROD.PENF,2322.9624996197
APR12,2023,6,ALTO PARANÁ,TOTAL PENEF,66716.5612050338
APR13,2023,6,ALTO PARANÁ,ACCID.DEP,9.0
APR13,2023,6,ALTO PARANÁ,PROG.DEP,0.557590505091237
APR13,2023,6,ALTO PARANÁ,PROD.DEP,2664.31718666434
APR13,2023,6,ALTO PARANÁ,TOTAL DEP,67797.2365485444
APR13,2023,6,ALTO PARANÁ,ACCID.FEP,6.0
APR13,2023,6,ALTO PARANÁ,PROG.FEP,0.423813770479264
ACY7,2023,6,ALTO PARANÁ,TOTAL PENEF,65747.4331747354
APR13,2023,6,ALTO PARANÁ,TOTAL FEP,58432.4669688654
APR13,2023,6,ALTO PARANÁ,ACCID.PENF,0.0
APR13,2023,6,ALTO PARANÁ,PROG.PENF,0.139337538510363
APR13,2023,6,ALTO PARANÁ,PROD.PENF,3650.14203909484
APR13,2023,6,ALTO PARANÁ,TOTAL PENEF,50257.5245674279
APR14,2023,6,ALTO PARANÁ,ACCID.DEP,0.0
APR14,2023,6,ALTO PARANÁ,PROG.DEP,0.483968141312125
APR14,2023,6,ALTO PARANÁ,PROD.DEP,3554.88388389669
APR14,2023,6,ALTO PARANÁ,TOTAL DEP,52896.2204945381
APR14,2023,6,ALTO PARANÁ,ACCID.FEP,5.0
APR14,2023,6,ALTO PARANÁ,PROG.FEP,0.506868127230671
APR14,2023,6,ALTO PARANÁ,PROD.FEP,4908.61562261405
APR14,2023,6,ALTO PARANÁ,TOTAL FEP,60469.9827693445
APR14,2023,6,ALTO PARANÁ,ACCID.PENF,7.0
APR14,2023,6,ALTO PARANÁ,PROG.PENF,0.763871081742298
APR14,2023,6,ALTO PARANÁ,PROD.PENF,3935.68744387112
APR14,2023,6,ALTO PARANÁ,TOTAL PENEF,62202.43836779
APR2,2023,6,ALTO PARANÁ,ACCID.DEP,7.0
APR2,2023,6,ALTO PARANÁ,PROG.DEP,0.848811924189413
APR2,2023,6,ALTO PARANÁ,PROD.DEP,2274.77798419634
APR2,2023,6,ALTO PARANÁ,TOTAL DEP,64676.8051266396
APR2,2023,6,ALTO PARANÁ,ACCID.FEP,2.0
APR2,2023,6,ALTO PARANÁ,PROG.FEP,0.92502604203269
APR2,2023,6,ALTO PARANÁ,PROD.FEP,1398.87890651033
APR2,2023,6,ALTO PARANÁ,TOTAL FEP,50985.6128665872
APR2,2023,6,ALTO PARANÁ,ACCID.PENF,6.0
APR2,2023,6,ALTO PARANÁ,PROG.PENF,0.655761025075198
APR2,2023,6,ALTO PARANÁ,PROD.PENF,2765.57174159598
APR2,2023,6,ALTO PARANÁ,TOTAL PENEF,50331.976216614
ACY8,2023,6,ALTO PARANÁ,PROG.DEP,0.67110397276788
APR13,2023,6,ALTO PARANÁ,PROD.FEP,4938.54015014988
ACY8,2023,6,ALTO PARANÁ,ACCID.DEP,7.0
APR3,2023,6,ALTO PARANÁ,ACCID.DEP,5.0
APR3,2023,6,ALTO PARANÁ,ACCID.FEP,0.0
APR3,2023,6,ALTO PARANÁ,PROG.FEP,0.182756827115606
APR3,2023,6,ALTO PARANÁ,PROD.FEP,3420.99261764384
APR3,2023,6,ALTO PARANÁ,TOTAL FEP,52321.1564198598
APR3,2023,6,ALTO PARANÁ,ACCID.PENF,9.0
APR3,2023,6,ALTO PARANÁ,PROG.PENF,0.800440988355506
APR3,2023,6,ALTO PARANÁ,PROD.PENF,2548.72908520251
APR3,2023,6,ALTO PARANÁ,TOTAL PENEF,50859.2067346824
APR4,2023,6,ALTO PARANÁ,ACCID.DEP,6.0
APR4,2023,6,ALTO PARANÁ,PROG.DEP,0.904534204384781
APR4,2023,6,ALTO PARANÁ,PROD.DEP,1590.89775003399
APR4,2023,6,ALTO PARANÁ,TOTAL DEP,52337.5293322484
APR4,2023,6,ALTO PARANÁ,ACCID.FEP,1.0
APR4,2023,6,ALTO PARANÁ,PROG.FEP,0.680519574382006
APR4,2023,6,ALTO PARANÁ,PROD.FEP,1978.09205987122
APR4,2023,6,ALTO PARANÁ,TOTAL FEP,57400.1855124348
APR4,2023,6,ALTO PARANÁ,ACCID.PENF,9.0
APR4,2023,6,ALTO PARANÁ,PROG.PENF,0.517863355405692
APR4,2023,6,ALTO PARANÁ,PROD.PENF,4230.53089410248
APR4,2023,6,ALTO PARANÁ,TOTAL PENEF,52788.2042123693
APR5,2023,6,ALTO PARANÁ,ACCID.DEP,1.0
APR5,2023,6,ALTO PARANÁ,PROG.DEP,0.681280679635767
APR5,2023,6,ALTO PARANÁ,PROD.DEP,1552.41614542233
APR5,2023,6,ALTO PARANÁ,TOTAL DEP,65776.5682040809
APR5,2023,6,ALTO PARANÁ,ACCID.FEP,9.0
APR5,2023,6,ALTO PARANÁ,PROG.FEP,0.562811372430611
APR5,2023,6,ALTO PARANÁ,PROD.FEP,4015.421711564
APR5,2023,6,ALTO PARANÁ,TOTAL FEP,60695.2662369554
APR5,2023,6,ALTO PARANÁ,ACCID.PENF,9.0
APR5,2023,6,ALTO PARANÁ,PROG.PENF,0.682432648780988
APR5,2023,6,ALTO PARANÁ,PROD.PENF,1399.70508568213
APR5,2023,6,ALTO PARANÁ,TOTAL PENEF,65405.5249044626
APR6,2023,6,ALTO PARANÁ,ACCID.DEP,4.0
APR6,2023,6,ALTO PARANÁ,PROG.DEP,0.953767870234982
APR6,2023,6,ALTO PARANÁ,PROD.DEP,1726.14656807391
APR6,2023,6,ALTO PARANÁ,TOTAL DEP,57867.3117614973
APR6,2023,6,ALTO PARANÁ,ACCID.FEP,3.0
APR6,2023,6,ALTO PARANÁ,PROG.FEP,0.255908031943098
APR6,2023,6,ALTO PARANÁ,PROD.FEP,4971.87504945914
APR6,2023,6,ALTO PARANÁ,TOTAL FEP,53671.7605272187
APR6,2023,6,ALTO PARANÁ,ACCID.PENF,0.0
APR6,2023,6,ALTO PARANÁ,PROG.PENF,0.439333919235482
APR6,2023,6,ALTO PARANÁ,PROD.PENF,3793.22612568737
APR6,2023,6,ALTO PARANÁ,TOTAL PENEF,61881.0469873285
APR8,2023,6,ALTO PARANÁ,ACCID.DEP,5.0
APR8,2023,6,ALTO PARANÁ,PROG.DEP,0.627775757441781
APR8,2023,6,ALTO PARANÁ,PROD.DEP,1855.41783136873
APR8,2023,6,ALTO PARANÁ,TOTAL DEP,57970.9143066101
APR8,2023,6,ALTO PARANÁ,ACCID.FEP,0.0
APR8,2023,6,ALTO PARANÁ,PROG.FEP,0.690720998628697
APR8,2023,6,ALTO PARANÁ,PROD.FEP,2263.05196332507
APR8,2023,6,ALTO PARANÁ,TOTAL FEP,53125.7052795663
APR8,2023,6,ALTO PARANÁ,ACCID.PENF,0.0
APR8,2023,6,ALTO PARANÁ,PROG.PENF,0.862229189818186
APR8,2023,6,ALTO PARANÁ,PROD.PENF,1303.46668004932
APR8,2023,6,ALTO PARANÁ,TOTAL PENEF,67414.4174648927
APR9,2023,6,ALTO PARANÁ,ACCID.DEP,2.0
APR9,2023,6,ALTO PARANÁ,PROG.DEP,0.190127003116818
APR9,2023,6,ALTO PARANÁ,PROD.DEP,3028.5538756164
APR9,2023,6,ALTO PARANÁ,TOTAL DEP,54521.2426938252
APR9,2023,6,ALTO PARANÁ,ACCID.FEP,6.0
APR9,2023,6,ALTO PARANÁ,PROG.FEP,0.849871425577639
APR9,2023,6,ALTO PARANÁ,PROD.FEP,1805.61890910829
APR9,2023,6,ALTO PARANÁ,TOTAL FEP,69042.6613900569
APR9,2023,6,ALTO PARANÁ,ACCID.PENF,9.0
APR9,2023,6,ALTO PARANÁ,PROG.PENF,0.289109277633379
APR9,2023,6,ALTO PARANÁ,PROD.PENF,1177.48916205943
APR9,2023,6,ALTO PARANÁ,TOTAL PENEF,69966.9164513385
CAT1,2023,6,CANINDEYU,ACCID.DEP,0.0
CAT1,2023,6,CANINDEYU,PROG.DEP,0.123160331085327
CAT1,2023,6,CANINDEYU,PROD.DEP,1826.70600329507
CAT1,2023,6,CANINDEYU,TOTAL DEP,62915.0081881321
CAT1,2023,6,CANINDEYU,ACCID.FEP,3.0
CAT1,2023,6,CANINDEYU,PROG.FEP,0.830566792241743
CAT1,2023,6,CANINDEYU,PROD.FEP,1151.89011067174
CAT1,2023,6,CANINDEYU,TOTAL FEP,68019.1734510129
CAT1,2023,6,CANINDEYU,ACCID.PENF,4.0
CAT1,2023,6,CANINDEYU,PROG.PENF,0.804501967952096
CAT1,2023,6,CANINDEYU,PROD.PENF,4522.51160580558
CAT1,2023,6,CANINDEYU,TOTAL PENEF,56214.6863955713
CAT10,2023,6,CANINDEYU,ACCID.DEP,3.0
CAT10,2023,6,CANINDEYU,PROG.DEP,0.167387070194572
CAT10,2023,6,CANINDEYU,PROD.DEP,2642.12280886176
CAT10,2023,6,CANINDEYU,TOTAL DEP,66573.4521864826
CAT10,2023,6,CANINDEYU,ACCID.FEP,3.0
CAT10,2023,6,CANINDEYU,PROG.FEP,0.327525976656417
CAT10,2023,6,CANINDEYU,PROD.FEP,1623.97252930508
CAT10,2023,6,CANINDEYU,TOTAL FEP,51741.4866487693
CAT10,2023,6,CANINDEYU,ACCID.PENF,0.0
CAT10,2023,6,CANINDEYU,PROG.PENF,0.20133031948599
CAT10,2023,6,CANINDEYU,PROD.PENF,3854.1878029435
CAT10,2023,6,CANINDEYU,TOTAL PENEF,66956.5616869185
CAT11,2023,6,CANINDEYU,ACCID.DEP,1.0
CAT11,2023,6,CANINDEYU,PROG.DEP,0.196246762682447
CAT11,2023,6,CANINDEYU,PROD.DEP,2667.87215055006
CAT11,2023,6,CANINDEYU,TOTAL DEP,66000.0747169808
APR3,2023,6,ALTO PARANÁ,PROD.DEP,2208.72016839421
APR3,2023,6,ALTO PARANÁ,TOTAL DEP,55110.5326506084
APR3,2023,6,ALTO PARANÁ,PROG.DEP,0.659372605970683
CAT11,2023,6,CANINDEYU,ACCID.FEP,4.0
CAT11,2023,6,CANINDEYU,ACCID.PENF,4.0
CAT11,2023,6,CANINDEYU,PROG.PENF,0.55568719859788
CAT11,2023,6,CANINDEYU,PROD.PENF,3756.78837831605
CAT11,2023,6,CANINDEYU,TOTAL PENEF,51120.6132141898
CAT2,2023,6,CANINDEYU,ACCID.DEP,0.0
CAT2,2023,6,CANINDEYU,PROG.DEP,0.342162625864319
CAT11,2023,6,CANINDEYU,TOTAL FEP,67746.3046559873
CAT2,2023,6,CANINDEYU,TOTAL DEP,65825.9354283142
CAT2,2023,6,CANINDEYU,ACCID.FEP,9.0
CAT2,2023,6,CANINDEYU,PROG.FEP,0.466113624965882
CAT2,2023,6,CANINDEYU,PROD.FEP,3431.11276917972
CAT2,2023,6,CANINDEYU,TOTAL FEP,69503.3026679032
CAT2,2023,6,CANINDEYU,ACCID.PENF,5.0
CAT2,2023,6,CANINDEYU,PROG.PENF,0.79760723783557
CAT2,2023,6,CANINDEYU,PROD.PENF,4398.68717364801
CAT2,2023,6,CANINDEYU,TOTAL PENEF,62628.5308441957
CAT3,2023,6,CANINDEYU,ACCID.DEP,7.0
CAT3,2023,6,CANINDEYU,PROG.DEP,0.763036129858317
CAT3,2023,6,CANINDEYU,PROD.DEP,3538.53352035269
CAT3,2023,6,CANINDEYU,TOTAL DEP,63615.9603358573
CAT3,2023,6,CANINDEYU,ACCID.FEP,5.0
CAT3,2023,6,CANINDEYU,PROG.FEP,0.472564118750331
CAT3,2023,6,CANINDEYU,PROD.FEP,4226.53968342291
CAT3,2023,6,CANINDEYU,TOTAL FEP,55712.1346761137
CAT3,2023,6,CANINDEYU,ACCID.PENF,0.0
CAT3,2023,6,CANINDEYU,PROG.PENF,0.330705170378871
CAT3,2023,6,CANINDEYU,PROD.PENF,2301.83842879071
CAT3,2023,6,CANINDEYU,TOTAL PENEF,63647.3887821888
CAT4,2023,6,CANINDEYU,ACCID.DEP,8.0
CAT4,2023,6,CANINDEYU,PROG.DEP,0.850722264515449
CAT4,2023,6,CANINDEYU,PROD.DEP,2837.13314648426
CAT4,2023,6,CANINDEYU,TOTAL DEP,67081.5574633507
CAT4,2023,6,CANINDEYU,ACCID.FEP,8.0
CAT4,2023,6,CANINDEYU,PROG.FEP,0.286575770761179
CAT4,2023,6,CANINDEYU,PROD.FEP,2301.47632981426
CAT4,2023,6,CANINDEYU,TOTAL FEP,63166.3597022388
CAT4,2023,6,CANINDEYU,ACCID.PENF,6.0
CAT4,2023,6,CANINDEYU,PROG.PENF,0.554300172984705
CAT2,2023,6,CANINDEYU,PROD.DEP,1799.5105381415
CAT4,2023,6,CANINDEYU,TOTAL PENEF,68623.2027080707
CAT5,2023,6,CANINDEYU,ACCID.DEP,7.0
CAT5,2023,6,CANINDEYU,PROG.DEP,0.597040649999634
CAT5,2023,6,CANINDEYU,PROD.DEP,1201.00987012744
CAT5,2023,6,CANINDEYU,TOTAL DEP,57349.8484463026
CAT5,2023,6,CANINDEYU,ACCID.FEP,7.0
CAT5,2023,6,CANINDEYU,PROG.FEP,0.319226259377562
CAT5,2023,6,CANINDEYU,PROD.FEP,4515.08160055501
CAT5,2023,6,CANINDEYU,TOTAL FEP,62383.2160251079
CAT5,2023,6,CANINDEYU,ACCID.PENF,2.0
CAT5,2023,6,CANINDEYU,PROG.PENF,0.918018733838636
CAT5,2023,6,CANINDEYU,PROD.PENF,4536.50965493376
CAT5,2023,6,CANINDEYU,TOTAL PENEF,53238.7641402852
CAT6,2023,6,CANINDEYU,ACCID.DEP,3.0
CAT6,2023,6,CANINDEYU,PROG.DEP,0.533709663135545
CAT6,2023,6,CANINDEYU,TOTAL DEP,68251.9979679883
CAT6,2023,6,CANINDEYU,PROD.DEP,2638.69379855126
CAT6,2023,6,CANINDEYU,ACCID.FEP,2.0
CAT6,2023,6,CANINDEYU,PROG.FEP,0.597256537224437
CAT6,2023,6,CANINDEYU,PROD.FEP,2825.39023041983
CAT6,2023,6,CANINDEYU,TOTAL FEP,57014.0305198498
CAT6,2023,6,CANINDEYU,ACCID.PENF,9.0
CAT6,2023,6,CANINDEYU,PROG.PENF,0.112301218313367
CAT6,2023,6,CANINDEYU,PROD.PENF,2120.80416885324
CAT6,2023,6,CANINDEYU,TOTAL PENEF,54884.5207156144
CAT7,2023,6,CANINDEYU,ACCID.DEP,5.0
CAT7,2023,6,CANINDEYU,PROG.DEP,0.389181710460915
CAT7,2023,6,CANINDEYU,PROD.DEP,4187.71413876358
CAT7,2023,6,CANINDEYU,TOTAL DEP,58093.9459227513
CAT7,2023,6,CANINDEYU,ACCID.FEP,1.0
CAT7,2023,6,CANINDEYU,PROG.FEP,0.504254735780552
CAT7,2023,6,CANINDEYU,PROD.FEP,2619.35626690931
CAT7,2023,6,CANINDEYU,TOTAL FEP,62242.831084082
CAT7,2023,6,CANINDEYU,ACCID.PENF,1.0
CAT7,2023,6,CANINDEYU,PROG.PENF,0.842613917893321
CAT7,2023,6,CANINDEYU,PROD.PENF,2051.10966361799
CAT7,2023,6,CANINDEYU,TOTAL PENEF,60201.2898300657
CAT8,2023,6,CANINDEYU,ACCID.DEP,7.0
CAT8,2023,6,CANINDEYU,PROG.DEP,0.743019004024659
CAT8,2023,6,CANINDEYU,PROD.DEP,2493.07554618871
CAT8,2023,6,CANINDEYU,TOTAL DEP,66888.151627603
CAT8,2023,6,CANINDEYU,ACCID.FEP,6.0
CAT8,2023,6,CANINDEYU,PROG.FEP,0.790863730564273
CAT8,2023,6,CANINDEYU,PROD.FEP,3470.15090604336
CAT8,2023,6,CANINDEYU,TOTAL FEP,55907.1971572581
CAT8,2023,6,CANINDEYU,ACCID.PENF,7.0
CAT8,2023,6,CANINDEYU,PROG.PENF,0.482040609356759
CAT8,2023,6,CANINDEYU,PROD.PENF,2776.98787213324
CAT8,2023,6,CANINDEYU,TOTAL PENEF,63096.9398721006
CAT9,2023,6,CANINDEYU,ACCID.DEP,0.0
CAT9,2023,6,CANINDEYU,PROG.DEP,0.143917811773977
CAT9,2023,6,CANINDEYU,PROD.DEP,4323.99934470632
CAT9,2023,6,CANINDEYU,TOTAL DEP,51597.1894253879
CAT9,2023,6,CANINDEYU,ACCID.FEP,0.0
CAT9,2023,6,CANINDEYU,PROG.FEP,0.403066050877113
CAT4,2023,6,CANINDEYU,PROD.PENF,1105.54613119641
CAT9,2023,6,CANINDEYU,PROD.FEP,4500.36749421228
CAT11,2023,6,CANINDEYU,PROD.FEP,2093.30970654253
CAT9,2023,6,CANINDEYU,TOTAL FEP,50485.076045584
CAT11,2023,6,CANINDEYU,PROG.FEP,0.717337004047464
CAT9,2023,6,CANINDEYU,ACCID.PENF,2.0
CAT9,2023,6,CANINDEYU,PROD.PENF,3828.29669842335
CUR1,2023,6,CANINDEYU,PROG.DEP,0.956838695297371
CUR1,2023,6,CANINDEYU,PROD.DEP,1732.88841612706
CUR1,2023,6,CANINDEYU,TOTAL DEP,65918.5316285227
CUR1,2023,6,CANINDEYU,ACCID.FEP,1.0
CUR1,2023,6,CANINDEYU,PROG.FEP,0.18967536108689
CUR1,2023,6,CANINDEYU,PROD.FEP,4501.63309640854
CUR1,2023,6,CANINDEYU,TOTAL FEP,63235.2550415817
CUR1,2023,6,CANINDEYU,ACCID.PENF,6.0
CUR1,2023,6,CANINDEYU,PROG.PENF,0.912365892325449
CUR1,2023,6,CANINDEYU,PROD.PENF,4897.46700640168
CUR1,2023,6,CANINDEYU,TOTAL PENEF,65353.819978404
CUR2,2023,6,CANINDEYU,ACCID.DEP,4.0
CUR2,2023,6,CANINDEYU,PROG.DEP,0.430517553838889
CUR2,2023,6,CANINDEYU,PROD.DEP,2858.9703142692
CUR2,2023,6,CANINDEYU,TOTAL DEP,68427.233129209
CUR2,2023,6,CANINDEYU,ACCID.FEP,0.0
CUR2,2023,6,CANINDEYU,PROG.FEP,0.257190834635711
CUR2,2023,6,CANINDEYU,PROD.FEP,2327.87298084313
CUR2,2023,6,CANINDEYU,TOTAL FEP,67741.4384051574
CAT9,2023,6,CANINDEYU,TOTAL PENEF,65012.6206108682
CUR2,2023,6,CANINDEYU,PROG.PENF,0.306847463974978
CUR2,2023,6,CANINDEYU,PROD.PENF,1266.65445405406
CUR2,2023,6,CANINDEYU,TOTAL PENEF,61227.9263552522
CUR3,2023,6,CANINDEYU,ACCID.DEP,6.0
CUR3,2023,6,CANINDEYU,PROG.DEP,0.740568223557559
CUR3,2023,6,CANINDEYU,PROD.DEP,4640.33171990433
CUR3,2023,6,CANINDEYU,TOTAL DEP,66693.071233022
CUR3,2023,6,CANINDEYU,ACCID.FEP,9.0
CUR3,2023,6,CANINDEYU,PROG.FEP,0.244823195118404
CUR3,2023,6,CANINDEYU,PROD.FEP,3160.93557393902
CUR3,2023,6,CANINDEYU,TOTAL FEP,68419.3617918097
CUR3,2023,6,CANINDEYU,ACCID.PENF,1.0
CUR3,2023,6,CANINDEYU,PROG.PENF,0.384263259352827
CUR3,2023,6,CANINDEYU,PROD.PENF,4882.74505622301
CUR3,2023,6,CANINDEYU,TOTAL PENEF,62696.9099988091
CUR4,2023,6,CANINDEYU,ACCID.DEP,9.0
CUR4,2023,6,CANINDEYU,PROG.DEP,0.60466651336752
CUR4,2023,6,CANINDEYU,PROD.DEP,4891.41109248949
CUR4,2023,6,CANINDEYU,TOTAL DEP,58109.4528855973
CUR4,2023,6,CANINDEYU,ACCID.FEP,4.0
CUR4,2023,6,CANINDEYU,PROG.FEP,0.822555658267452
CUR4,2023,6,CANINDEYU,PROD.FEP,4076.78103384845
CUR4,2023,6,CANINDEYU,TOTAL FEP,63935.1528435393
CUR4,2023,6,CANINDEYU,ACCID.PENF,2.0
CUR4,2023,6,CANINDEYU,PROG.PENF,0.697624103329527
CUR4,2023,6,CANINDEYU,PROD.PENF,2559.90531765341
CUR4,2023,6,CANINDEYU,TOTAL PENEF,59662.8396355484
CUR5,2023,6,CANINDEYU,ACCID.DEP,8.0
CUR5,2023,6,CANINDEYU,PROG.DEP,0.993885995270595
CUR5,2023,6,CANINDEYU,PROD.DEP,3921.97065213656
CUR5,2023,6,CANINDEYU,TOTAL DEP,55246.4032768357
CUR5,2023,6,CANINDEYU,ACCID.FEP,4.0
CUR5,2023,6,CANINDEYU,PROG.FEP,0.999791300930436
CUR5,2023,6,CANINDEYU,PROD.FEP,1684.45140209747
CUR5,2023,6,CANINDEYU,TOTAL FEP,58594.8603808734
CUR5,2023,6,CANINDEYU,ACCID.PENF,8.0
CUR5,2023,6,CANINDEYU,PROG.PENF,0.6629646856634
CUR5,2023,6,CANINDEYU,PROD.PENF,4754.32667400806
CUR5,2023,6,CANINDEYU,TOTAL PENEF,51765.9503872607
DES10,2023,6,ALTO PARANÁ,ACCID.DEP,1.0
DES10,2023,6,ALTO PARANÁ,PROG.DEP,0.794861539478131
DES10,2023,6,ALTO PARANÁ,PROD.DEP,4642.06077279882
DES10,2023,6,ALTO PARANÁ,TOTAL DEP,57108.8715347577
DES10,2023,6,ALTO PARANÁ,ACCID.FEP,1.0
DES10,2023,6,ALTO PARANÁ,PROG.FEP,0.673764399909575
DES10,2023,6,ALTO PARANÁ,PROD.FEP,4864.63140829689
DES10,2023,6,ALTO PARANÁ,TOTAL FEP,53410.2332570429
CAT9,2023,6,CANINDEYU,PROG.PENF,0.637532417697211
DES10,2023,6,ALTO PARANÁ,PROG.PENF,0.367170652685365
DES10,2023,6,ALTO PARANÁ,PROD.PENF,2003.60373244842
DES10,2023,6,ALTO PARANÁ,TOTAL PENEF,58894.0417214402
DES3,2023,6,ALTO PARANÁ,ACCID.DEP,2.0
DES3,2023,6,ALTO PARANÁ,PROG.DEP,0.551011913297979
DES3,2023,6,ALTO PARANÁ,PROD.DEP,2536.92943724416
DES3,2023,6,ALTO PARANÁ,TOTAL DEP,63822.0842459452
DES3,2023,6,ALTO PARANÁ,ACCID.FEP,8.0
DES3,2023,6,ALTO PARANÁ,PROG.FEP,0.36938532195948
DES3,2023,6,ALTO PARANÁ,PROD.FEP,2138.52159544326
DES3,2023,6,ALTO PARANÁ,TOTAL FEP,58047.8725162819
DES3,2023,6,ALTO PARANÁ,ACCID.PENF,4.0
DES3,2023,6,ALTO PARANÁ,PROG.PENF,0.720349104443146
DES3,2023,6,ALTO PARANÁ,PROD.PENF,4192.35041853271
DES3,2023,6,ALTO PARANÁ,TOTAL PENEF,69186.1928410945
DES4,2023,6,ALTO PARANÁ,ACCID.DEP,3.0
DES4,2023,6,ALTO PARANÁ,PROG.DEP,0.65304725718682
DES4,2023,6,ALTO PARANÁ,PROD.DEP,3560.84363796266
DES4,2023,6,ALTO PARANÁ,TOTAL DEP,66547.7679427144
DES4,2023,6,ALTO PARANÁ,ACCID.FEP,8.0
DES4,2023,6,ALTO PARANÁ,PROG.FEP,0.570995210162476
DES4,2023,6,ALTO PARANÁ,PROD.FEP,4878.40396388724
DES4,2023,6,ALTO PARANÁ,TOTAL FEP,58230.1761637627
DES4,2023,6,ALTO PARANÁ,ACCID.PENF,3.0
DES4,2023,6,ALTO PARANÁ,PROG.PENF,0.321336767769673
DES4,2023,6,ALTO PARANÁ,PROD.PENF,3730.52833407944
DES4,2023,6,ALTO PARANÁ,TOTAL PENEF,52402.867218053
CUR1,2023,6,CANINDEYU,ACCID.DEP,2.0
CUR2,2023,6,CANINDEYU,ACCID.PENF,1.0
DES10,2023,6,ALTO PARANÁ,ACCID.PENF,5.0
DES5,2023,6,ALTO PARANÁ,ACCID.DEP,5.0
DES5,2023,6,ALTO PARANÁ,ACCID.FEP,1.0
DES5,2023,6,ALTO PARANÁ,PROG.FEP,0.60194474145766
DES5,2023,6,ALTO PARANÁ,PROD.FEP,4011.15480901248
DES5,2023,6,ALTO PARANÁ,TOTAL FEP,56745.3148230348
DES5,2023,6,ALTO PARANÁ,ACCID.PENF,6.0
DES5,2023,6,ALTO PARANÁ,PROG.PENF,0.669342987935763
DES5,2023,6,ALTO PARANÁ,PROD.PENF,4035.79846241652
DES5,2023,6,ALTO PARANÁ,TOTAL PENEF,67742.9735720517
DES8,2023,6,ALTO PARANÁ,ACCID.DEP,4.0
DES8,2023,6,ALTO PARANÁ,PROG.DEP,0.903328828915511
DES8,2023,6,ALTO PARANÁ,PROD.DEP,2090.86073604686
DES8,2023,6,ALTO PARANÁ,TOTAL DEP,68276.3011078236
DES8,2023,6,ALTO PARANÁ,ACCID.FEP,0.0
DES8,2023,6,ALTO PARANÁ,PROG.FEP,0.952646999321932
DES8,2023,6,ALTO PARANÁ,PROD.FEP,3736.56382695403
DES8,2023,6,ALTO PARANÁ,TOTAL FEP,67939.5502062287
DES8,2023,6,ALTO PARANÁ,ACCID.PENF,6.0
DES8,2023,6,ALTO PARANÁ,PROG.PENF,0.972515478438281
DES8,2023,6,ALTO PARANÁ,PROD.PENF,2361.07159347264
DES8,2023,6,ALTO PARANÁ,TOTAL PENEF,61045.122466369
DES9,2023,6,ALTO PARANÁ,ACCID.DEP,3.0
DES9,2023,6,ALTO PARANÁ,PROG.DEP,0.176267968179883
DES9,2023,6,ALTO PARANÁ,PROD.DEP,3386.7811732241
DES9,2023,6,ALTO PARANÁ,TOTAL DEP,67109.6118394115
DES9,2023,6,ALTO PARANÁ,ACCID.FEP,6.0
DES9,2023,6,ALTO PARANÁ,PROG.FEP,0.162952354188201
DES9,2023,6,ALTO PARANÁ,PROD.FEP,3423.96889653699
DES9,2023,6,ALTO PARANÁ,TOTAL FEP,64453.1253814
DES9,2023,6,ALTO PARANÁ,PROG.PENF,0.197227198354664
DES9,2023,6,ALTO PARANÁ,ACCID.PENF,5.0
DES9,2023,6,ALTO PARANÁ,PROD.PENF,4055.11633216402
DES9,2023,6,ALTO PARANÁ,TOTAL PENEF,59037.8361525397
HER1,2023,6,ALTO PARANÁ,ACCID.DEP,1.0
HER1,2023,6,ALTO PARANÁ,PROG.DEP,0.845993200064894
HER1,2023,6,ALTO PARANÁ,PROD.DEP,3247.68086135458
HER1,2023,6,ALTO PARANÁ,TOTAL DEP,53820.6611112479
HER1,2023,6,ALTO PARANÁ,ACCID.FEP,6.0
HER1,2023,6,ALTO PARANÁ,PROG.FEP,0.108590429879062
HER1,2023,6,ALTO PARANÁ,PROD.FEP,3256.34872277036
HER1,2023,6,ALTO PARANÁ,TOTAL FEP,54539.7297293694
HER1,2023,6,ALTO PARANÁ,ACCID.PENF,9.0
HER1,2023,6,ALTO PARANÁ,PROG.PENF,0.435527883803937
HER1,2023,6,ALTO PARANÁ,PROD.PENF,3569.34980510678
HER1,2023,6,ALTO PARANÁ,TOTAL PENEF,57012.7120871399
HER10,2023,6,ALTO PARANÁ,ACCID.DEP,3.0
HER10,2023,6,ALTO PARANÁ,PROG.DEP,0.837995310893509
HER10,2023,6,ALTO PARANÁ,PROD.DEP,1804.3383062909
HER10,2023,6,ALTO PARANÁ,TOTAL DEP,58794.6953066942
HER10,2023,6,ALTO PARANÁ,ACCID.FEP,0.0
HER10,2023,6,ALTO PARANÁ,PROG.FEP,0.994926075041849
HER10,2023,6,ALTO PARANÁ,PROD.FEP,4105.79973669201
HER10,2023,6,ALTO PARANÁ,TOTAL FEP,59093.2018699615
HER10,2023,6,ALTO PARANÁ,ACCID.PENF,8.0
HER10,2023,6,ALTO PARANÁ,PROG.PENF,0.47768215303213
HER10,2023,6,ALTO PARANÁ,PROD.PENF,2618.95888340419
HER10,2023,6,ALTO PARANÁ,TOTAL PENEF,69712.71023745
HER2,2023,6,ALTO PARANÁ,ACCID.DEP,6.0
HER2,2023,6,ALTO PARANÁ,PROG.DEP,0.967814196182133
HER2,2023,6,ALTO PARANÁ,PROD.DEP,2313.90963668057
HER2,2023,6,ALTO PARANÁ,TOTAL DEP,51418.5826564581
HER2,2023,6,ALTO PARANÁ,ACCID.FEP,6.0
HER2,2023,6,ALTO PARANÁ,PROG.FEP,0.873926341550119
HER2,2023,6,ALTO PARANÁ,PROD.FEP,3831.00125630482
HER2,2023,6,ALTO PARANÁ,TOTAL FEP,51171.6375495432
HER2,2023,6,ALTO PARANÁ,ACCID.PENF,3.0
HER2,2023,6,ALTO PARANÁ,PROG.PENF,0.875021045263577
HER2,2023,6,ALTO PARANÁ,PROD.PENF,3845.62399759814
HER2,2023,6,ALTO PARANÁ,TOTAL PENEF,61849.7943668867
HER7,2023,6,ALTO PARANÁ,ACCID.DEP,0.0
HER7,2023,6,ALTO PARANÁ,PROG.DEP,0.771197724007001
HER7,2023,6,ALTO PARANÁ,PROD.DEP,4414.48185823614
HER7,2023,6,ALTO PARANÁ,TOTAL DEP,55725.1314553219
HER7,2023,6,ALTO PARANÁ,ACCID.FEP,7.0
HER7,2023,6,ALTO PARANÁ,PROG.FEP,0.578732837836244
HER7,2023,6,ALTO PARANÁ,PROD.FEP,3677.0532569979
HER7,2023,6,ALTO PARANÁ,TOTAL FEP,65715.5249483238
HER7,2023,6,ALTO PARANÁ,ACCID.PENF,3.0
HER7,2023,6,ALTO PARANÁ,PROG.PENF,0.653435747778307
HER7,2023,6,ALTO PARANÁ,PROD.PENF,3493.08031257094
HER7,2023,6,ALTO PARANÁ,TOTAL PENEF,55781.5057867813
HER8,2023,6,ALTO PARANÁ,ACCID.DEP,3.0
HER8,2023,6,ALTO PARANÁ,PROG.DEP,0.825855420823606
HER8,2023,6,ALTO PARANÁ,PROD.DEP,4172.88273878077
HER8,2023,6,ALTO PARANÁ,TOTAL DEP,63705.3815465479
HER8,2023,6,ALTO PARANÁ,ACCID.FEP,7.0
HER8,2023,6,ALTO PARANÁ,PROG.FEP,0.570630540462499
HER8,2023,6,ALTO PARANÁ,PROD.FEP,4710.11820600449
HER8,2023,6,ALTO PARANÁ,TOTAL FEP,66712.7316934292
HER8,2023,6,ALTO PARANÁ,ACCID.PENF,0.0
HER8,2023,6,ALTO PARANÁ,PROG.PENF,0.96102634574499
HER8,2023,6,ALTO PARANÁ,PROD.PENF,2918.01910389593
HER8,2023,6,ALTO PARANÁ,TOTAL PENEF,61298.8603091443
HER9,2023,6,ALTO PARANÁ,ACCID.DEP,7.0
HER9,2023,6,ALTO PARANÁ,PROG.DEP,0.672811755281582
HER9,2023,6,ALTO PARANÁ,PROD.DEP,4782.47732817392
HER9,2023,6,ALTO PARANÁ,TOTAL DEP,54118.8535490975
DES5,2023,6,ALTO PARANÁ,PROD.DEP,1866.31104697482
DES5,2023,6,ALTO PARANÁ,TOTAL DEP,68346.4906468289
DES5,2023,6,ALTO PARANÁ,PROG.DEP,0.770313364058564
HER9,2023,6,ALTO PARANÁ,ACCID.FEP,4.0
HER9,2023,6,ALTO PARANÁ,ACCID.PENF,1.0
HER9,2023,6,ALTO PARANÁ,PROG.PENF,0.254272755735048
HER9,2023,6,ALTO PARANÁ,PROD.PENF,4288.38391387224
HER9,2023,6,ALTO PARANÁ,TOTAL PENEF,57491.6306738218
IRY1,2023,6,ALTO PARANÁ,ACCID.DEP,4.0
IRY1,2023,6,ALTO PARANÁ,PROG.DEP,0.953519330663212
IRY1,2023,6,ALTO PARANÁ,PROD.DEP,2535.6488216116
IRY1,2023,6,ALTO PARANÁ,TOTAL DEP,51707.810213088
IRY1,2023,6,ALTO PARANÁ,ACCID.FEP,8.0
IRY1,2023,6,ALTO PARANÁ,PROG.FEP,0.338685670823138
IRY1,2023,6,ALTO PARANÁ,TOTAL FEP,50986.7016593743
IRY1,2023,6,ALTO PARANÁ,PROD.FEP,4070.32182025223
IRY1,2023,6,ALTO PARANÁ,ACCID.PENF,6.0
IRY1,2023,6,ALTO PARANÁ,PROD.PENF,3243.99180770871
IRY1,2023,6,ALTO PARANÁ,TOTAL PENEF,55240.3174317538
IRY1,2023,6,ALTO PARANÁ,PROG.PENF,0.882443828975988
IRY2,2023,6,ALTO PARANÁ,ACCID.DEP,5.0
IRY2,2023,6,ALTO PARANÁ,PROG.DEP,0.342875753186767
IRY2,2023,6,ALTO PARANÁ,PROD.DEP,4608.23589731283
IRY2,2023,6,ALTO PARANÁ,TOTAL DEP,59118.7735577407
IRY2,2023,6,ALTO PARANÁ,ACCID.FEP,1.0
IRY2,2023,6,ALTO PARANÁ,PROG.FEP,0.602060592458137
IRY2,2023,6,ALTO PARANÁ,PROD.FEP,3452.35302380901
IRY2,2023,6,ALTO PARANÁ,TOTAL FEP,64770.5642802458
IRY2,2023,6,ALTO PARANÁ,ACCID.PENF,6.0
IRY2,2023,6,ALTO PARANÁ,PROG.PENF,0.89495554879137
IRY2,2023,6,ALTO PARANÁ,PROD.PENF,1012.87865192701
IRY2,2023,6,ALTO PARANÁ,TOTAL PENEF,56444.2293410649
IRY3,2023,6,ALTO PARANÁ,ACCID.DEP,8.0
IRY3,2023,6,ALTO PARANÁ,PROG.DEP,0.281121389947661
IRY3,2023,6,ALTO PARANÁ,PROD.DEP,1780.26954398211
IRY3,2023,6,ALTO PARANÁ,TOTAL DEP,66935.8393053856
IRY3,2023,6,ALTO PARANÁ,ACCID.FEP,3.0
IRY3,2023,6,ALTO PARANÁ,PROG.FEP,0.231238521679417
IRY3,2023,6,ALTO PARANÁ,PROD.FEP,3406.85363973502
IRY3,2023,6,ALTO PARANÁ,TOTAL FEP,68108.5904742931
IRY3,2023,6,ALTO PARANÁ,ACCID.PENF,5.0
IRY3,2023,6,ALTO PARANÁ,PROD.PENF,2419.63158270628
IRY3,2023,6,ALTO PARANÁ,TOTAL PENEF,59078.7235413789
IRY3,2023,6,ALTO PARANÁ,PROG.PENF,0.554662074784815
IRY4,2023,6,ALTO PARANÁ,ACCID.DEP,4.0
IRY4,2023,6,ALTO PARANÁ,PROG.DEP,0.546449460144448
IRY4,2023,6,ALTO PARANÁ,PROD.DEP,1576.79472178217
IRY4,2023,6,ALTO PARANÁ,TOTAL DEP,59207.9262416479
IRY4,2023,6,ALTO PARANÁ,ACCID.FEP,7.0
IRY4,2023,6,ALTO PARANÁ,PROG.FEP,0.302287800765736
IRY4,2023,6,ALTO PARANÁ,PROD.FEP,2446.05105536799
IRY4,2023,6,ALTO PARANÁ,TOTAL FEP,64685.5303551828
IRY4,2023,6,ALTO PARANÁ,ACCID.PENF,9.0
IRY4,2023,6,ALTO PARANÁ,PROG.PENF,0.121143243236949
IRY4,2023,6,ALTO PARANÁ,PROD.PENF,2394.50487064356
IRY4,2023,6,ALTO PARANÁ,TOTAL PENEF,65392.6100789484
JEP1,2023,6,CANINDEYU,ACCID.DEP,6.0
JEP1,2023,6,CANINDEYU,PROG.DEP,0.18653667445431
JEP1,2023,6,CANINDEYU,TOTAL DEP,60736.9900518347
JEP1,2023,6,CANINDEYU,PROD.DEP,4400.8743077557
JEP1,2023,6,CANINDEYU,ACCID.FEP,7.0
JEP1,2023,6,CANINDEYU,PROG.FEP,0.840567648447153
JEP1,2023,6,CANINDEYU,PROD.FEP,4300.92086985696
JEP1,2023,6,CANINDEYU,TOTAL FEP,65369.3122171577
JEP1,2023,6,CANINDEYU,ACCID.PENF,3.0
JEP1,2023,6,CANINDEYU,PROG.PENF,0.656318068415637
JEP1,2023,6,CANINDEYU,PROD.PENF,2057.18886805425
JEP1,2023,6,CANINDEYU,TOTAL PENEF,65773.6494061223
JEP2,2023,6,CANINDEYU,ACCID.DEP,4.0
JEP2,2023,6,CANINDEYU,PROG.DEP,0.432679199587084
JEP2,2023,6,CANINDEYU,PROD.DEP,1526.27708461278
JEP2,2023,6,CANINDEYU,ACCID.FEP,0.0
JEP2,2023,6,CANINDEYU,PROG.FEP,0.507175778190687
JEP2,2023,6,CANINDEYU,TOTAL DEP,67512.740074407
JEP2,2023,6,CANINDEYU,PROD.FEP,3735.80228711371
JEP2,2023,6,CANINDEYU,TOTAL FEP,51627.4651504538
JEP2,2023,6,CANINDEYU,ACCID.PENF,3.0
JEP2,2023,6,CANINDEYU,PROG.PENF,0.39361187624842
JEP2,2023,6,CANINDEYU,PROD.PENF,1259.71415243593
JEP3,2023,6,CANINDEYU,ACCID.DEP,6.0
JEP3,2023,6,CANINDEYU,PROG.DEP,0.49638068700756
JEP2,2023,6,CANINDEYU,TOTAL PENEF,61676.6220549967
JEP3,2023,6,CANINDEYU,PROD.DEP,2573.6486939468
JEP3,2023,6,CANINDEYU,TOTAL DEP,65072.8063395114
JEP3,2023,6,CANINDEYU,ACCID.FEP,2.0
JEP3,2023,6,CANINDEYU,PROG.FEP,0.261399747506185
JEP3,2023,6,CANINDEYU,PROD.FEP,3556.27861073527
JEP3,2023,6,CANINDEYU,TOTAL FEP,52872.7928801894
JEP3,2023,6,CANINDEYU,ACCID.PENF,4.0
JEP3,2023,6,CANINDEYU,PROG.PENF,0.819100840051377
JEP3,2023,6,CANINDEYU,PROD.PENF,3155.89532639227
JEP3,2023,6,CANINDEYU,TOTAL PENEF,53374.6753471273
JEP4,2023,6,CANINDEYU,ACCID.DEP,6.0
JEP4,2023,6,CANINDEYU,PROG.DEP,0.110651986336881
JEP4,2023,6,CANINDEYU,PROD.DEP,2938.25382428736
JEP4,2023,6,CANINDEYU,TOTAL DEP,59403.5816875989
JEP4,2023,6,CANINDEYU,ACCID.FEP,5.0
JEP4,2023,6,CANINDEYU,PROG.FEP,0.838895924376674
JEP4,2023,6,CANINDEYU,PROD.FEP,2134.83959213705
JEP4,2023,6,CANINDEYU,TOTAL FEP,56045.9443175524
HER9,2023,6,ALTO PARANÁ,PROD.FEP,2356.57278274072
HER9,2023,6,ALTO PARANÁ,TOTAL FEP,52563.8323591705
HER9,2023,6,ALTO PARANÁ,PROG.FEP,0.708704789932292
JEP4,2023,6,CANINDEYU,ACCID.PENF,2.0
JEP4,2023,6,CANINDEYU,PROG.PENF,0.514226834396054
JLM1,2023,6,ALTO PARANÁ,PROG.DEP,0.56236635176126
JLM1,2023,6,ALTO PARANÁ,PROD.DEP,2719.77834455755
JLM1,2023,6,ALTO PARANÁ,TOTAL DEP,53401.8010471425
JLM1,2023,6,ALTO PARANÁ,ACCID.FEP,5.0
JLM1,2023,6,ALTO PARANÁ,PROG.FEP,0.192943438038687
JLM1,2023,6,ALTO PARANÁ,PROD.FEP,1996.2919760696
JLM1,2023,6,ALTO PARANÁ,TOTAL FEP,61252.130769798
JLM1,2023,6,ALTO PARANÁ,ACCID.PENF,7.0
JLM1,2023,6,ALTO PARANÁ,PROG.PENF,0.562405286023337
JLM1,2023,6,ALTO PARANÁ,PROD.PENF,1399.39745681823
JLM1,2023,6,ALTO PARANÁ,TOTAL PENEF,58505.8974373072
JLM2,2023,6,ALTO PARANÁ,ACCID.DEP,2.0
JLM2,2023,6,ALTO PARANÁ,PROG.DEP,0.6667947478451
JLM2,2023,6,ALTO PARANÁ,PROD.DEP,1244.84709055468
JLM2,2023,6,ALTO PARANÁ,TOTAL DEP,65102.4685787245
JLM2,2023,6,ALTO PARANÁ,ACCID.FEP,1.0
JLM2,2023,6,ALTO PARANÁ,PROG.FEP,0.290733269198959
JLM2,2023,6,ALTO PARANÁ,PROD.FEP,4396.46480124516
JLM2,2023,6,ALTO PARANÁ,TOTAL FEP,51075.8807767336
JLM2,2023,6,ALTO PARANÁ,ACCID.PENF,5.0
JLM2,2023,6,ALTO PARANÁ,PROG.PENF,0.346878218053981
JLM2,2023,6,ALTO PARANÁ,PROD.PENF,4489.59021130561
JLM2,2023,6,ALTO PARANÁ,TOTAL PENEF,57396.2063321873
JLM3,2023,6,ALTO PARANÁ,ACCID.DEP,1.0
JLM3,2023,6,ALTO PARANÁ,PROG.DEP,0.94731996911082
JLM3,2023,6,ALTO PARANÁ,PROD.DEP,3033.54327863271
JLM3,2023,6,ALTO PARANÁ,TOTAL DEP,57986.6125165731
JLM3,2023,6,ALTO PARANÁ,ACCID.FEP,3.0
JLM3,2023,6,ALTO PARANÁ,PROG.FEP,0.99177010184013
JLM3,2023,6,ALTO PARANÁ,PROD.FEP,1945.16351879201
JLM3,2023,6,ALTO PARANÁ,TOTAL FEP,55677.8610634659
JLM3,2023,6,ALTO PARANÁ,ACCID.PENF,4.0
JLM3,2023,6,ALTO PARANÁ,PROG.PENF,0.735902351175178
JLM3,2023,6,ALTO PARANÁ,PROD.PENF,3213.53019229605
JLM3,2023,6,ALTO PARANÁ,TOTAL PENEF,56631.5160473732
K152,2023,6,ALTO PARANÁ,ACCID.DEP,8.0
K152,2023,6,ALTO PARANÁ,PROG.DEP,0.940751013328292
K152,2023,6,ALTO PARANÁ,PROD.DEP,4312.81229102003
K152,2023,6,ALTO PARANÁ,TOTAL DEP,56590.7131087778
K152,2023,6,ALTO PARANÁ,ACCID.FEP,4.0
K152,2023,6,ALTO PARANÁ,PROG.FEP,0.908758625547516
K152,2023,6,ALTO PARANÁ,PROD.FEP,2671.21457826851
K152,2023,6,ALTO PARANÁ,TOTAL FEP,52733.6303705268
K152,2023,6,ALTO PARANÁ,ACCID.PENF,2.0
K152,2023,6,ALTO PARANÁ,PROG.PENF,0.440395656288135
K152,2023,6,ALTO PARANÁ,PROD.PENF,1649.46958869021
K152,2023,6,ALTO PARANÁ,TOTAL PENEF,59036.6774323577
K153,2023,6,ALTO PARANÁ,ACCID.DEP,3.0
K153,2023,6,ALTO PARANÁ,PROG.DEP,0.661371293074194
K153,2023,6,ALTO PARANÁ,PROD.DEP,4848.52705473556
K153,2023,6,ALTO PARANÁ,TOTAL DEP,53346.9659388688
K153,2023,6,ALTO PARANÁ,ACCID.FEP,3.0
K153,2023,6,ALTO PARANÁ,PROG.FEP,0.976534814161267
K153,2023,6,ALTO PARANÁ,PROD.FEP,2054.9516472803
K153,2023,6,ALTO PARANÁ,TOTAL FEP,53555.3970125711
K153,2023,6,ALTO PARANÁ,ACCID.PENF,1.0
K153,2023,6,ALTO PARANÁ,PROG.PENF,0.789078250710851
K153,2023,6,ALTO PARANÁ,PROD.PENF,3308.92011697535
K153,2023,6,ALTO PARANÁ,TOTAL PENEF,56675.4675164149
K154,2023,6,ALTO PARANÁ,ACCID.DEP,8.0
K154,2023,6,ALTO PARANÁ,PROG.DEP,0.63103234058945
K154,2023,6,ALTO PARANÁ,PROD.DEP,3807.13546487604
K154,2023,6,ALTO PARANÁ,TOTAL DEP,59195.9865490925
K154,2023,6,ALTO PARANÁ,ACCID.FEP,8.0
K154,2023,6,ALTO PARANÁ,PROG.FEP,0.150160917537251
K154,2023,6,ALTO PARANÁ,PROD.FEP,2873.36284131673
K154,2023,6,ALTO PARANÁ,TOTAL FEP,68473.2498771586
K154,2023,6,ALTO PARANÁ,ACCID.PENF,0.0
K154,2023,6,ALTO PARANÁ,PROG.PENF,0.573220678519446
K154,2023,6,ALTO PARANÁ,PROD.PENF,4344.00097154099
K154,2023,6,ALTO PARANÁ,TOTAL PENEF,53828.3071072619
K155,2023,6,ALTO PARANÁ,ACCID.DEP,4.0
K155,2023,6,ALTO PARANÁ,PROG.DEP,0.918531623889656
K155,2023,6,ALTO PARANÁ,PROD.DEP,3223.76682968364
K155,2023,6,ALTO PARANÁ,TOTAL DEP,69793.9696522836
K155,2023,6,ALTO PARANÁ,ACCID.FEP,9.0
K155,2023,6,ALTO PARANÁ,PROG.FEP,0.792015484406149
K155,2023,6,ALTO PARANÁ,PROD.FEP,1801.78785566033
K155,2023,6,ALTO PARANÁ,TOTAL FEP,63252.671641725
K155,2023,6,ALTO PARANÁ,ACCID.PENF,8.0
K155,2023,6,ALTO PARANÁ,PROG.PENF,0.143660830781145
K155,2023,6,ALTO PARANÁ,PROD.PENF,3234.32271078133
K155,2023,6,ALTO PARANÁ,TOTAL PENEF,52248.4739687439
K156,2023,6,ALTO PARANÁ,ACCID.DEP,0.0
K156,2023,6,ALTO PARANÁ,PROG.DEP,0.929729980693356
K156,2023,6,ALTO PARANÁ,PROD.DEP,3892.6784229107
K156,2023,6,ALTO PARANÁ,TOTAL DEP,56352.8442797397
K156,2023,6,ALTO PARANÁ,ACCID.FEP,8.0
K156,2023,6,ALTO PARANÁ,PROG.FEP,0.254390808486581
K156,2023,6,ALTO PARANÁ,PROD.FEP,1198.96840970305
K156,2023,6,ALTO PARANÁ,TOTAL FEP,64819.8547482071
K156,2023,6,ALTO PARANÁ,ACCID.PENF,0.0
K156,2023,6,ALTO PARANÁ,PROG.PENF,0.422326524534565
K156,2023,6,ALTO PARANÁ,PROD.PENF,4291.69063702744
K156,2023,6,ALTO PARANÁ,TOTAL PENEF,66778.5343507314
JEP4,2023,6,CANINDEYU,PROD.PENF,2574.33337096186
JEP4,2023,6,CANINDEYU,TOTAL PENEF,52139.4411602833
JLM1,2023,6,ALTO PARANÁ,ACCID.DEP,1.0
K157,2023,6,ALTO PARANÁ,ACCID.DEP,3.0
K157,2023,6,ALTO PARANÁ,ACCID.FEP,9.0
K157,2023,6,ALTO PARANÁ,PROG.FEP,0.63809447895943
K157,2023,6,ALTO PARANÁ,PROD.FEP,2845.16816595688
K157,2023,6,ALTO PARANÁ,TOTAL FEP,57194.9808579326
K157,2023,6,ALTO PARANÁ,ACCID.PENF,6.0
K157,2023,6,ALTO PARANÁ,PROG.PENF,0.710422948539976
K157,2023,6,ALTO PARANÁ,PROD.PENF,3890.57333336503
K157,2023,6,ALTO PARANÁ,TOTAL PENEF,63161.8159743872
K158,2023,6,ALTO PARANÁ,PROG.DEP,0.285725930656368
K158,2023,6,ALTO PARANÁ,ACCID.DEP,4.0
K158,2023,6,ALTO PARANÁ,PROD.DEP,4564.00286041218
K158,2023,6,ALTO PARANÁ,TOTAL DEP,67938.21434745
K158,2023,6,ALTO PARANÁ,ACCID.FEP,5.0
K158,2023,6,ALTO PARANÁ,PROG.FEP,0.90620374302653
K158,2023,6,ALTO PARANÁ,PROD.FEP,1058.45708234655
K158,2023,6,ALTO PARANÁ,TOTAL FEP,68831.293805493
K158,2023,6,ALTO PARANÁ,ACCID.PENF,7.0
K158,2023,6,ALTO PARANÁ,PROG.PENF,0.293292215832947
K158,2023,6,ALTO PARANÁ,PROD.PENF,3812.97743868787
K158,2023,6,ALTO PARANÁ,TOTAL PENEF,67047.5968046639
K159,2023,6,ALTO PARANÁ,ACCID.DEP,9.0
K159,2023,6,ALTO PARANÁ,PROG.DEP,0.708380646873719
K159,2023,6,ALTO PARANÁ,PROD.DEP,2891.44527266383
K159,2023,6,ALTO PARANÁ,TOTAL DEP,65350.594674133
K159,2023,6,ALTO PARANÁ,ACCID.FEP,4.0
K159,2023,6,ALTO PARANÁ,PROG.FEP,0.100557228625031
K159,2023,6,ALTO PARANÁ,PROD.FEP,4166.76554382804
K159,2023,6,ALTO PARANÁ,TOTAL FEP,69628.3941132033
K157,2023,6,ALTO PARANÁ,PROD.DEP,3494.93106872935
K159,2023,6,ALTO PARANÁ,PROG.PENF,0.206296423829477
K159,2023,6,ALTO PARANÁ,PROD.PENF,1510.77300520018
K159,2023,6,ALTO PARANÁ,TOTAL PENEF,64820.7342924547
K301,2023,6,ALTO PARANÁ,ACCID.DEP,4.0
K301,2023,6,ALTO PARANÁ,PROG.DEP,0.289669186082867
K301,2023,6,ALTO PARANÁ,PROD.DEP,1564.03323246363
K301,2023,6,ALTO PARANÁ,TOTAL DEP,50439.6821958153
K301,2023,6,ALTO PARANÁ,ACCID.FEP,1.0
K301,2023,6,ALTO PARANÁ,PROG.FEP,0.809391800679895
K301,2023,6,ALTO PARANÁ,PROD.FEP,2774.75292406075
K301,2023,6,ALTO PARANÁ,TOTAL FEP,68144.1219187099
K301,2023,6,ALTO PARANÁ,ACCID.PENF,4.0
K301,2023,6,ALTO PARANÁ,PROG.PENF,0.414850651976942
K301,2023,6,ALTO PARANÁ,PROD.PENF,2309.46754939145
K301,2023,6,ALTO PARANÁ,TOTAL PENEF,50946.4526769344
K302,2023,6,ALTO PARANÁ,ACCID.DEP,9.0
K302,2023,6,ALTO PARANÁ,PROG.DEP,0.169363736427997
K302,2023,6,ALTO PARANÁ,PROD.DEP,1074.06135147851
K302,2023,6,ALTO PARANÁ,TOTAL DEP,55886.8389914505
K302,2023,6,ALTO PARANÁ,ACCID.FEP,1.0
K302,2023,6,ALTO PARANÁ,PROG.FEP,0.495811557102521
K302,2023,6,ALTO PARANÁ,PROD.FEP,2303.53499005141
K302,2023,6,ALTO PARANÁ,TOTAL FEP,65698.4637216249
K302,2023,6,ALTO PARANÁ,ACCID.PENF,6.0
K302,2023,6,ALTO PARANÁ,PROG.PENF,0.807073498877983
K302,2023,6,ALTO PARANÁ,PROD.PENF,3793.06213463958
K302,2023,6,ALTO PARANÁ,TOTAL PENEF,53157.8787016593
K303,2023,6,ALTO PARANÁ,ACCID.DEP,3.0
K303,2023,6,ALTO PARANÁ,PROG.DEP,0.667470009147794
K303,2023,6,ALTO PARANÁ,PROD.DEP,1893.65805425303
K159,2023,6,ALTO PARANÁ,ACCID.PENF,3.0
K303,2023,6,ALTO PARANÁ,ACCID.FEP,6.0
K303,2023,6,ALTO PARANÁ,PROG.FEP,0.213499907913033
K303,2023,6,ALTO PARANÁ,PROD.FEP,1834.72046309736
K303,2023,6,ALTO PARANÁ,TOTAL FEP,51220.107327491
K303,2023,6,ALTO PARANÁ,ACCID.PENF,8.0
K303,2023,6,ALTO PARANÁ,PROG.PENF,0.211517862138545
K303,2023,6,ALTO PARANÁ,PROD.PENF,2320.30371604246
K303,2023,6,ALTO PARANÁ,TOTAL PENEF,67898.3132435934
K304,2023,6,ALTO PARANÁ,ACCID.DEP,5.0
K304,2023,6,ALTO PARANÁ,PROG.DEP,0.417995216096365
K304,2023,6,ALTO PARANÁ,PROD.DEP,4529.04425569462
K304,2023,6,ALTO PARANÁ,TOTAL DEP,57824.9427629976
K304,2023,6,ALTO PARANÁ,ACCID.FEP,8.0
K304,2023,6,ALTO PARANÁ,PROG.FEP,0.722031528135769
K304,2023,6,ALTO PARANÁ,PROD.FEP,3958.80834463193
K304,2023,6,ALTO PARANÁ,TOTAL FEP,65718.3641615121
K304,2023,6,ALTO PARANÁ,ACCID.PENF,5.0
K304,2023,6,ALTO PARANÁ,PROG.PENF,0.633312607048123
K304,2023,6,ALTO PARANÁ,PROD.PENF,2926.94113739867
K304,2023,6,ALTO PARANÁ,TOTAL PENEF,53133.0007778846
K305,2023,6,ALTO PARANÁ,ACCID.DEP,4.0
K305,2023,6,ALTO PARANÁ,PROG.DEP,0.944256469291862
K305,2023,6,ALTO PARANÁ,PROD.DEP,1659.29967332468
K305,2023,6,ALTO PARANÁ,TOTAL DEP,67033.58650276
K305,2023,6,ALTO PARANÁ,ACCID.FEP,2.0
K305,2023,6,ALTO PARANÁ,PROG.FEP,0.59028314262239
K305,2023,6,ALTO PARANÁ,PROD.FEP,2689.69234155634
K305,2023,6,ALTO PARANÁ,TOTAL FEP,56310.7841421836
K305,2023,6,ALTO PARANÁ,ACCID.PENF,1.0
K305,2023,6,ALTO PARANÁ,PROG.PENF,0.39365555343631
K305,2023,6,ALTO PARANÁ,PROD.PENF,2361.65291930831
K305,2023,6,ALTO PARANÁ,TOTAL PENEF,53272.3407191506
K306,2023,6,ALTO PARANÁ,ACCID.DEP,5.0
K306,2023,6,ALTO PARANÁ,PROG.DEP,0.969107421922748
K306,2023,6,ALTO PARANÁ,PROD.DEP,1115.2612640966
K306,2023,6,ALTO PARANÁ,TOTAL DEP,65974.104964462
K157,2023,6,ALTO PARANÁ,TOTAL DEP,59399.6636874804
K157,2023,6,ALTO PARANÁ,PROG.DEP,0.495457361974058
K303,2023,6,ALTO PARANÁ,TOTAL DEP,63993.8848763881
K306,2023,6,ALTO PARANÁ,ACCID.FEP,0.0
K306,2023,6,ALTO PARANÁ,PROG.FEP,0.124221812433648
K306,2023,6,ALTO PARANÁ,PROG.PENF,0.550616112004957
K306,2023,6,ALTO PARANÁ,PROD.PENF,3729.1804112446
K306,2023,6,ALTO PARANÁ,TOTAL PENEF,54734.4877023656
K307,2023,6,ALTO PARANÁ,ACCID.DEP,2.0
K307,2023,6,ALTO PARANÁ,PROG.DEP,0.537737589335664
K307,2023,6,ALTO PARANÁ,PROD.DEP,3618.62306200649
K307,2023,6,ALTO PARANÁ,TOTAL DEP,69223.8478084722
K306,2023,6,ALTO PARANÁ,PROD.FEP,3401.85298061204
K307,2023,6,ALTO PARANÁ,PROG.FEP,0.732910546317545
K307,2023,6,ALTO PARANÁ,PROD.FEP,4981.10429100534
K307,2023,6,ALTO PARANÁ,TOTAL FEP,55622.6713625198
K307,2023,6,ALTO PARANÁ,ACCID.PENF,6.0
K307,2023,6,ALTO PARANÁ,PROG.PENF,0.753532283655961
K307,2023,6,ALTO PARANÁ,PROD.PENF,4136.47028577139
K307,2023,6,ALTO PARANÁ,TOTAL PENEF,53157.1968757841
K308,2023,6,ALTO PARANÁ,ACCID.DEP,5.0
K308,2023,6,ALTO PARANÁ,PROG.DEP,0.178800692716706
K308,2023,6,ALTO PARANÁ,PROD.DEP,4725.50843421002
K308,2023,6,ALTO PARANÁ,TOTAL DEP,61247.5764005238
K308,2023,6,ALTO PARANÁ,ACCID.FEP,5.0
K308,2023,6,ALTO PARANÁ,PROG.FEP,0.973428961805048
K308,2023,6,ALTO PARANÁ,PROD.FEP,2842.28706985309
K308,2023,6,ALTO PARANÁ,TOTAL FEP,64603.7631431303
K308,2023,6,ALTO PARANÁ,ACCID.PENF,4.0
K308,2023,6,ALTO PARANÁ,PROG.PENF,0.36430247345034
K308,2023,6,ALTO PARANÁ,PROD.PENF,3255.69996275247
K308,2023,6,ALTO PARANÁ,TOTAL PENEF,67044.6729786309
MCE1,2023,6,ALTO PARANÁ,ACCID.DEP,1.0
MCE1,2023,6,ALTO PARANÁ,PROG.DEP,0.784564889939142
MCE1,2023,6,ALTO PARANÁ,PROD.DEP,2843.33256575805
MCE1,2023,6,ALTO PARANÁ,TOTAL DEP,64173.5172473552
MCE1,2023,6,ALTO PARANÁ,ACCID.FEP,2.0
MCE1,2023,6,ALTO PARANÁ,PROG.FEP,0.13598918386874
MCE1,2023,6,ALTO PARANÁ,PROD.FEP,4308.02483761435
MCE1,2023,6,ALTO PARANÁ,TOTAL FEP,62640.6943078974
MCE1,2023,6,ALTO PARANÁ,ACCID.PENF,7.0
MCE1,2023,6,ALTO PARANÁ,PROG.PENF,0.696494929041158
MCE1,2023,6,ALTO PARANÁ,PROD.PENF,2432.96685483888
MCE1,2023,6,ALTO PARANÁ,TOTAL PENEF,63233.9772161396
MCE2,2023,6,ALTO PARANÁ,ACCID.DEP,7.0
MCE2,2023,6,ALTO PARANÁ,PROG.DEP,0.867046952407693
MCE2,2023,6,ALTO PARANÁ,PROD.DEP,2597.42166130446
MCE2,2023,6,ALTO PARANÁ,TOTAL DEP,64763.6389818103
MCE2,2023,6,ALTO PARANÁ,ACCID.FEP,7.0
MCE2,2023,6,ALTO PARANÁ,PROG.FEP,0.823628523748109
MCE2,2023,6,ALTO PARANÁ,PROD.FEP,2006.19092177979
MCE2,2023,6,ALTO PARANÁ,TOTAL FEP,67342.5729600435
MCE2,2023,6,ALTO PARANÁ,ACCID.PENF,9.0
MCE2,2023,6,ALTO PARANÁ,PROG.PENF,0.144802025173963
MCE2,2023,6,ALTO PARANÁ,PROD.PENF,2320.28755093964
MCE2,2023,6,ALTO PARANÁ,TOTAL PENEF,68983.3561539649
MCE3,2023,6,ALTO PARANÁ,ACCID.DEP,2.0
MCE3,2023,6,ALTO PARANÁ,PROG.DEP,0.506386290509097
MCE3,2023,6,ALTO PARANÁ,PROD.DEP,4793.04063998476
MCE3,2023,6,ALTO PARANÁ,TOTAL DEP,53314.7589415793
MCE3,2023,6,ALTO PARANÁ,ACCID.FEP,6.0
MCE3,2023,6,ALTO PARANÁ,PROG.FEP,0.822651295201469
MCE3,2023,6,ALTO PARANÁ,PROD.FEP,1266.12208840817
MCE3,2023,6,ALTO PARANÁ,TOTAL FEP,62940.5271368914
MCE3,2023,6,ALTO PARANÁ,ACCID.PENF,3.0
MCE3,2023,6,ALTO PARANÁ,PROG.PENF,0.941320364869288
MCE3,2023,6,ALTO PARANÁ,PROD.PENF,1268.82772954532
MCE3,2023,6,ALTO PARANÁ,TOTAL PENEF,51799.0324784483
MCE4,2023,6,ALTO PARANÁ,ACCID.DEP,7.0
MCE4,2023,6,ALTO PARANÁ,PROG.DEP,0.297973088480017
MCE4,2023,6,ALTO PARANÁ,PROD.DEP,3263.4431924037
MCE4,2023,6,ALTO PARANÁ,TOTAL DEP,51573.1709887436
MCE4,2023,6,ALTO PARANÁ,ACCID.FEP,0.0
MCE4,2023,6,ALTO PARANÁ,PROG.FEP,0.150966597402199
MCE4,2023,6,ALTO PARANÁ,PROD.FEP,2119.97380450261
MCE4,2023,6,ALTO PARANÁ,TOTAL FEP,62039.7134477935
MCE4,2023,6,ALTO PARANÁ,ACCID.PENF,0.0
MCE4,2023,6,ALTO PARANÁ,PROG.PENF,0.290984833447008
MCE4,2023,6,ALTO PARANÁ,PROD.PENF,2104.14479598281
MCE4,2023,6,ALTO PARANÁ,TOTAL PENEF,58139.5548347449
MCE5,2023,6,ALTO PARANÁ,ACCID.DEP,3.0
MCE5,2023,6,ALTO PARANÁ,PROG.DEP,0.264468779563282
MCE5,2023,6,ALTO PARANÁ,PROD.DEP,1922.80695029394
MCE5,2023,6,ALTO PARANÁ,TOTAL DEP,57656.8257042863
MCE5,2023,6,ALTO PARANÁ,ACCID.FEP,1.0
MCE5,2023,6,ALTO PARANÁ,PROG.FEP,0.471567072121812
MCE5,2023,6,ALTO PARANÁ,PROD.FEP,3807.37111333333
MCE5,2023,6,ALTO PARANÁ,TOTAL FEP,65188.946951532
MCE5,2023,6,ALTO PARANÁ,ACCID.PENF,6.0
MCE5,2023,6,ALTO PARANÁ,PROG.PENF,0.427810808440464
MCE5,2023,6,ALTO PARANÁ,PROD.PENF,3825.19210645069
MCE5,2023,6,ALTO PARANÁ,TOTAL PENEF,56926.1495893593
MCE6,2023,6,ALTO PARANÁ,ACCID.DEP,5.0
MCE6,2023,6,ALTO PARANÁ,PROG.DEP,0.643901490015039
MCE6,2023,6,ALTO PARANÁ,PROD.DEP,4353.79355509749
MCE6,2023,6,ALTO PARANÁ,TOTAL DEP,65893.0862648205
MCE6,2023,6,ALTO PARANÁ,ACCID.FEP,1.0
MCE6,2023,6,ALTO PARANÁ,PROG.FEP,0.790163080236088
MCE6,2023,6,ALTO PARANÁ,PROD.FEP,1964.61859422508
MCE6,2023,6,ALTO PARANÁ,TOTAL FEP,61612.7453491464
K306,2023,6,ALTO PARANÁ,TOTAL FEP,52808.6103025997
K306,2023,6,ALTO PARANÁ,ACCID.PENF,5.0
K307,2023,6,ALTO PARANÁ,ACCID.FEP,9.0
MCE6,2023,6,ALTO PARANÁ,ACCID.PENF,5.0
MCE6,2023,6,ALTO PARANÁ,PROD.PENF,3272.87527814433
MCE7,2023,6,ALTO PARANÁ,PROG.DEP,0.802417521555884
MCE7,2023,6,ALTO PARANÁ,TOTAL DEP,66181.0746196983
MCE7,2023,6,ALTO PARANÁ,PROD.DEP,1529.99456454713
MCE7,2023,6,ALTO PARANÁ,ACCID.FEP,1.0
MCE7,2023,6,ALTO PARANÁ,PROG.FEP,0.79251533520501
MCE7,2023,6,ALTO PARANÁ,PROD.FEP,3194.17258387565
MCE7,2023,6,ALTO PARANÁ,TOTAL FEP,60217.6518214095
MCE7,2023,6,ALTO PARANÁ,ACCID.PENF,8.0
MCE7,2023,6,ALTO PARANÁ,PROG.PENF,0.592448515068827
MCE7,2023,6,ALTO PARANÁ,PROD.PENF,2874.07309386839
MCE7,2023,6,ALTO PARANÁ,TOTAL PENEF,57720.8175620852
MPO1,2023,6,ALTO PARANÁ,ACCID.DEP,8.0
MPO1,2023,6,ALTO PARANÁ,PROG.DEP,0.953887295954903
MPO1,2023,6,ALTO PARANÁ,PROD.DEP,4543.5943348361
MPO1,2023,6,ALTO PARANÁ,TOTAL DEP,60990.5853543717
MPO1,2023,6,ALTO PARANÁ,ACCID.FEP,3.0
MPO1,2023,6,ALTO PARANÁ,PROG.FEP,0.341170458762902
MPO1,2023,6,ALTO PARANÁ,PROD.FEP,3627.33494686122
MPO1,2023,6,ALTO PARANÁ,TOTAL FEP,57192.4130682352
MPO1,2023,6,ALTO PARANÁ,ACCID.PENF,4.0
MPO1,2023,6,ALTO PARANÁ,PROG.PENF,0.761474325862633
MPO1,2023,6,ALTO PARANÁ,PROD.PENF,1439.33669553796
MPO1,2023,6,ALTO PARANÁ,TOTAL PENEF,61337.2163581009
MPO2,2023,6,CANINDEYU,ACCID.DEP,7.0
MPO2,2023,6,CANINDEYU,PROG.DEP,0.434774234585024
MPO2,2023,6,CANINDEYU,PROD.DEP,2939.39109777247
MPO2,2023,6,CANINDEYU,TOTAL DEP,52691.8625955245
MPO2,2023,6,CANINDEYU,ACCID.FEP,3.0
MPO2,2023,6,CANINDEYU,PROG.FEP,0.56726986000636
MPO2,2023,6,CANINDEYU,PROD.FEP,3627.39433581612
MPO2,2023,6,CANINDEYU,TOTAL FEP,67941.7557400727
MPO2,2023,6,CANINDEYU,ACCID.PENF,7.0
MPO2,2023,6,CANINDEYU,PROG.PENF,0.168889030435556
MPO2,2023,6,CANINDEYU,PROD.PENF,2708.92704587739
MPO2,2023,6,CANINDEYU,TOTAL PENEF,50512.3674151225
MPO3,2023,6,ALTO PARANÁ,ACCID.DEP,6.0
MPO3,2023,6,ALTO PARANÁ,PROG.DEP,0.274925896390886
MPO3,2023,6,ALTO PARANÁ,PROD.DEP,1910.99439940461
MPO3,2023,6,ALTO PARANÁ,TOTAL DEP,69685.1963575138
MPO3,2023,6,ALTO PARANÁ,ACCID.FEP,7.0
MPO3,2023,6,ALTO PARANÁ,PROG.FEP,0.935840990122096
MPO3,2023,6,ALTO PARANÁ,PROD.FEP,3956.28495806923
MPO3,2023,6,ALTO PARANÁ,TOTAL FEP,62653.2887017565
MPO3,2023,6,ALTO PARANÁ,ACCID.PENF,0.0
MPO3,2023,6,ALTO PARANÁ,PROG.PENF,0.918382876970981
MPO3,2023,6,ALTO PARANÁ,PROD.PENF,2864.61618616221
MPO3,2023,6,ALTO PARANÁ,TOTAL PENEF,63028.7438011811
NAR2,2023,6,ALTO PARANÁ,ACCID.DEP,0.0
NAR2,2023,6,ALTO PARANÁ,PROG.DEP,0.275750941806496
NAR2,2023,6,ALTO PARANÁ,PROD.DEP,2120.35244821436
NAR2,2023,6,ALTO PARANÁ,TOTAL DEP,63905.6152822652
NAR2,2023,6,ALTO PARANÁ,ACCID.FEP,6.0
NAR2,2023,6,ALTO PARANÁ,PROG.FEP,0.715476043775538
NAR2,2023,6,ALTO PARANÁ,PROD.FEP,3293.38867790541
NAR2,2023,6,ALTO PARANÁ,TOTAL FEP,62349.9647133297
NAR2,2023,6,ALTO PARANÁ,ACCID.PENF,8.0
NAR2,2023,6,ALTO PARANÁ,PROG.PENF,0.128132863208142
NAR2,2023,6,ALTO PARANÁ,PROD.PENF,1067.30547549349
NAR2,2023,6,ALTO PARANÁ,TOTAL PENEF,60415.0594129985
NAR4,2023,6,ALTO PARANÁ,ACCID.DEP,2.0
NAR4,2023,6,ALTO PARANÁ,PROG.DEP,0.31105347742667
NAR4,2023,6,ALTO PARANÁ,TOTAL DEP,54742.0722715396
NAR4,2023,6,ALTO PARANÁ,PROD.DEP,1420.61953678641
NAR4,2023,6,ALTO PARANÁ,ACCID.FEP,0.0
NAR4,2023,6,ALTO PARANÁ,PROG.FEP,0.777893225265571
NAR4,2023,6,ALTO PARANÁ,PROD.FEP,4935.94274192273
NAR4,2023,6,ALTO PARANÁ,TOTAL FEP,62731.0624137285
NAR4,2023,6,ALTO PARANÁ,ACCID.PENF,1.0
NAR4,2023,6,ALTO PARANÁ,PROG.PENF,0.918494259001056
NAR4,2023,6,ALTO PARANÁ,PROD.PENF,1434.68944636827
NAR4,2023,6,ALTO PARANÁ,TOTAL PENEF,68493.9053629092
NAR5,2023,6,ALTO PARANÁ,ACCID.DEP,9.0
NAR5,2023,6,ALTO PARANÁ,PROG.DEP,0.533717326012127
NAR5,2023,6,ALTO PARANÁ,PROD.DEP,1209.54256381012
NAR5,2023,6,ALTO PARANÁ,TOTAL DEP,56006.1293360071
NAR5,2023,6,ALTO PARANÁ,ACCID.FEP,1.0
NAR5,2023,6,ALTO PARANÁ,PROG.FEP,0.808630460658225
NAR5,2023,6,ALTO PARANÁ,PROD.FEP,1156.96041701443
NAR5,2023,6,ALTO PARANÁ,TOTAL FEP,63099.3661677041
NAR5,2023,6,ALTO PARANÁ,ACCID.PENF,4.0
NAR5,2023,6,ALTO PARANÁ,PROG.PENF,0.847207439907646
NAR5,2023,6,ALTO PARANÁ,PROD.PENF,4275.17671985754
NAR5,2023,6,ALTO PARANÁ,TOTAL PENEF,55896.4879663877
NAR6,2023,6,ALTO PARANÁ,ACCID.DEP,9.0
NAR6,2023,6,ALTO PARANÁ,PROG.DEP,0.784073428033492
NAR6,2023,6,ALTO PARANÁ,PROD.DEP,3047.94344864756
NAR6,2023,6,ALTO PARANÁ,TOTAL DEP,54740.4873106537
NAR6,2023,6,ALTO PARANÁ,ACCID.FEP,2.0
NAR6,2023,6,ALTO PARANÁ,PROG.FEP,0.307629076432734
NAR6,2023,6,ALTO PARANÁ,PROD.FEP,2267.94823337609
NAR6,2023,6,ALTO PARANÁ,TOTAL FEP,56006.3794887002
NAR6,2023,6,ALTO PARANÁ,ACCID.PENF,5.0
NAR6,2023,6,ALTO PARANÁ,PROG.PENF,0.114221808587687
NAR6,2023,6,ALTO PARANÁ,PROD.PENF,1012.45859490375
NAR6,2023,6,ALTO PARANÁ,TOTAL PENEF,57595.2801667043
MCE6,2023,6,ALTO PARANÁ,PROG.PENF,0.383576139634777
MCE6,2023,6,ALTO PARANÁ,TOTAL PENEF,54452.0426674433
MCE7,2023,6,ALTO PARANÁ,ACCID.DEP,1.0
NAR8,2023,6,ALTO PARANÁ,ACCID.DEP,6.0
NAR8,2023,6,ALTO PARANÁ,ACCID.FEP,9.0
NAR8,2023,6,ALTO PARANÁ,PROG.FEP,0.110394767504651
NAR8,2023,6,ALTO PARANÁ,PROD.FEP,4369.15408293444
NAR8,2023,6,ALTO PARANÁ,TOTAL FEP,60284.6477209698
NAR8,2023,6,ALTO PARANÁ,ACCID.PENF,5.0
NAR8,2023,6,ALTO PARANÁ,PROG.PENF,0.603647034311517
NAR8,2023,6,ALTO PARANÁ,PROD.PENF,4676.39824957383
NAR8,2023,6,ALTO PARANÁ,TOTAL PENEF,58292.3151382464
PBU1,2023,6,ALTO PARANÁ,ACCID.DEP,1.0
PBU1,2023,6,ALTO PARANÁ,PROG.DEP,0.223297868336481
PBU1,2023,6,ALTO PARANÁ,PROD.DEP,3774.58844866116
PBU1,2023,6,ALTO PARANÁ,TOTAL DEP,66252.4467942717
PBU1,2023,6,ALTO PARANÁ,ACCID.FEP,1.0
PBU1,2023,6,ALTO PARANÁ,PROG.FEP,0.519103713132758
PBU1,2023,6,ALTO PARANÁ,PROD.FEP,4215.67614041041
PBU1,2023,6,ALTO PARANÁ,TOTAL FEP,63840.6563906343
PBU1,2023,6,ALTO PARANÁ,ACCID.PENF,3.0
PBU1,2023,6,ALTO PARANÁ,PROG.PENF,0.919718291546788
PBU1,2023,6,ALTO PARANÁ,TOTAL PENEF,69278.441611509
PBU1,2023,6,ALTO PARANÁ,PROD.PENF,3066.5133514578
PBU2,2023,6,ALTO PARANÁ,ACCID.DEP,0.0
PBU2,2023,6,ALTO PARANÁ,PROG.DEP,0.389483605333329
PBU2,2023,6,ALTO PARANÁ,PROD.DEP,1561.61469992345
PBU2,2023,6,ALTO PARANÁ,TOTAL DEP,64580.4090335102
PBU2,2023,6,ALTO PARANÁ,ACCID.FEP,0.0
PBU2,2023,6,ALTO PARANÁ,PROG.FEP,0.69792040636096
PBU2,2023,6,ALTO PARANÁ,PROD.FEP,4379.28175792229
PBU2,2023,6,ALTO PARANÁ,TOTAL FEP,56636.0214971714
PBU2,2023,6,ALTO PARANÁ,ACCID.PENF,0.0
PBU2,2023,6,ALTO PARANÁ,PROG.PENF,0.327482557449361
PBU2,2023,6,ALTO PARANÁ,PROD.PENF,1860.91637453773
PBU2,2023,6,ALTO PARANÁ,TOTAL PENEF,53658.3551158423
PBU3,2023,6,ALTO PARANÁ,ACCID.DEP,1.0
PBU3,2023,6,ALTO PARANÁ,PROG.DEP,0.776479180065665
PBU3,2023,6,ALTO PARANÁ,PROD.DEP,1238.47667230881
PBU3,2023,6,ALTO PARANÁ,TOTAL DEP,64323.278595635
PBU3,2023,6,ALTO PARANÁ,ACCID.FEP,7.0
PBU3,2023,6,ALTO PARANÁ,PROG.FEP,0.429784263872681
PBU3,2023,6,ALTO PARANÁ,PROD.FEP,3135.24156723512
PBU3,2023,6,ALTO PARANÁ,TOTAL FEP,61300.7170503167
PBU3,2023,6,ALTO PARANÁ,ACCID.PENF,9.0
PBU3,2023,6,ALTO PARANÁ,PROG.PENF,0.891041869947
PBU3,2023,6,ALTO PARANÁ,PROD.PENF,1280.80326271703
PBU3,2023,6,ALTO PARANÁ,TOTAL PENEF,66873.6485299697
PBU4,2023,6,ALTO PARANÁ,ACCID.DEP,5.0
PBU4,2023,6,ALTO PARANÁ,PROG.DEP,0.366091237799874
PBU4,2023,6,ALTO PARANÁ,PROD.DEP,3869.46319205742
PBU4,2023,6,ALTO PARANÁ,TOTAL DEP,63675.6499400241
PBU4,2023,6,ALTO PARANÁ,ACCID.FEP,1.0
PBU4,2023,6,ALTO PARANÁ,PROG.FEP,0.847375689078733
PBU4,2023,6,ALTO PARANÁ,PROD.FEP,2832.02626339141
PBU4,2023,6,ALTO PARANÁ,TOTAL FEP,54046.1506172111
PBU4,2023,6,ALTO PARANÁ,ACCID.PENF,9.0
PBU4,2023,6,ALTO PARANÁ,PROG.PENF,0.307817012656097
PBU4,2023,6,ALTO PARANÁ,PROD.PENF,1178.49817041706
PBU4,2023,6,ALTO PARANÁ,TOTAL PENEF,53728.3971885848
PBU5,2023,6,ALTO PARANÁ,ACCID.DEP,0.0
PBU5,2023,6,ALTO PARANÁ,PROG.DEP,0.838738503134215
PBU5,2023,6,ALTO PARANÁ,PROD.DEP,1121.73783786579
PBU5,2023,6,ALTO PARANÁ,TOTAL DEP,58036.9775295636
PBU5,2023,6,ALTO PARANÁ,ACCID.FEP,9.0
PBU5,2023,6,ALTO PARANÁ,PROG.FEP,0.860855825242278
PBU5,2023,6,ALTO PARANÁ,PROD.FEP,3165.34359546469
PBU5,2023,6,ALTO PARANÁ,TOTAL FEP,66232.3155740543
PBU5,2023,6,ALTO PARANÁ,ACCID.PENF,8.0
PBU5,2023,6,ALTO PARANÁ,PROG.PENF,0.536782110156431
PBU5,2023,6,ALTO PARANÁ,PROD.PENF,2242.213171117
PBU5,2023,6,ALTO PARANÁ,TOTAL PENEF,62496.0811652527
PFO1,2023,6,ALTO PARANÁ,ACCID.DEP,2.0
PFO1,2023,6,ALTO PARANÁ,PROG.DEP,0.205853564318241
PFO1,2023,6,ALTO PARANÁ,PROD.DEP,4056.39500696286
PFO1,2023,6,ALTO PARANÁ,TOTAL DEP,66293.7713883361
NAR8,2023,6,ALTO PARANÁ,PROD.DEP,1470.09661236775
PFO1,2023,6,ALTO PARANÁ,PROG.FEP,0.184687191762482
PFO1,2023,6,ALTO PARANÁ,PROD.FEP,3123.91639115662
PFO1,2023,6,ALTO PARANÁ,TOTAL FEP,51848.9516556449
PFO1,2023,6,ALTO PARANÁ,ACCID.PENF,6.0
PFO1,2023,6,ALTO PARANÁ,PROG.PENF,0.8010160846638
PFO1,2023,6,ALTO PARANÁ,PROD.PENF,3553.00749988649
PFO1,2023,6,ALTO PARANÁ,TOTAL PENEF,53216.2649665105
PFO10,2023,6,ALTO PARANÁ,ACCID.DEP,1.0
PFO10,2023,6,ALTO PARANÁ,PROG.DEP,0.570690295753032
PFO10,2023,6,ALTO PARANÁ,PROD.DEP,1227.1393221535
PFO10,2023,6,ALTO PARANÁ,TOTAL DEP,62513.6784769523
PFO10,2023,6,ALTO PARANÁ,ACCID.FEP,8.0
PFO10,2023,6,ALTO PARANÁ,PROG.FEP,0.666772095347955
PFO10,2023,6,ALTO PARANÁ,PROD.FEP,4165.96065878645
PFO10,2023,6,ALTO PARANÁ,TOTAL FEP,65549.0462173163
PFO10,2023,6,ALTO PARANÁ,ACCID.PENF,6.0
PFO10,2023,6,ALTO PARANÁ,PROG.PENF,0.792492369538213
PFO10,2023,6,ALTO PARANÁ,PROD.PENF,4283.0470323468
PFO10,2023,6,ALTO PARANÁ,TOTAL PENEF,66439.0224643229
PFO11,2023,6,ALTO PARANÁ,ACCID.DEP,7.0
PFO11,2023,6,ALTO PARANÁ,PROG.DEP,0.554283659680734
PFO11,2023,6,ALTO PARANÁ,PROD.DEP,2044.46413101882
PFO11,2023,6,ALTO PARANÁ,TOTAL DEP,59634.2175523176
NAR8,2023,6,ALTO PARANÁ,TOTAL DEP,67433.8815238543
NAR8,2023,6,ALTO PARANÁ,PROG.DEP,0.52864037502746
PFO1,2023,6,ALTO PARANÁ,ACCID.FEP,1.0
PFO11,2023,6,ALTO PARANÁ,ACCID.FEP,5.0
PFO11,2023,6,ALTO PARANÁ,ACCID.PENF,2.0
PFO11,2023,6,ALTO PARANÁ,PROG.PENF,0.858896004509276
PFO11,2023,6,ALTO PARANÁ,PROD.PENF,3728.95827661208
PFO11,2023,6,ALTO PARANÁ,TOTAL PENEF,53445.4711282337
PFO12,2023,6,ALTO PARANÁ,ACCID.DEP,1.0
PFO12,2023,6,ALTO PARANÁ,PROG.DEP,0.641273594948285
PFO12,2023,6,ALTO PARANÁ,PROD.DEP,1565.04802502147
PFO12,2023,6,ALTO PARANÁ,TOTAL DEP,55174.9515522876
PFO12,2023,6,ALTO PARANÁ,ACCID.FEP,3.0
PFO12,2023,6,ALTO PARANÁ,PROG.FEP,0.897613190694939
PFO12,2023,6,ALTO PARANÁ,PROD.FEP,2850.47099113436
PFO12,2023,6,ALTO PARANÁ,TOTAL FEP,54940.6353728872
PFO11,2023,6,ALTO PARANÁ,PROD.FEP,4846.33719822987
PFO12,2023,6,ALTO PARANÁ,PROG.PENF,0.32839476880085
PFO12,2023,6,ALTO PARANÁ,PROD.PENF,1220.30817115263
PFO12,2023,6,ALTO PARANÁ,TOTAL PENEF,61662.9501772588
PFO14,2023,6,ALTO PARANÁ,ACCID.DEP,3.0
PFO14,2023,6,ALTO PARANÁ,PROG.DEP,0.839194501688228
PFO14,2023,6,ALTO PARANÁ,PROD.DEP,2839.49232028213
PFO14,2023,6,ALTO PARANÁ,TOTAL DEP,60004.9117944204
PFO14,2023,6,ALTO PARANÁ,ACCID.FEP,9.0
PFO14,2023,6,ALTO PARANÁ,PROG.FEP,0.730420706815217
PFO14,2023,6,ALTO PARANÁ,PROD.FEP,4910.5404121788
PFO14,2023,6,ALTO PARANÁ,TOTAL FEP,64397.4803515476
PFO14,2023,6,ALTO PARANÁ,ACCID.PENF,2.0
PFO14,2023,6,ALTO PARANÁ,PROG.PENF,0.987881244923785
PFO14,2023,6,ALTO PARANÁ,PROD.PENF,2805.12466984446
PFO14,2023,6,ALTO PARANÁ,TOTAL PENEF,65642.0523602362
PFO15,2023,6,ALTO PARANÁ,ACCID.DEP,2.0
PFO15,2023,6,ALTO PARANÁ,PROG.DEP,0.753318021316792
PFO15,2023,6,ALTO PARANÁ,PROD.DEP,4285.03720038221
PFO15,2023,6,ALTO PARANÁ,TOTAL DEP,67239.9052646488
PFO15,2023,6,ALTO PARANÁ,ACCID.FEP,8.0
PFO15,2023,6,ALTO PARANÁ,PROD.FEP,3665.05606329831
PFO15,2023,6,ALTO PARANÁ,PROG.FEP,0.26902007645147
PFO15,2023,6,ALTO PARANÁ,TOTAL FEP,59633.4383059538
PFO15,2023,6,ALTO PARANÁ,ACCID.PENF,7.0
PFO15,2023,6,ALTO PARANÁ,PROG.PENF,0.728353111853398
PFO15,2023,6,ALTO PARANÁ,PROD.PENF,1116.97483313424
PFO15,2023,6,ALTO PARANÁ,TOTAL PENEF,53365.3154860416
PFO16,2023,6,ALTO PARANÁ,ACCID.DEP,0.0
PFO16,2023,6,ALTO PARANÁ,PROG.DEP,0.314552260360713
PFO16,2023,6,ALTO PARANÁ,PROD.DEP,3937.67813825013
PFO16,2023,6,ALTO PARANÁ,TOTAL DEP,50371.4669287971
PFO16,2023,6,ALTO PARANÁ,ACCID.FEP,5.0
PFO16,2023,6,ALTO PARANÁ,PROG.FEP,0.952921276043417
PFO16,2023,6,ALTO PARANÁ,PROD.FEP,3042.18291394908
PFO16,2023,6,ALTO PARANÁ,TOTAL FEP,68926.0137305314
PFO16,2023,6,ALTO PARANÁ,ACCID.PENF,2.0
PFO16,2023,6,ALTO PARANÁ,PROG.PENF,0.828914229002073
PFO16,2023,6,ALTO PARANÁ,PROD.PENF,2906.19683813816
PFO16,2023,6,ALTO PARANÁ,TOTAL PENEF,57140.5409071507
PFO17,2023,6,ALTO PARANÁ,ACCID.DEP,3.0
PFO17,2023,6,ALTO PARANÁ,PROG.DEP,0.614773793714842
PFO17,2023,6,ALTO PARANÁ,PROD.DEP,2076.05247896804
PFO17,2023,6,ALTO PARANÁ,TOTAL DEP,51671.6426968715
PFO17,2023,6,ALTO PARANÁ,ACCID.FEP,5.0
PFO17,2023,6,ALTO PARANÁ,PROG.FEP,0.165145768036675
PFO17,2023,6,ALTO PARANÁ,PROD.FEP,2654.77940033962
PFO17,2023,6,ALTO PARANÁ,TOTAL FEP,50557.2330603149
PFO17,2023,6,ALTO PARANÁ,ACCID.PENF,1.0
PFO17,2023,6,ALTO PARANÁ,PROG.PENF,0.588998093297988
PFO17,2023,6,ALTO PARANÁ,PROD.PENF,3268.70823883376
PFO17,2023,6,ALTO PARANÁ,TOTAL PENEF,58154.2740993116
PFO2,2023,6,ALTO PARANÁ,ACCID.DEP,8.0
PFO2,2023,6,ALTO PARANÁ,PROG.DEP,0.975780651472106
PFO2,2023,6,ALTO PARANÁ,PROD.DEP,4234.33728848854
PFO2,2023,6,ALTO PARANÁ,TOTAL DEP,55997.6470018606
PFO2,2023,6,ALTO PARANÁ,ACCID.FEP,9.0
PFO2,2023,6,ALTO PARANÁ,PROG.FEP,0.487746335865916
PFO2,2023,6,ALTO PARANÁ,PROD.FEP,1421.32788398776
PFO2,2023,6,ALTO PARANÁ,TOTAL FEP,56036.2845099852
PFO2,2023,6,ALTO PARANÁ,ACCID.PENF,6.0
PFO2,2023,6,ALTO PARANÁ,PROG.PENF,0.283029636292944
PFO2,2023,6,ALTO PARANÁ,PROD.PENF,3032.25568719573
PFO2,2023,6,ALTO PARANÁ,TOTAL PENEF,52109.3670732841
PFO3,2023,6,ALTO PARANÁ,ACCID.DEP,8.0
PFO3,2023,6,ALTO PARANÁ,PROG.DEP,0.161175270741805
PFO3,2023,6,ALTO PARANÁ,PROD.DEP,3993.90339224591
PFO3,2023,6,ALTO PARANÁ,TOTAL DEP,55766.3104609636
PFO3,2023,6,ALTO PARANÁ,ACCID.FEP,0.0
PFO3,2023,6,ALTO PARANÁ,PROG.FEP,0.298970064122816
PFO3,2023,6,ALTO PARANÁ,PROD.FEP,1456.71998943997
PFO3,2023,6,ALTO PARANÁ,TOTAL FEP,50416.3888186335
PFO3,2023,6,ALTO PARANÁ,ACCID.PENF,7.0
PFO3,2023,6,ALTO PARANÁ,PROG.PENF,0.546790758335449
PFO3,2023,6,ALTO PARANÁ,PROD.PENF,4308.69312125075
PFO3,2023,6,ALTO PARANÁ,TOTAL PENEF,67088.3952679641
PFO4,2023,6,ALTO PARANÁ,ACCID.DEP,7.0
PFO4,2023,6,ALTO PARANÁ,PROG.DEP,0.878180263154028
PFO11,2023,6,ALTO PARANÁ,PROG.FEP,0.369718469181084
PFO4,2023,6,ALTO PARANÁ,TOTAL DEP,61723.9881301233
PFO4,2023,6,ALTO PARANÁ,ACCID.FEP,7.0
PFO4,2023,6,ALTO PARANÁ,PROG.FEP,0.716227004929063
PFO4,2023,6,ALTO PARANÁ,PROD.FEP,2545.51556657013
PFO4,2023,6,ALTO PARANÁ,TOTAL FEP,69901.7990066988
PFO11,2023,6,ALTO PARANÁ,TOTAL FEP,60592.8276012094
PFO4,2023,6,ALTO PARANÁ,PROD.DEP,4139.38126296145
PFO12,2023,6,ALTO PARANÁ,ACCID.PENF,7.0
PFO4,2023,6,ALTO PARANÁ,ACCID.PENF,1.0
PFO5,2023,6,ALTO PARANÁ,ACCID.DEP,2.0
PFO5,2023,6,ALTO PARANÁ,PROG.DEP,0.443204339321912
PFO5,2023,6,ALTO PARANÁ,PROD.DEP,1187.86590062488
PFO5,2023,6,ALTO PARANÁ,TOTAL DEP,52167.9150140508
PFO5,2023,6,ALTO PARANÁ,ACCID.FEP,9.0
PFO5,2023,6,ALTO PARANÁ,PROG.FEP,0.118301558900587
PFO5,2023,6,ALTO PARANÁ,PROD.FEP,1942.0470063605
PFO5,2023,6,ALTO PARANÁ,TOTAL FEP,55421.940051904
PFO5,2023,6,ALTO PARANÁ,ACCID.PENF,4.0
PFO5,2023,6,ALTO PARANÁ,PROG.PENF,0.487580098867332
PFO5,2023,6,ALTO PARANÁ,PROD.PENF,1203.41161282144
PFO5,2023,6,ALTO PARANÁ,TOTAL PENEF,63657.023440662
PFO6,2023,6,ALTO PARANÁ,ACCID.DEP,2.0
PFO6,2023,6,ALTO PARANÁ,PROG.DEP,0.395182014692821
PFO6,2023,6,ALTO PARANÁ,PROD.DEP,3750.44481297347
PFO6,2023,6,ALTO PARANÁ,TOTAL DEP,69038.5319315899
PFO6,2023,6,ALTO PARANÁ,ACCID.FEP,6.0
PFO6,2023,6,ALTO PARANÁ,PROG.FEP,0.444746798326564
PFO6,2023,6,ALTO PARANÁ,PROD.FEP,3602.20687729117
PFO6,2023,6,ALTO PARANÁ,TOTAL FEP,57124.8045537439
PFO4,2023,6,ALTO PARANÁ,PROD.PENF,4077.44752112629
PFO6,2023,6,ALTO PARANÁ,PROG.PENF,0.254630283553993
PFO6,2023,6,ALTO PARANÁ,PROD.PENF,2603.84776008293
PFO6,2023,6,ALTO PARANÁ,TOTAL PENEF,64676.0105203741
PFO7,2023,6,ALTO PARANÁ,ACCID.DEP,7.0
PFO7,2023,6,ALTO PARANÁ,PROG.DEP,0.346321333333797
PFO7,2023,6,ALTO PARANÁ,PROD.DEP,2640.45615840272
PFO7,2023,6,ALTO PARANÁ,TOTAL DEP,67389.3640979363
PFO7,2023,6,ALTO PARANÁ,ACCID.FEP,3.0
PFO7,2023,6,ALTO PARANÁ,PROG.FEP,0.185331646261345
PFO7,2023,6,ALTO PARANÁ,PROD.FEP,1310.52701861189
PFO7,2023,6,ALTO PARANÁ,TOTAL FEP,61562.3774416453
PFO7,2023,6,ALTO PARANÁ,ACCID.PENF,1.0
PFO7,2023,6,ALTO PARANÁ,PROG.PENF,0.848654251810976
PFO7,2023,6,ALTO PARANÁ,PROD.PENF,3530.15294758802
PFO7,2023,6,ALTO PARANÁ,TOTAL PENEF,54278.3815028833
PFO8,2023,6,ALTO PARANÁ,ACCID.DEP,4.0
PFO8,2023,6,ALTO PARANÁ,PROG.DEP,0.518736402844036
PFO8,2023,6,ALTO PARANÁ,PROD.DEP,4380.96131728267
PFO8,2023,6,ALTO PARANÁ,TOTAL DEP,50020.4531776235
PFO8,2023,6,ALTO PARANÁ,ACCID.FEP,5.0
PFO8,2023,6,ALTO PARANÁ,PROG.FEP,0.323139479587935
PFO8,2023,6,ALTO PARANÁ,PROD.FEP,3613.62461447793
PFO8,2023,6,ALTO PARANÁ,TOTAL FEP,58343.9563488378
PFO8,2023,6,ALTO PARANÁ,ACCID.PENF,8.0
PFO8,2023,6,ALTO PARANÁ,PROG.PENF,0.704552431155639
PFO8,2023,6,ALTO PARANÁ,PROD.PENF,3728.1550568879
PFO8,2023,6,ALTO PARANÁ,TOTAL PENEF,53872.8218245628
PFO9,2023,6,ALTO PARANÁ,ACCID.DEP,2.0
PFO9,2023,6,ALTO PARANÁ,PROG.DEP,0.667276656036996
PFO9,2023,6,ALTO PARANÁ,PROD.DEP,4998.27642587577
PFO9,2023,6,ALTO PARANÁ,TOTAL DEP,62499.2436289079
PFO9,2023,6,ALTO PARANÁ,ACCID.FEP,9.0
PFO9,2023,6,ALTO PARANÁ,PROG.FEP,0.972115821646048
PFO9,2023,6,ALTO PARANÁ,PROD.FEP,1552.36012197613
PFO9,2023,6,ALTO PARANÁ,TOTAL FEP,69814.7920417669
PFO9,2023,6,ALTO PARANÁ,ACCID.PENF,7.0
PFO9,2023,6,ALTO PARANÁ,PROG.PENF,0.740307508093487
PFO9,2023,6,ALTO PARANÁ,PROD.PENF,1859.11906268381
PFO9,2023,6,ALTO PARANÁ,TOTAL PENEF,51820.1475714605
PIH1,2023,6,ALTO PARANÁ,ACCID.DEP,9.0
PIH1,2023,6,ALTO PARANÁ,PROG.DEP,0.754890655756274
PIH1,2023,6,ALTO PARANÁ,PROD.DEP,3729.77920313314
PIH1,2023,6,ALTO PARANÁ,TOTAL DEP,52095.8496455832
PIH1,2023,6,ALTO PARANÁ,ACCID.FEP,3.0
PIH1,2023,6,ALTO PARANÁ,PROG.FEP,0.191583847283105
PIH1,2023,6,ALTO PARANÁ,PROD.FEP,3816.48587631424
PIH1,2023,6,ALTO PARANÁ,TOTAL FEP,56145.0716936769
PIH1,2023,6,ALTO PARANÁ,ACCID.PENF,6.0
PIH1,2023,6,ALTO PARANÁ,PROG.PENF,0.8766078938547
PIH1,2023,6,ALTO PARANÁ,PROD.PENF,1305.86834878802
PIH1,2023,6,ALTO PARANÁ,TOTAL PENEF,57130.7219954929
PIH2,2023,6,ALTO PARANÁ,ACCID.DEP,9.0
PIH2,2023,6,ALTO PARANÁ,PROG.DEP,0.418485920153322
PIH2,2023,6,ALTO PARANÁ,PROD.DEP,2825.29914718286
PIH2,2023,6,ALTO PARANÁ,TOTAL DEP,64848.2956018481
PIH2,2023,6,ALTO PARANÁ,ACCID.FEP,9.0
PIH2,2023,6,ALTO PARANÁ,PROG.FEP,0.602549718273076
PIH2,2023,6,ALTO PARANÁ,PROD.FEP,4694.68953757434
PIH2,2023,6,ALTO PARANÁ,TOTAL FEP,62027.4543339099
PIH2,2023,6,ALTO PARANÁ,ACCID.PENF,5.0
PIH2,2023,6,ALTO PARANÁ,PROG.PENF,0.63712904720201
PIH2,2023,6,ALTO PARANÁ,PROD.PENF,2182.91486578673
PIH2,2023,6,ALTO PARANÁ,TOTAL PENEF,52578.8735085533
PIH3,2023,6,ALTO PARANÁ,ACCID.DEP,5.0
PIH3,2023,6,ALTO PARANÁ,PROG.DEP,0.790290460304827
PIH3,2023,6,ALTO PARANÁ,PROD.DEP,4505.6403469408
PIH3,2023,6,ALTO PARANÁ,TOTAL DEP,58666.2609401008
PIH3,2023,6,ALTO PARANÁ,ACCID.FEP,0.0
PIH3,2023,6,ALTO PARANÁ,PROG.FEP,0.474885169241886
PIH3,2023,6,ALTO PARANÁ,PROD.FEP,3720.57236830397
PIH3,2023,6,ALTO PARANÁ,TOTAL FEP,63253.9973882838
PIH3,2023,6,ALTO PARANÁ,ACCID.PENF,5.0
PIH3,2023,6,ALTO PARANÁ,PROG.PENF,0.875476825045459
PIH3,2023,6,ALTO PARANÁ,PROD.PENF,4739.61288838714
PIH3,2023,6,ALTO PARANÁ,TOTAL PENEF,67196.1234497562
PFO4,2023,6,ALTO PARANÁ,PROG.PENF,0.547464700626421
PFO4,2023,6,ALTO PARANÁ,TOTAL PENEF,65205.0003574112
PFO6,2023,6,ALTO PARANÁ,ACCID.PENF,1.0
PIH4,2023,6,ALTO PARANÁ,ACCID.DEP,1.0
PIH4,2023,6,ALTO PARANÁ,ACCID.FEP,1.0
PIH4,2023,6,ALTO PARANÁ,PROG.FEP,0.964091654079419
PIH4,2023,6,ALTO PARANÁ,PROD.FEP,2875.8137546206
PIH4,2023,6,ALTO PARANÁ,TOTAL FEP,55976.5166205741
PIH4,2023,6,ALTO PARANÁ,ACCID.PENF,2.0
PIH4,2023,6,ALTO PARANÁ,PROG.PENF,0.128560592265148
PIH4,2023,6,ALTO PARANÁ,PROD.PENF,3010.16798516703
PIH4,2023,6,ALTO PARANÁ,TOTAL PENEF,64470.3440508248
PIH5,2023,6,ALTO PARANÁ,ACCID.DEP,3.0
PIH5,2023,6,ALTO PARANÁ,PROG.DEP,0.719504711561406
PIH5,2023,6,ALTO PARANÁ,PROD.DEP,4506.8179121719
PIH5,2023,6,ALTO PARANÁ,TOTAL DEP,67484.0296765165
PIH5,2023,6,ALTO PARANÁ,ACCID.FEP,2.0
PIH5,2023,6,ALTO PARANÁ,PROG.FEP,0.793679689244408
PIH5,2023,6,ALTO PARANÁ,PROD.FEP,3196.35153179032
PIH5,2023,6,ALTO PARANÁ,TOTAL FEP,60097.596133086
PIH5,2023,6,ALTO PARANÁ,ACCID.PENF,3.0
PIH5,2023,6,ALTO PARANÁ,PROG.PENF,0.134490615438664
PIH5,2023,6,ALTO PARANÁ,PROD.PENF,4754.85356037279
PIH5,2023,6,ALTO PARANÁ,TOTAL PENEF,52728.9649418611
SGA1,2023,6,CANINDEYU,ACCID.DEP,4.0
SGA1,2023,6,CANINDEYU,PROG.DEP,0.921988018008066
SGA1,2023,6,CANINDEYU,PROD.DEP,3309.78253740891
SGA1,2023,6,CANINDEYU,TOTAL DEP,58086.7336048637
SGA1,2023,6,CANINDEYU,ACCID.FEP,7.0
SGA1,2023,6,CANINDEYU,PROG.FEP,0.149388445977251
SGA1,2023,6,CANINDEYU,PROD.FEP,1637.97944977472
SGA1,2023,6,CANINDEYU,TOTAL FEP,65762.5745153249
SGA1,2023,6,CANINDEYU,ACCID.PENF,8.0
SGA1,2023,6,CANINDEYU,PROG.PENF,0.612436409648021
SGA1,2023,6,CANINDEYU,PROD.PENF,4757.80951577352
SGA1,2023,6,CANINDEYU,TOTAL PENEF,58963.3752687417
SGA2,2023,6,CANINDEYU,ACCID.DEP,8.0
SGA2,2023,6,CANINDEYU,PROG.DEP,0.995807849777869
SGA2,2023,6,CANINDEYU,PROD.DEP,2307.17060507545
SGA2,2023,6,CANINDEYU,TOTAL DEP,69106.2744884841
SGA2,2023,6,CANINDEYU,ACCID.FEP,3.0
SGA2,2023,6,CANINDEYU,PROG.FEP,0.794022161720534
SGA2,2023,6,CANINDEYU,PROD.FEP,3272.22681080831
SGA2,2023,6,CANINDEYU,TOTAL FEP,51346.0857165041
SGA2,2023,6,CANINDEYU,ACCID.PENF,1.0
SGA2,2023,6,CANINDEYU,PROG.PENF,0.489680799888766
SGA2,2023,6,CANINDEYU,PROD.PENF,2720.87344770012
SGA2,2023,6,CANINDEYU,TOTAL PENEF,61025.5946017357
SGA3,2023,6,CANINDEYU,ACCID.DEP,5.0
SGA3,2023,6,CANINDEYU,PROG.DEP,0.460642139614923
SGA3,2023,6,CANINDEYU,PROD.DEP,1018.03775882272
SGA3,2023,6,CANINDEYU,TOTAL DEP,65828.6349211212
SGA3,2023,6,CANINDEYU,ACCID.FEP,5.0
SGA3,2023,6,CANINDEYU,PROG.FEP,0.833608363932848
SGA3,2023,6,CANINDEYU,PROD.FEP,4845.00156161643
SGA3,2023,6,CANINDEYU,TOTAL FEP,55170.5059834648
SGA3,2023,6,CANINDEYU,ACCID.PENF,5.0
SGA3,2023,6,CANINDEYU,PROG.PENF,0.205487291895746
SGA3,2023,6,CANINDEYU,PROD.PENF,2884.53336081449
SGA3,2023,6,CANINDEYU,TOTAL PENEF,65155.1023813008
SGA4,2023,6,CANINDEYU,ACCID.DEP,6.0
SGA4,2023,6,CANINDEYU,PROG.DEP,0.204115467139596
SGA4,2023,6,CANINDEYU,PROD.DEP,1804.05214400257
SGA4,2023,6,CANINDEYU,TOTAL DEP,60017.2106811285
SGA4,2023,6,CANINDEYU,ACCID.FEP,7.0
SGA4,2023,6,CANINDEYU,PROG.FEP,0.271319991753443
SGA4,2023,6,CANINDEYU,PROD.FEP,3902.26469684927
SGA4,2023,6,CANINDEYU,TOTAL FEP,69400.4021709737
SGA4,2023,6,CANINDEYU,ACCID.PENF,6.0
SGA4,2023,6,CANINDEYU,PROG.PENF,0.484908067230382
SGA4,2023,6,CANINDEYU,PROD.PENF,4276.23945359616
SGA4,2023,6,CANINDEYU,TOTAL PENEF,68701.2298749188
SGA5,2023,6,CANINDEYU,ACCID.DEP,3.0
SGA5,2023,6,CANINDEYU,PROG.DEP,0.613996337766804
SGA5,2023,6,CANINDEYU,PROD.DEP,4927.35531534975
SGA5,2023,6,CANINDEYU,TOTAL DEP,60550.1483232123
SGA5,2023,6,CANINDEYU,ACCID.FEP,6.0
SGA5,2023,6,CANINDEYU,PROG.FEP,0.201638688206482
SGA5,2023,6,CANINDEYU,PROD.FEP,4568.58700513376
SGA5,2023,6,CANINDEYU,TOTAL FEP,50367.0644408009
SGA5,2023,6,CANINDEYU,ACCID.PENF,9.0
SGA5,2023,6,CANINDEYU,PROG.PENF,0.168633319245344
SGA5,2023,6,CANINDEYU,PROD.PENF,4712.16347721767
SGA5,2023,6,CANINDEYU,TOTAL PENEF,69160.0752918175
SGA6,2023,6,CANINDEYU,ACCID.DEP,8.0
SGA6,2023,6,CANINDEYU,PROG.DEP,0.557493301963222
SGA6,2023,6,CANINDEYU,PROD.DEP,4607.26627904928
SGA6,2023,6,CANINDEYU,TOTAL DEP,51688.8891289549
SGA6,2023,6,CANINDEYU,ACCID.FEP,4.0
SGA6,2023,6,CANINDEYU,PROG.FEP,0.579745475361285
SGA6,2023,6,CANINDEYU,PROD.FEP,3600.37630633766
SGA6,2023,6,CANINDEYU,TOTAL FEP,67885.0460817342
SGA6,2023,6,CANINDEYU,ACCID.PENF,6.0
SGA6,2023,6,CANINDEYU,PROG.PENF,0.21346938750915
SGA6,2023,6,CANINDEYU,PROD.PENF,4577.35459633915
SGA6,2023,6,CANINDEYU,TOTAL PENEF,68356.8887250405
SRI1,2023,6,ALTO PARANÁ,ACCID.DEP,9.0
SRI1,2023,6,ALTO PARANÁ,PROG.DEP,0.18886771204432
SRI1,2023,6,ALTO PARANÁ,PROD.DEP,3475.06256413789
SRI1,2023,6,ALTO PARANÁ,TOTAL DEP,60496.8977112806
PIH4,2023,6,ALTO PARANÁ,PROG.DEP,0.853054621736665
PIH4,2023,6,ALTO PARANÁ,TOTAL DEP,52616.6187326438
PIH4,2023,6,ALTO PARANÁ,PROD.DEP,3548.27896571517
SRI1,2023,6,ALTO PARANÁ,ACCID.FEP,4.0
SRI1,2023,6,ALTO PARANÁ,TOTAL FEP,65967.4097963154
SRI1,2023,6,ALTO PARANÁ,ACCID.PENF,7.0
SRI1,2023,6,ALTO PARANÁ,PROG.PENF,0.662520135962188
SRI1,2023,6,ALTO PARANÁ,PROD.PENF,4045.26168248685
SRI1,2023,6,ALTO PARANÁ,TOTAL PENEF,60399.1220146055
SRI2,2023,6,ALTO PARANÁ,ACCID.DEP,2.0
SRI2,2023,6,ALTO PARANÁ,PROG.DEP,0.961430187870888
SRI2,2023,6,ALTO PARANÁ,PROD.DEP,1184.36707120938
SRI2,2023,6,ALTO PARANÁ,TOTAL DEP,51843.0969991027
SRI2,2023,6,ALTO PARANÁ,ACCID.FEP,8.0
SRI2,2023,6,ALTO PARANÁ,PROG.FEP,0.741726797273318
SRI2,2023,6,ALTO PARANÁ,PROD.FEP,3906.14791894403
SRI2,2023,6,ALTO PARANÁ,TOTAL FEP,54432.1494530616
SRI2,2023,6,ALTO PARANÁ,ACCID.PENF,2.0
SRI2,2023,6,ALTO PARANÁ,PROG.PENF,0.219050743866765
SRI2,2023,6,ALTO PARANÁ,PROD.PENF,3473.7310360516
SRI2,2023,6,ALTO PARANÁ,TOTAL PENEF,56017.3963246432
SRI3,2023,6,ALTO PARANÁ,ACCID.DEP,0.0
SRI3,2023,6,ALTO PARANÁ,PROG.DEP,0.852351755279018
SRI3,2023,6,ALTO PARANÁ,PROD.DEP,1995.88248121982
SRI3,2023,6,ALTO PARANÁ,TOTAL DEP,54773.4804884325
SRI3,2023,6,ALTO PARANÁ,ACCID.FEP,2.0
SRI3,2023,6,ALTO PARANÁ,PROG.FEP,0.519701341865032
SRI3,2023,6,ALTO PARANÁ,PROD.FEP,3467.6059062953
SRI1,2023,6,ALTO PARANÁ,PROD.FEP,1253.32402201439
SRI3,2023,6,ALTO PARANÁ,ACCID.PENF,0.0
SRI3,2023,6,ALTO PARANÁ,PROG.PENF,0.91923588795667
SRI3,2023,6,ALTO PARANÁ,PROD.PENF,2143.9074040904
SRI3,2023,6,ALTO PARANÁ,TOTAL PENEF,63670.9214636211
SRI4,2023,6,ALTO PARANÁ,ACCID.DEP,1.0
SRI4,2023,6,ALTO PARANÁ,PROD.DEP,4303.87846589969
SRI4,2023,6,ALTO PARANÁ,PROG.DEP,0.829397044769433
SRI4,2023,6,ALTO PARANÁ,TOTAL DEP,62988.1876167229
SRI4,2023,6,ALTO PARANÁ,ACCID.FEP,7.0
SRI4,2023,6,ALTO PARANÁ,PROG.FEP,0.734051663971802
SRI4,2023,6,ALTO PARANÁ,TOTAL FEP,61584.3603952203
SRI4,2023,6,ALTO PARANÁ,PROD.FEP,1888.44017825427
SRI4,2023,6,ALTO PARANÁ,ACCID.PENF,8.0
SRI4,2023,6,ALTO PARANÁ,PROG.PENF,0.842722581006655
SRI4,2023,6,ALTO PARANÁ,PROD.PENF,2267.32128362454
SRI4,2023,6,ALTO PARANÁ,TOTAL PENEF,50700.8112466623
ACY1,2023,7,ALTO PARANÁ,ACCID.DEP,6.0
ACY1,2023,7,ALTO PARANÁ,PROG.DEP,0.589118105688093
ACY1,2023,7,ALTO PARANÁ,PROD.DEP,4624.25793136031
ACY1,2023,7,ALTO PARANÁ,TOTAL DEP,63436.8843508997
ACY1,2023,7,ALTO PARANÁ,ACCID.FEP,4.0
ACY1,2023,7,ALTO PARANÁ,PROG.FEP,0.79943643096297
ACY1,2023,7,ALTO PARANÁ,PROD.FEP,2621.09316738587
ACY1,2023,7,ALTO PARANÁ,TOTAL FEP,57240.9105104371
ACY1,2023,7,ALTO PARANÁ,ACCID.PENF,1.0
ACY1,2023,7,ALTO PARANÁ,PROG.PENF,0.618704120996558
ACY1,2023,7,ALTO PARANÁ,PROD.PENF,4583.45362005696
ACY1,2023,7,ALTO PARANÁ,TOTAL PENEF,67597.5164862349
ACY2,2023,7,ALTO PARANÁ,ACCID.DEP,6.0
ACY2,2023,7,ALTO PARANÁ,PROG.DEP,0.916227809248314
ACY2,2023,7,ALTO PARANÁ,PROD.DEP,3776.48962738096
ACY2,2023,7,ALTO PARANÁ,TOTAL DEP,64890.3176840894
ACY2,2023,7,ALTO PARANÁ,ACCID.FEP,4.0
ACY2,2023,7,ALTO PARANÁ,PROG.FEP,0.775221879679736
ACY2,2023,7,ALTO PARANÁ,PROD.FEP,3401.53942748899
ACY2,2023,7,ALTO PARANÁ,TOTAL FEP,58739.0427896319
ACY2,2023,7,ALTO PARANÁ,ACCID.PENF,7.0
ACY2,2023,7,ALTO PARANÁ,PROG.PENF,0.170586171977228
ACY2,2023,7,ALTO PARANÁ,PROD.PENF,1651.16478634765
ACY3,2023,7,ALTO PARANÁ,ACCID.DEP,6.0
ACY2,2023,7,ALTO PARANÁ,TOTAL PENEF,53503.2358099317
ACY3,2023,7,ALTO PARANÁ,PROG.DEP,0.647293824032595
ACY3,2023,7,ALTO PARANÁ,TOTAL DEP,55169.289012601
ACY3,2023,7,ALTO PARANÁ,PROD.DEP,3575.83975300723
ACY3,2023,7,ALTO PARANÁ,ACCID.FEP,2.0
ACY3,2023,7,ALTO PARANÁ,PROG.FEP,0.715876201635203
ACY3,2023,7,ALTO PARANÁ,PROD.FEP,3948.20516269056
ACY3,2023,7,ALTO PARANÁ,TOTAL FEP,61618.8491063606
ACY3,2023,7,ALTO PARANÁ,ACCID.PENF,2.0
ACY3,2023,7,ALTO PARANÁ,PROG.PENF,0.329512608821249
ACY3,2023,7,ALTO PARANÁ,PROD.PENF,4106.73654524175
ACY3,2023,7,ALTO PARANÁ,TOTAL PENEF,53118.0134458197
ACY4,2023,7,ALTO PARANÁ,ACCID.DEP,0.0
ACY4,2023,7,ALTO PARANÁ,PROD.DEP,3160.17992548989
ACY4,2023,7,ALTO PARANÁ,PROG.DEP,0.68727472241337
ACY4,2023,7,ALTO PARANÁ,TOTAL DEP,59065.8124655109
ACY4,2023,7,ALTO PARANÁ,ACCID.FEP,4.0
ACY4,2023,7,ALTO PARANÁ,PROG.FEP,0.489696692046041
ACY4,2023,7,ALTO PARANÁ,PROD.FEP,1896.18212577116
ACY4,2023,7,ALTO PARANÁ,TOTAL FEP,56688.5566908944
ACY4,2023,7,ALTO PARANÁ,ACCID.PENF,1.0
ACY4,2023,7,ALTO PARANÁ,PROG.PENF,0.828329904484761
ACY4,2023,7,ALTO PARANÁ,PROD.PENF,4397.47056433518
ACY4,2023,7,ALTO PARANÁ,TOTAL PENEF,56608.0647968261
ACY5,2023,7,ALTO PARANÁ,ACCID.DEP,8.0
ACY5,2023,7,ALTO PARANÁ,PROG.DEP,0.808605127206823
ACY5,2023,7,ALTO PARANÁ,PROD.DEP,1815.06782099916
ACY5,2023,7,ALTO PARANÁ,TOTAL DEP,51639.5471370595
ACY5,2023,7,ALTO PARANÁ,ACCID.FEP,9.0
ACY5,2023,7,ALTO PARANÁ,PROG.FEP,0.246878495330895
ACY5,2023,7,ALTO PARANÁ,PROD.FEP,2778.93812992783
SRI1,2023,6,ALTO PARANÁ,PROG.FEP,0.790393584985875
SRI3,2023,6,ALTO PARANÁ,TOTAL FEP,60383.4156815277
ACY5,2023,7,ALTO PARANÁ,TOTAL FEP,64726.3025955011
ACY5,2023,7,ALTO PARANÁ,ACCID.PENF,4.0
ACY5,2023,7,ALTO PARANÁ,TOTAL PENEF,66236.0120214601
ACY6,2023,7,ALTO PARANÁ,PROG.DEP,0.28228909859719
ACY6,2023,7,ALTO PARANÁ,PROD.DEP,1021.51154991426
ACY6,2023,7,ALTO PARANÁ,TOTAL DEP,57938.1474026813
ACY6,2023,7,ALTO PARANÁ,ACCID.FEP,5.0
ACY6,2023,7,ALTO PARANÁ,PROG.FEP,0.332038509285983
ACY6,2023,7,ALTO PARANÁ,PROD.FEP,2418.10826594422
ACY6,2023,7,ALTO PARANÁ,TOTAL FEP,62228.2922666422
ACY6,2023,7,ALTO PARANÁ,ACCID.PENF,5.0
ACY6,2023,7,ALTO PARANÁ,PROG.PENF,0.366890023412358
ACY6,2023,7,ALTO PARANÁ,PROD.PENF,1303.06857607506
ACY6,2023,7,ALTO PARANÁ,TOTAL PENEF,58040.6981557009
ACY7,2023,7,ALTO PARANÁ,ACCID.DEP,0.0
ACY7,2023,7,ALTO PARANÁ,PROG.DEP,0.612703597406376
ACY7,2023,7,ALTO PARANÁ,PROD.DEP,2953.9971218681
ACY7,2023,7,ALTO PARANÁ,TOTAL DEP,66642.0344422787
ACY7,2023,7,ALTO PARANÁ,ACCID.FEP,6.0
ACY7,2023,7,ALTO PARANÁ,PROG.FEP,0.449086293526282
ACY7,2023,7,ALTO PARANÁ,PROD.FEP,4572.31194631918
ACY7,2023,7,ALTO PARANÁ,TOTAL FEP,51046.3775187948
ACY7,2023,7,ALTO PARANÁ,ACCID.PENF,2.0
ACY7,2023,7,ALTO PARANÁ,PROG.PENF,0.932269572218012
ACY7,2023,7,ALTO PARANÁ,PROD.PENF,4819.76142777416
ACY7,2023,7,ALTO PARANÁ,TOTAL PENEF,64267.8181679447
ACY8,2023,7,ALTO PARANÁ,ACCID.DEP,9.0
ACY8,2023,7,ALTO PARANÁ,PROG.DEP,0.724737643035323
ACY8,2023,7,ALTO PARANÁ,PROD.DEP,3924.32400072961
ACY8,2023,7,ALTO PARANÁ,TOTAL DEP,64749.0160757127
ACY8,2023,7,ALTO PARANÁ,ACCID.FEP,5.0
ACY8,2023,7,ALTO PARANÁ,PROD.FEP,4439.57898389594
ACY8,2023,7,ALTO PARANÁ,PROG.FEP,0.109627554379634
ACY8,2023,7,ALTO PARANÁ,ACCID.PENF,6.0
ACY8,2023,7,ALTO PARANÁ,TOTAL FEP,63609.3073215702
ACY8,2023,7,ALTO PARANÁ,PROG.PENF,0.508395639153965
ACY8,2023,7,ALTO PARANÁ,PROD.PENF,4694.25926816165
ACY8,2023,7,ALTO PARANÁ,TOTAL PENEF,56868.5264855704
ACY9,2023,7,ALTO PARANÁ,ACCID.DEP,7.0
ACY9,2023,7,ALTO PARANÁ,PROG.DEP,0.893629860517579
ACY9,2023,7,ALTO PARANÁ,PROD.DEP,3621.10591074692
ACY9,2023,7,ALTO PARANÁ,TOTAL DEP,50311.5350521185
ACY9,2023,7,ALTO PARANÁ,ACCID.FEP,9.0
ACY9,2023,7,ALTO PARANÁ,PROG.FEP,0.788611156906369
ACY9,2023,7,ALTO PARANÁ,PROD.FEP,4795.16976413095
ACY9,2023,7,ALTO PARANÁ,TOTAL FEP,62316.2428719991
ACY9,2023,7,ALTO PARANÁ,ACCID.PENF,7.0
ACY9,2023,7,ALTO PARANÁ,PROG.PENF,0.840736171196729
ACY9,2023,7,ALTO PARANÁ,PROD.PENF,4153.05939743405
ACY9,2023,7,ALTO PARANÁ,TOTAL PENEF,58198.0263030797
ACY5,2023,7,ALTO PARANÁ,PROD.PENF,2879.81455291636
APR10,2023,7,ALTO PARANÁ,PROG.DEP,0.315648229311739
APR10,2023,7,ALTO PARANÁ,PROD.DEP,2388.66239371502
APR10,2023,7,ALTO PARANÁ,TOTAL DEP,69048.1605227228
ACY5,2023,7,ALTO PARANÁ,PROG.PENF,0.303322126424568
APR10,2023,7,ALTO PARANÁ,PROG.FEP,0.655604826868108
APR10,2023,7,ALTO PARANÁ,PROD.FEP,3318.29080639125
APR10,2023,7,ALTO PARANÁ,TOTAL FEP,52043.9006434199
APR10,2023,7,ALTO PARANÁ,ACCID.PENF,7.0
APR10,2023,7,ALTO PARANÁ,PROG.PENF,0.360128952061557
APR10,2023,7,ALTO PARANÁ,TOTAL PENEF,55070.0444946491
APR11,2023,7,ALTO PARANÁ,ACCID.DEP,4.0
APR10,2023,7,ALTO PARANÁ,PROD.PENF,3834.19109037179
APR11,2023,7,ALTO PARANÁ,PROG.DEP,0.542291947497097
APR11,2023,7,ALTO PARANÁ,PROD.DEP,4326.31736306809
APR11,2023,7,ALTO PARANÁ,TOTAL DEP,53086.8376668677
APR11,2023,7,ALTO PARANÁ,ACCID.FEP,4.0
APR11,2023,7,ALTO PARANÁ,PROG.FEP,0.795919042912685
APR11,2023,7,ALTO PARANÁ,TOTAL FEP,52805.5801317249
APR11,2023,7,ALTO PARANÁ,ACCID.PENF,4.0
APR11,2023,7,ALTO PARANÁ,PROD.FEP,1011.33456526895
APR11,2023,7,ALTO PARANÁ,PROG.PENF,0.894776678666691
APR11,2023,7,ALTO PARANÁ,PROD.PENF,2081.89566356207
APR12,2023,7,ALTO PARANÁ,ACCID.DEP,1.0
APR11,2023,7,ALTO PARANÁ,TOTAL PENEF,54251.926816382
APR12,2023,7,ALTO PARANÁ,PROG.DEP,0.646755488064104
APR12,2023,7,ALTO PARANÁ,PROD.DEP,2462.61355363869
APR12,2023,7,ALTO PARANÁ,TOTAL DEP,60715.165876096
APR12,2023,7,ALTO PARANÁ,ACCID.FEP,7.0
APR12,2023,7,ALTO PARANÁ,PROG.FEP,0.482670687719426
APR12,2023,7,ALTO PARANÁ,PROD.FEP,2571.43580655071
APR12,2023,7,ALTO PARANÁ,TOTAL FEP,64000.8686530948
APR12,2023,7,ALTO PARANÁ,ACCID.PENF,4.0
APR12,2023,7,ALTO PARANÁ,PROG.PENF,0.334807069670022
APR12,2023,7,ALTO PARANÁ,PROD.PENF,2255.86956913598
APR13,2023,7,ALTO PARANÁ,ACCID.DEP,8.0
APR13,2023,7,ALTO PARANÁ,PROG.DEP,0.636661654632007
APR12,2023,7,ALTO PARANÁ,TOTAL PENEF,55041.204044747
APR13,2023,7,ALTO PARANÁ,PROD.DEP,4128.23680058415
APR13,2023,7,ALTO PARANÁ,TOTAL DEP,63047.8672654511
APR13,2023,7,ALTO PARANÁ,ACCID.FEP,0.0
APR13,2023,7,ALTO PARANÁ,PROD.FEP,1196.64460634371
APR13,2023,7,ALTO PARANÁ,PROG.FEP,0.41971205787442
APR13,2023,7,ALTO PARANÁ,TOTAL FEP,67144.5621278709
APR13,2023,7,ALTO PARANÁ,ACCID.PENF,5.0
APR13,2023,7,ALTO PARANÁ,PROG.PENF,0.338421130464411
APR13,2023,7,ALTO PARANÁ,PROD.PENF,3627.50551843462
APR13,2023,7,ALTO PARANÁ,TOTAL PENEF,57833.7348973446
ACY6,2023,7,ALTO PARANÁ,ACCID.DEP,0.0
APR10,2023,7,ALTO PARANÁ,ACCID.DEP,4.0
APR10,2023,7,ALTO PARANÁ,ACCID.FEP,6.0
APR14,2023,7,ALTO PARANÁ,ACCID.DEP,4.0
APR14,2023,7,ALTO PARANÁ,ACCID.FEP,9.0
APR14,2023,7,ALTO PARANÁ,PROG.FEP,0.333186505028211
APR14,2023,7,ALTO PARANÁ,PROD.FEP,4523.27265026723
APR14,2023,7,ALTO PARANÁ,TOTAL FEP,61694.9301082401
APR14,2023,7,ALTO PARANÁ,ACCID.PENF,2.0
APR14,2023,7,ALTO PARANÁ,PROG.PENF,0.668614095283193
APR14,2023,7,ALTO PARANÁ,PROD.PENF,2154.78498451122
APR14,2023,7,ALTO PARANÁ,TOTAL PENEF,62940.2787794256
APR14,2023,7,ALTO PARANÁ,TOTAL DEP,56095.7160802827
APR2,2023,7,ALTO PARANÁ,PROG.DEP,0.89774454029824
APR2,2023,7,ALTO PARANÁ,PROD.DEP,3117.86707377886
APR2,2023,7,ALTO PARANÁ,ACCID.DEP,0.0
APR2,2023,7,ALTO PARANÁ,ACCID.FEP,2.0
APR2,2023,7,ALTO PARANÁ,PROG.FEP,0.752443580807208
APR2,2023,7,ALTO PARANÁ,PROD.FEP,1758.06608161314
APR2,2023,7,ALTO PARANÁ,TOTAL FEP,67948.0181324854
APR2,2023,7,ALTO PARANÁ,PROG.PENF,0.440262858825195
APR2,2023,7,ALTO PARANÁ,PROD.PENF,3860.11514528484
APR2,2023,7,ALTO PARANÁ,ACCID.PENF,2.0
APR2,2023,7,ALTO PARANÁ,TOTAL PENEF,66228.0374032043
APR3,2023,7,ALTO PARANÁ,ACCID.DEP,5.0
APR3,2023,7,ALTO PARANÁ,PROG.DEP,0.921927730652914
APR3,2023,7,ALTO PARANÁ,PROD.DEP,1321.1223745453
APR3,2023,7,ALTO PARANÁ,TOTAL DEP,68175.0418794472
APR3,2023,7,ALTO PARANÁ,ACCID.FEP,5.0
APR3,2023,7,ALTO PARANÁ,PROD.FEP,4018.97749093519
APR3,2023,7,ALTO PARANÁ,PROG.FEP,0.545936047930624
APR3,2023,7,ALTO PARANÁ,TOTAL FEP,54378.7182111759
APR3,2023,7,ALTO PARANÁ,PROG.PENF,0.453705170216719
APR3,2023,7,ALTO PARANÁ,ACCID.PENF,1.0
APR3,2023,7,ALTO PARANÁ,PROD.PENF,1832.09246565987
APR3,2023,7,ALTO PARANÁ,TOTAL PENEF,50427.8040030386
APR4,2023,7,ALTO PARANÁ,ACCID.DEP,5.0
APR14,2023,7,ALTO PARANÁ,PROG.DEP,0.728457465179419
APR4,2023,7,ALTO PARANÁ,PROD.DEP,3008.36355953879
APR4,2023,7,ALTO PARANÁ,TOTAL DEP,65844.2186612837
APR4,2023,7,ALTO PARANÁ,ACCID.FEP,1.0
APR4,2023,7,ALTO PARANÁ,PROG.FEP,0.90688947710409
APR4,2023,7,ALTO PARANÁ,TOTAL FEP,53378.4697161314
APR4,2023,7,ALTO PARANÁ,PROD.FEP,3885.02238336618
APR4,2023,7,ALTO PARANÁ,ACCID.PENF,2.0
APR4,2023,7,ALTO PARANÁ,PROG.PENF,0.444682193908473
APR4,2023,7,ALTO PARANÁ,PROD.PENF,3479.99751601152
APR4,2023,7,ALTO PARANÁ,TOTAL PENEF,61067.2235518687
APR5,2023,7,ALTO PARANÁ,ACCID.DEP,8.0
APR5,2023,7,ALTO PARANÁ,PROG.DEP,0.485186264465619
APR5,2023,7,ALTO PARANÁ,PROD.DEP,2446.97755976241
APR5,2023,7,ALTO PARANÁ,TOTAL DEP,54209.2705231254
APR5,2023,7,ALTO PARANÁ,PROG.FEP,0.58454791185972
APR5,2023,7,ALTO PARANÁ,ACCID.FEP,8.0
APR5,2023,7,ALTO PARANÁ,PROD.FEP,2200.24398268793
APR5,2023,7,ALTO PARANÁ,TOTAL FEP,66606.8322663029
APR5,2023,7,ALTO PARANÁ,ACCID.PENF,5.0
APR5,2023,7,ALTO PARANÁ,PROG.PENF,0.785622033098837
APR5,2023,7,ALTO PARANÁ,PROD.PENF,3482.01980533247
APR5,2023,7,ALTO PARANÁ,TOTAL PENEF,52662.8530005696
APR6,2023,7,ALTO PARANÁ,ACCID.DEP,5.0
APR6,2023,7,ALTO PARANÁ,PROG.DEP,0.960935700346481
APR6,2023,7,ALTO PARANÁ,PROD.DEP,2553.45634967554
APR6,2023,7,ALTO PARANÁ,TOTAL DEP,58316.9603160764
APR6,2023,7,ALTO PARANÁ,ACCID.FEP,7.0
APR6,2023,7,ALTO PARANÁ,PROD.FEP,4780.76417612214
APR6,2023,7,ALTO PARANÁ,PROG.FEP,0.319791413172399
APR6,2023,7,ALTO PARANÁ,TOTAL FEP,63488.2197143054
APR6,2023,7,ALTO PARANÁ,ACCID.PENF,2.0
APR6,2023,7,ALTO PARANÁ,PROG.PENF,0.293683563078904
APR6,2023,7,ALTO PARANÁ,PROD.PENF,3382.84042993559
APR6,2023,7,ALTO PARANÁ,TOTAL PENEF,61650.5008444037
APR8,2023,7,ALTO PARANÁ,ACCID.DEP,3.0
APR8,2023,7,ALTO PARANÁ,PROG.DEP,0.259001231363541
APR8,2023,7,ALTO PARANÁ,PROD.DEP,2914.15979776889
APR8,2023,7,ALTO PARANÁ,TOTAL DEP,57509.0055880054
APR8,2023,7,ALTO PARANÁ,ACCID.FEP,6.0
APR8,2023,7,ALTO PARANÁ,PROD.FEP,4234.52284563443
APR8,2023,7,ALTO PARANÁ,TOTAL FEP,68189.1072428882
APR8,2023,7,ALTO PARANÁ,PROG.FEP,0.430624583768969
APR8,2023,7,ALTO PARANÁ,PROG.PENF,0.47596844124676
APR8,2023,7,ALTO PARANÁ,PROD.PENF,2288.63735220073
APR8,2023,7,ALTO PARANÁ,ACCID.PENF,9.0
APR8,2023,7,ALTO PARANÁ,TOTAL PENEF,57708.7062855277
APR9,2023,7,ALTO PARANÁ,PROG.DEP,0.498196553531891
APR9,2023,7,ALTO PARANÁ,ACCID.DEP,2.0
APR9,2023,7,ALTO PARANÁ,PROD.DEP,3711.45958316479
APR9,2023,7,ALTO PARANÁ,TOTAL DEP,66736.0121404994
APR9,2023,7,ALTO PARANÁ,ACCID.FEP,7.0
APR9,2023,7,ALTO PARANÁ,PROG.FEP,0.739786636154858
APR14,2023,7,ALTO PARANÁ,PROD.DEP,3039.13688234168
APR9,2023,7,ALTO PARANÁ,TOTAL FEP,50151.5274359004
APR9,2023,7,ALTO PARANÁ,ACCID.PENF,7.0
APR9,2023,7,ALTO PARANÁ,PROG.PENF,0.381115561468606
APR9,2023,7,ALTO PARANÁ,PROD.PENF,3750.0787989312
APR9,2023,7,ALTO PARANÁ,TOTAL PENEF,58147.2577876388
CAT1,2023,7,CANINDEYU,ACCID.DEP,6.0
CAT1,2023,7,CANINDEYU,PROG.DEP,0.698330272551527
APR9,2023,7,ALTO PARANÁ,PROD.FEP,3315.23735093405
CAT1,2023,7,CANINDEYU,TOTAL DEP,51063.817027033
APR4,2023,7,ALTO PARANÁ,PROG.DEP,0.679726995903114
CAT1,2023,7,CANINDEYU,PROD.DEP,3885.18289078657
APR2,2023,7,ALTO PARANÁ,TOTAL DEP,53383.9207055587
CAT1,2023,7,CANINDEYU,ACCID.FEP,3.0
CAT1,2023,7,CANINDEYU,ACCID.PENF,6.0
CAT1,2023,7,CANINDEYU,PROG.PENF,0.518541082653246
CAT1,2023,7,CANINDEYU,PROD.PENF,3282.00737657771
CAT1,2023,7,CANINDEYU,TOTAL PENEF,64054.2062269361
CAT10,2023,7,CANINDEYU,ACCID.DEP,7.0
CAT10,2023,7,CANINDEYU,PROG.DEP,0.990859776234511
CAT10,2023,7,CANINDEYU,PROD.DEP,3981.70709171633
CAT10,2023,7,CANINDEYU,TOTAL DEP,67292.3686680868
CAT10,2023,7,CANINDEYU,ACCID.FEP,7.0
CAT10,2023,7,CANINDEYU,PROG.FEP,0.685200905408374
CAT10,2023,7,CANINDEYU,PROD.FEP,1513.23043486689
CAT1,2023,7,CANINDEYU,PROD.FEP,4080.24085230983
CAT10,2023,7,CANINDEYU,ACCID.PENF,0.0
CAT10,2023,7,CANINDEYU,PROG.PENF,0.541383855587207
CAT10,2023,7,CANINDEYU,PROD.PENF,1168.46297921664
CAT10,2023,7,CANINDEYU,TOTAL PENEF,52453.2590073936
CAT11,2023,7,CANINDEYU,ACCID.DEP,9.0
CAT11,2023,7,CANINDEYU,PROG.DEP,0.592661648833504
CAT11,2023,7,CANINDEYU,PROD.DEP,2979.31051793378
CAT11,2023,7,CANINDEYU,TOTAL DEP,61517.6853713227
CAT11,2023,7,CANINDEYU,ACCID.FEP,9.0
CAT11,2023,7,CANINDEYU,PROG.FEP,0.586545841298878
CAT11,2023,7,CANINDEYU,PROD.FEP,4479.44003389903
CAT11,2023,7,CANINDEYU,TOTAL FEP,66223.8993810152
CAT11,2023,7,CANINDEYU,ACCID.PENF,0.0
CAT11,2023,7,CANINDEYU,PROG.PENF,0.612909749953572
CAT11,2023,7,CANINDEYU,PROD.PENF,4717.76365507659
CAT11,2023,7,CANINDEYU,TOTAL PENEF,50615.7672024944
CAT2,2023,7,CANINDEYU,ACCID.DEP,7.0
CAT2,2023,7,CANINDEYU,PROG.DEP,0.916390860396335
CAT2,2023,7,CANINDEYU,PROD.DEP,1046.42597410891
CAT2,2023,7,CANINDEYU,TOTAL DEP,57635.8688943632
CAT2,2023,7,CANINDEYU,ACCID.FEP,3.0
CAT2,2023,7,CANINDEYU,PROG.FEP,0.891616207154404
CAT2,2023,7,CANINDEYU,TOTAL FEP,67450.8366939178
CAT2,2023,7,CANINDEYU,PROD.FEP,3734.83732612525
CAT2,2023,7,CANINDEYU,ACCID.PENF,8.0
CAT2,2023,7,CANINDEYU,PROG.PENF,0.186057210656481
CAT2,2023,7,CANINDEYU,PROD.PENF,4090.59631115875
CAT3,2023,7,CANINDEYU,ACCID.DEP,0.0
CAT2,2023,7,CANINDEYU,TOTAL PENEF,60483.5756493946
CAT3,2023,7,CANINDEYU,PROG.DEP,0.144951205837451
CAT3,2023,7,CANINDEYU,PROD.DEP,4961.36306132456
CAT3,2023,7,CANINDEYU,TOTAL DEP,53895.8305173726
CAT3,2023,7,CANINDEYU,ACCID.FEP,4.0
CAT3,2023,7,CANINDEYU,PROG.FEP,0.537510159539474
CAT3,2023,7,CANINDEYU,PROD.FEP,3078.28929098233
CAT3,2023,7,CANINDEYU,ACCID.PENF,1.0
CAT3,2023,7,CANINDEYU,TOTAL FEP,55560.8627995884
CAT3,2023,7,CANINDEYU,PROG.PENF,0.438040953648703
CAT3,2023,7,CANINDEYU,PROD.PENF,3743.64830667984
CAT4,2023,7,CANINDEYU,ACCID.DEP,5.0
CAT3,2023,7,CANINDEYU,TOTAL PENEF,64844.9959064929
CAT4,2023,7,CANINDEYU,PROG.DEP,0.761501569207511
CAT4,2023,7,CANINDEYU,PROD.DEP,1151.95228826318
CAT4,2023,7,CANINDEYU,TOTAL DEP,56888.0770888799
CAT4,2023,7,CANINDEYU,ACCID.FEP,7.0
CAT4,2023,7,CANINDEYU,PROG.FEP,0.632905303956564
CAT4,2023,7,CANINDEYU,PROD.FEP,1767.83709538175
CAT4,2023,7,CANINDEYU,ACCID.PENF,3.0
CAT4,2023,7,CANINDEYU,TOTAL FEP,54168.0559480517
CAT4,2023,7,CANINDEYU,PROG.PENF,0.788381184316496
CAT4,2023,7,CANINDEYU,TOTAL PENEF,68859.651162664
CAT5,2023,7,CANINDEYU,ACCID.DEP,6.0
CAT4,2023,7,CANINDEYU,PROD.PENF,3215.93756653196
CAT5,2023,7,CANINDEYU,PROG.DEP,0.875460721985639
CAT5,2023,7,CANINDEYU,PROD.DEP,2459.54372765649
CAT5,2023,7,CANINDEYU,TOTAL DEP,50849.2053592847
CAT5,2023,7,CANINDEYU,ACCID.FEP,3.0
CAT5,2023,7,CANINDEYU,PROG.FEP,0.798948974057414
CAT5,2023,7,CANINDEYU,PROD.FEP,2175.2542780113
CAT5,2023,7,CANINDEYU,TOTAL FEP,60278.1389848739
CAT5,2023,7,CANINDEYU,ACCID.PENF,8.0
CAT5,2023,7,CANINDEYU,PROG.PENF,0.220704819081932
CAT5,2023,7,CANINDEYU,PROD.PENF,1561.07989792413
CAT5,2023,7,CANINDEYU,TOTAL PENEF,67890.0740040988
CAT6,2023,7,CANINDEYU,PROG.DEP,0.208067472606926
CAT6,2023,7,CANINDEYU,PROD.DEP,1146.76949969625
CAT6,2023,7,CANINDEYU,ACCID.DEP,4.0
CAT6,2023,7,CANINDEYU,TOTAL DEP,59321.03177784
CAT6,2023,7,CANINDEYU,ACCID.FEP,6.0
CAT6,2023,7,CANINDEYU,PROG.FEP,0.225331452911596
CAT6,2023,7,CANINDEYU,PROD.FEP,3990.18718147405
CAT6,2023,7,CANINDEYU,ACCID.PENF,5.0
CAT6,2023,7,CANINDEYU,TOTAL FEP,54661.884395262
CAT6,2023,7,CANINDEYU,PROG.PENF,0.457414310440034
CAT6,2023,7,CANINDEYU,TOTAL PENEF,67441.0045260648
CAT6,2023,7,CANINDEYU,PROD.PENF,1741.46060250476
CAT7,2023,7,CANINDEYU,ACCID.DEP,8.0
CAT7,2023,7,CANINDEYU,PROG.DEP,0.166223734731359
CAT7,2023,7,CANINDEYU,PROD.DEP,2386.71852234359
CAT7,2023,7,CANINDEYU,ACCID.FEP,5.0
CAT7,2023,7,CANINDEYU,TOTAL DEP,67155.2540620243
CAT7,2023,7,CANINDEYU,PROG.FEP,0.346991973277315
CAT7,2023,7,CANINDEYU,PROD.FEP,4246.27557785091
CAT7,2023,7,CANINDEYU,TOTAL FEP,64794.7411691982
CAT1,2023,7,CANINDEYU,PROG.FEP,0.557056670892056
CAT1,2023,7,CANINDEYU,TOTAL FEP,59791.1364031174
CAT10,2023,7,CANINDEYU,TOTAL FEP,51618.0394208554
CAT7,2023,7,CANINDEYU,ACCID.PENF,1.0
CAT8,2023,7,CANINDEYU,ACCID.DEP,3.0
CAT8,2023,7,CANINDEYU,PROG.DEP,0.331165350313109
CAT8,2023,7,CANINDEYU,PROD.DEP,3498.02433430652
CAT8,2023,7,CANINDEYU,TOTAL DEP,62464.6741298424
CAT8,2023,7,CANINDEYU,ACCID.FEP,9.0
CAT8,2023,7,CANINDEYU,PROG.FEP,0.393255056277783
CAT8,2023,7,CANINDEYU,PROD.FEP,3837.31655419201
CAT8,2023,7,CANINDEYU,TOTAL FEP,59656.2471743281
CAT8,2023,7,CANINDEYU,ACCID.PENF,3.0
CAT8,2023,7,CANINDEYU,PROG.PENF,0.255643998014851
CAT8,2023,7,CANINDEYU,PROD.PENF,4816.21490894011
CAT8,2023,7,CANINDEYU,TOTAL PENEF,60056.7372958536
CAT9,2023,7,CANINDEYU,ACCID.DEP,5.0
CAT9,2023,7,CANINDEYU,PROG.DEP,0.163964249957423
CAT9,2023,7,CANINDEYU,PROD.DEP,1431.09446448529
CAT9,2023,7,CANINDEYU,TOTAL DEP,52803.2712105584
CAT9,2023,7,CANINDEYU,ACCID.FEP,0.0
CAT9,2023,7,CANINDEYU,PROG.FEP,0.462560557617302
CAT9,2023,7,CANINDEYU,PROD.FEP,4195.12879142518
CAT9,2023,7,CANINDEYU,TOTAL FEP,64249.6111730478
CAT9,2023,7,CANINDEYU,PROG.PENF,0.789329727663288
CAT9,2023,7,CANINDEYU,ACCID.PENF,2.0
CAT9,2023,7,CANINDEYU,PROD.PENF,1265.30787045571
CAT9,2023,7,CANINDEYU,TOTAL PENEF,69726.6097999968
CUR1,2023,7,CANINDEYU,PROG.DEP,0.613130026031539
CUR1,2023,7,CANINDEYU,ACCID.DEP,9.0
CUR1,2023,7,CANINDEYU,PROD.DEP,2063.66355700687
CUR1,2023,7,CANINDEYU,TOTAL DEP,50235.3804290227
CUR1,2023,7,CANINDEYU,ACCID.FEP,6.0
CUR1,2023,7,CANINDEYU,PROG.FEP,0.321952218806762
CUR1,2023,7,CANINDEYU,PROD.FEP,2771.09142501262
CUR1,2023,7,CANINDEYU,TOTAL FEP,64136.6242853602
CUR1,2023,7,CANINDEYU,ACCID.PENF,9.0
CUR1,2023,7,CANINDEYU,PROG.PENF,0.43373193292165
CUR1,2023,7,CANINDEYU,PROD.PENF,3386.99972171971
CUR1,2023,7,CANINDEYU,TOTAL PENEF,61741.6143506188
CUR2,2023,7,CANINDEYU,ACCID.DEP,5.0
CUR2,2023,7,CANINDEYU,PROG.DEP,0.428476436319855
CUR2,2023,7,CANINDEYU,PROD.DEP,4966.25382079262
CUR2,2023,7,CANINDEYU,TOTAL DEP,54915.0791607141
CUR2,2023,7,CANINDEYU,ACCID.FEP,7.0
CUR2,2023,7,CANINDEYU,PROG.FEP,0.528940576941537
CUR2,2023,7,CANINDEYU,PROD.FEP,2698.54575599852
CUR2,2023,7,CANINDEYU,TOTAL FEP,69284.6819798624
CUR2,2023,7,CANINDEYU,ACCID.PENF,5.0
CUR2,2023,7,CANINDEYU,PROG.PENF,0.833311406920481
CUR2,2023,7,CANINDEYU,PROD.PENF,2480.2609028231
CUR2,2023,7,CANINDEYU,TOTAL PENEF,50270.1605611775
CUR3,2023,7,CANINDEYU,ACCID.DEP,9.0
CUR3,2023,7,CANINDEYU,PROG.DEP,0.148354637714214
CUR3,2023,7,CANINDEYU,TOTAL DEP,54225.542160168
CUR3,2023,7,CANINDEYU,ACCID.FEP,5.0
CUR3,2023,7,CANINDEYU,PROD.DEP,1471.75108109036
CUR3,2023,7,CANINDEYU,PROG.FEP,0.744721531628451
CUR3,2023,7,CANINDEYU,PROD.FEP,2393.06208576916
CUR3,2023,7,CANINDEYU,TOTAL FEP,54944.2692199152
CUR3,2023,7,CANINDEYU,ACCID.PENF,2.0
CUR3,2023,7,CANINDEYU,PROG.PENF,0.299460995443661
CUR3,2023,7,CANINDEYU,PROD.PENF,3966.34041503366
CUR3,2023,7,CANINDEYU,TOTAL PENEF,60888.1665601373
CUR4,2023,7,CANINDEYU,ACCID.DEP,3.0
CUR4,2023,7,CANINDEYU,PROG.DEP,0.57178891757949
CUR4,2023,7,CANINDEYU,PROD.DEP,2863.00877121789
CUR4,2023,7,CANINDEYU,TOTAL DEP,54878.9425145604
CUR4,2023,7,CANINDEYU,ACCID.FEP,9.0
CUR4,2023,7,CANINDEYU,PROG.FEP,0.288365957375238
CUR4,2023,7,CANINDEYU,PROD.FEP,2965.26276092591
CUR4,2023,7,CANINDEYU,TOTAL FEP,59516.263470159
CUR4,2023,7,CANINDEYU,ACCID.PENF,0.0
CUR4,2023,7,CANINDEYU,PROG.PENF,0.56889368996049
CUR4,2023,7,CANINDEYU,PROD.PENF,1475.4717720557
CUR4,2023,7,CANINDEYU,TOTAL PENEF,64374.6332527159
CUR5,2023,7,CANINDEYU,ACCID.DEP,2.0
CUR5,2023,7,CANINDEYU,PROG.DEP,0.26731629001759
CUR5,2023,7,CANINDEYU,PROD.DEP,3695.19174327682
CUR5,2023,7,CANINDEYU,TOTAL DEP,65909.0072689104
CUR5,2023,7,CANINDEYU,ACCID.FEP,9.0
CAT7,2023,7,CANINDEYU,PROD.PENF,4705.7299008051
CUR5,2023,7,CANINDEYU,PROD.FEP,2020.92711171197
CUR5,2023,7,CANINDEYU,TOTAL FEP,51542.7011229341
CUR5,2023,7,CANINDEYU,ACCID.PENF,4.0
CUR5,2023,7,CANINDEYU,PROG.PENF,0.626148770625783
CUR5,2023,7,CANINDEYU,PROD.PENF,1139.86249159619
CUR5,2023,7,CANINDEYU,TOTAL PENEF,53317.9467091048
DES10,2023,7,ALTO PARANÁ,ACCID.DEP,8.0
CUR5,2023,7,CANINDEYU,PROG.FEP,0.894661731276521
DES10,2023,7,ALTO PARANÁ,PROD.DEP,3209.6293184531
DES10,2023,7,ALTO PARANÁ,TOTAL DEP,63517.8488715768
DES10,2023,7,ALTO PARANÁ,ACCID.FEP,3.0
DES10,2023,7,ALTO PARANÁ,PROG.FEP,0.653998514573448
DES10,2023,7,ALTO PARANÁ,PROD.FEP,3718.87274579241
DES10,2023,7,ALTO PARANÁ,TOTAL FEP,63045.197924818
DES10,2023,7,ALTO PARANÁ,ACCID.PENF,6.0
DES10,2023,7,ALTO PARANÁ,PROG.PENF,0.854314189946868
DES10,2023,7,ALTO PARANÁ,PROD.PENF,3280.91139318275
DES10,2023,7,ALTO PARANÁ,TOTAL PENEF,69659.5996322038
DES10,2023,7,ALTO PARANÁ,PROG.DEP,0.288531546292483
CAT7,2023,7,CANINDEYU,TOTAL PENEF,57771.7272704063
CAT7,2023,7,CANINDEYU,PROG.PENF,0.166536836602709
DES3,2023,7,ALTO PARANÁ,PROG.DEP,0.180553141980694
DES3,2023,7,ALTO PARANÁ,ACCID.FEP,5.0
DES3,2023,7,ALTO PARANÁ,PROG.FEP,0.539679501940835
DES3,2023,7,ALTO PARANÁ,PROD.FEP,1082.36405212163
DES3,2023,7,ALTO PARANÁ,TOTAL FEP,58659.4154546799
DES3,2023,7,ALTO PARANÁ,ACCID.PENF,1.0
DES3,2023,7,ALTO PARANÁ,PROG.PENF,0.489500963148213
DES3,2023,7,ALTO PARANÁ,PROD.PENF,4748.46105668971
DES3,2023,7,ALTO PARANÁ,TOTAL PENEF,63963.1729162135
DES4,2023,7,ALTO PARANÁ,ACCID.DEP,5.0
DES4,2023,7,ALTO PARANÁ,PROG.DEP,0.185897226939065
DES4,2023,7,ALTO PARANÁ,PROD.DEP,2932.78212842995
DES4,2023,7,ALTO PARANÁ,TOTAL DEP,55508.332600509
DES4,2023,7,ALTO PARANÁ,ACCID.FEP,2.0
DES4,2023,7,ALTO PARANÁ,PROG.FEP,0.416001810302334
DES4,2023,7,ALTO PARANÁ,PROD.FEP,1951.2673079343
DES4,2023,7,ALTO PARANÁ,TOTAL FEP,66011.9358630901
DES4,2023,7,ALTO PARANÁ,ACCID.PENF,4.0
DES4,2023,7,ALTO PARANÁ,PROG.PENF,0.828561721017379
DES4,2023,7,ALTO PARANÁ,PROD.PENF,2402.84155546318
DES4,2023,7,ALTO PARANÁ,TOTAL PENEF,64378.9772593792
DES5,2023,7,ALTO PARANÁ,ACCID.DEP,5.0
DES5,2023,7,ALTO PARANÁ,PROG.DEP,0.752038636173242
DES5,2023,7,ALTO PARANÁ,PROD.DEP,4984.24140576764
DES5,2023,7,ALTO PARANÁ,TOTAL DEP,64031.1621512459
DES5,2023,7,ALTO PARANÁ,ACCID.FEP,8.0
DES5,2023,7,ALTO PARANÁ,PROG.FEP,0.393908443016653
DES5,2023,7,ALTO PARANÁ,PROD.FEP,2230.60071620937
DES5,2023,7,ALTO PARANÁ,TOTAL FEP,62230.0422360607
DES5,2023,7,ALTO PARANÁ,ACCID.PENF,5.0
DES5,2023,7,ALTO PARANÁ,PROG.PENF,0.624176556467211
DES5,2023,7,ALTO PARANÁ,PROD.PENF,3741.74436588323
DES5,2023,7,ALTO PARANÁ,TOTAL PENEF,60183.5363378845
DES8,2023,7,ALTO PARANÁ,ACCID.DEP,2.0
DES8,2023,7,ALTO PARANÁ,PROG.DEP,0.781777194663318
DES3,2023,7,ALTO PARANÁ,ACCID.DEP,4.0
DES8,2023,7,ALTO PARANÁ,TOTAL DEP,56552.4479928705
DES8,2023,7,ALTO PARANÁ,ACCID.FEP,1.0
DES8,2023,7,ALTO PARANÁ,PROG.FEP,0.792698900199853
DES8,2023,7,ALTO PARANÁ,PROD.FEP,4021.67947292345
DES8,2023,7,ALTO PARANÁ,TOTAL FEP,65461.7732904024
DES8,2023,7,ALTO PARANÁ,ACCID.PENF,5.0
DES8,2023,7,ALTO PARANÁ,PROG.PENF,0.7781890977147
DES8,2023,7,ALTO PARANÁ,PROD.PENF,1976.33954901482
DES8,2023,7,ALTO PARANÁ,TOTAL PENEF,60511.5520217939
DES9,2023,7,ALTO PARANÁ,ACCID.DEP,4.0
DES9,2023,7,ALTO PARANÁ,PROG.DEP,0.128804884825256
DES9,2023,7,ALTO PARANÁ,PROD.DEP,2502.61645534764
DES9,2023,7,ALTO PARANÁ,TOTAL DEP,64650.6877579743
DES9,2023,7,ALTO PARANÁ,ACCID.FEP,9.0
DES9,2023,7,ALTO PARANÁ,PROG.FEP,0.415354399768324
DES9,2023,7,ALTO PARANÁ,PROD.FEP,4879.97926820586
DES9,2023,7,ALTO PARANÁ,TOTAL FEP,66384.1138811351
DES9,2023,7,ALTO PARANÁ,ACCID.PENF,8.0
DES9,2023,7,ALTO PARANÁ,PROG.PENF,0.891843449403347
DES9,2023,7,ALTO PARANÁ,PROD.PENF,4660.12232470728
DES9,2023,7,ALTO PARANÁ,TOTAL PENEF,69406.6451805887
HER1,2023,7,ALTO PARANÁ,ACCID.DEP,4.0
HER1,2023,7,ALTO PARANÁ,PROG.DEP,0.989188925574965
HER1,2023,7,ALTO PARANÁ,PROD.DEP,2328.35046756265
DES3,2023,7,ALTO PARANÁ,PROD.DEP,2928.06950684718
HER1,2023,7,ALTO PARANÁ,ACCID.FEP,8.0
HER1,2023,7,ALTO PARANÁ,PROG.FEP,0.492076083511546
HER1,2023,7,ALTO PARANÁ,PROD.FEP,4894.07752072796
HER1,2023,7,ALTO PARANÁ,TOTAL FEP,52130.9149468786
HER1,2023,7,ALTO PARANÁ,ACCID.PENF,8.0
HER1,2023,7,ALTO PARANÁ,PROG.PENF,0.519173216645342
HER1,2023,7,ALTO PARANÁ,PROD.PENF,3755.68826279622
HER1,2023,7,ALTO PARANÁ,TOTAL PENEF,50887.097830301
HER10,2023,7,ALTO PARANÁ,ACCID.DEP,2.0
HER10,2023,7,ALTO PARANÁ,PROG.DEP,0.740173446359875
HER10,2023,7,ALTO PARANÁ,PROD.DEP,3861.15563369765
HER10,2023,7,ALTO PARANÁ,TOTAL DEP,51964.5979267338
HER10,2023,7,ALTO PARANÁ,ACCID.FEP,8.0
HER10,2023,7,ALTO PARANÁ,PROG.FEP,0.396159393302397
HER10,2023,7,ALTO PARANÁ,PROD.FEP,4893.69940424753
HER10,2023,7,ALTO PARANÁ,TOTAL FEP,69433.0867165248
HER10,2023,7,ALTO PARANÁ,ACCID.PENF,4.0
HER10,2023,7,ALTO PARANÁ,PROG.PENF,0.31086826067313
HER10,2023,7,ALTO PARANÁ,PROD.PENF,2103.86948773611
HER10,2023,7,ALTO PARANÁ,TOTAL PENEF,60719.2872876456
HER2,2023,7,ALTO PARANÁ,ACCID.DEP,6.0
HER2,2023,7,ALTO PARANÁ,PROG.DEP,0.741067863443424
HER2,2023,7,ALTO PARANÁ,PROD.DEP,3334.51344851996
HER2,2023,7,ALTO PARANÁ,TOTAL DEP,56714.3785092124
HER2,2023,7,ALTO PARANÁ,ACCID.FEP,8.0
HER2,2023,7,ALTO PARANÁ,PROG.FEP,0.284488097918077
HER2,2023,7,ALTO PARANÁ,PROD.FEP,1980.00854082187
HER2,2023,7,ALTO PARANÁ,TOTAL FEP,57082.2079516269
HER2,2023,7,ALTO PARANÁ,ACCID.PENF,1.0
HER2,2023,7,ALTO PARANÁ,PROG.PENF,0.817106994311946
DES8,2023,7,ALTO PARANÁ,PROD.DEP,2103.12354155056
HER2,2023,7,ALTO PARANÁ,TOTAL PENEF,56816.9447233307
HER7,2023,7,ALTO PARANÁ,ACCID.DEP,9.0
HER7,2023,7,ALTO PARANÁ,PROG.DEP,0.375456964213118
HER7,2023,7,ALTO PARANÁ,PROD.DEP,1285.21286545406
HER7,2023,7,ALTO PARANÁ,TOTAL DEP,60365.5882991414
DES3,2023,7,ALTO PARANÁ,TOTAL DEP,58392.2862776132
HER2,2023,7,ALTO PARANÁ,PROD.PENF,3364.79781683412
HER1,2023,7,ALTO PARANÁ,TOTAL DEP,64321.0394260086
HER7,2023,7,ALTO PARANÁ,ACCID.FEP,6.0
HER7,2023,7,ALTO PARANÁ,PROG.FEP,0.123850533489412
HER7,2023,7,ALTO PARANÁ,PROG.PENF,0.518212800703019
HER7,2023,7,ALTO PARANÁ,PROD.PENF,2564.31440287587
HER7,2023,7,ALTO PARANÁ,TOTAL PENEF,55948.4848267718
HER8,2023,7,ALTO PARANÁ,ACCID.DEP,3.0
HER8,2023,7,ALTO PARANÁ,PROG.DEP,0.572335240545987
HER8,2023,7,ALTO PARANÁ,PROD.DEP,3362.28769429916
HER8,2023,7,ALTO PARANÁ,TOTAL DEP,63469.1732849067
HER8,2023,7,ALTO PARANÁ,PROG.FEP,0.465602401010971
HER8,2023,7,ALTO PARANÁ,ACCID.FEP,9.0
HER8,2023,7,ALTO PARANÁ,PROD.FEP,3701.35556679644
HER8,2023,7,ALTO PARANÁ,TOTAL FEP,69585.0626334928
HER8,2023,7,ALTO PARANÁ,ACCID.PENF,5.0
HER8,2023,7,ALTO PARANÁ,PROG.PENF,0.526329834674863
HER8,2023,7,ALTO PARANÁ,PROD.PENF,3617.38457647689
HER8,2023,7,ALTO PARANÁ,TOTAL PENEF,60610.2045721748
HER9,2023,7,ALTO PARANÁ,ACCID.DEP,1.0
HER9,2023,7,ALTO PARANÁ,PROG.DEP,0.255646413100517
HER9,2023,7,ALTO PARANÁ,PROD.DEP,2999.06125658372
HER9,2023,7,ALTO PARANÁ,TOTAL DEP,69118.7158883738
HER9,2023,7,ALTO PARANÁ,ACCID.FEP,5.0
HER9,2023,7,ALTO PARANÁ,PROG.FEP,0.20398071185423
HER9,2023,7,ALTO PARANÁ,PROD.FEP,1464.60226861049
HER9,2023,7,ALTO PARANÁ,TOTAL FEP,58325.2964424894
HER9,2023,7,ALTO PARANÁ,ACCID.PENF,1.0
HER9,2023,7,ALTO PARANÁ,PROG.PENF,0.252619456280232
HER9,2023,7,ALTO PARANÁ,PROD.PENF,3219.56469843973
HER9,2023,7,ALTO PARANÁ,TOTAL PENEF,68331.1473719725
IRY1,2023,7,ALTO PARANÁ,ACCID.DEP,0.0
IRY1,2023,7,ALTO PARANÁ,PROG.DEP,0.404873041760593
IRY1,2023,7,ALTO PARANÁ,PROD.DEP,2036.7265301931
IRY1,2023,7,ALTO PARANÁ,TOTAL DEP,59004.2147750728
IRY1,2023,7,ALTO PARANÁ,ACCID.FEP,5.0
IRY1,2023,7,ALTO PARANÁ,PROD.FEP,2253.05492527396
IRY1,2023,7,ALTO PARANÁ,PROG.FEP,0.455945304539573
IRY1,2023,7,ALTO PARANÁ,ACCID.PENF,3.0
IRY1,2023,7,ALTO PARANÁ,TOTAL FEP,62649.0152642859
IRY1,2023,7,ALTO PARANÁ,PROG.PENF,0.789644449355246
IRY1,2023,7,ALTO PARANÁ,PROD.PENF,2497.36558290033
IRY1,2023,7,ALTO PARANÁ,TOTAL PENEF,64548.507051312
IRY2,2023,7,ALTO PARANÁ,PROG.DEP,0.565905862149273
IRY2,2023,7,ALTO PARANÁ,ACCID.DEP,3.0
IRY2,2023,7,ALTO PARANÁ,PROD.DEP,3163.74079523742
IRY2,2023,7,ALTO PARANÁ,TOTAL DEP,52870.2425040346
IRY2,2023,7,ALTO PARANÁ,ACCID.FEP,5.0
IRY2,2023,7,ALTO PARANÁ,PROG.FEP,0.320310276493122
IRY2,2023,7,ALTO PARANÁ,PROD.FEP,3204.22181948455
IRY2,2023,7,ALTO PARANÁ,TOTAL FEP,60378.3278858675
IRY2,2023,7,ALTO PARANÁ,ACCID.PENF,0.0
IRY2,2023,7,ALTO PARANÁ,PROG.PENF,0.540647022771024
IRY2,2023,7,ALTO PARANÁ,PROD.PENF,3153.41848517539
IRY2,2023,7,ALTO PARANÁ,TOTAL PENEF,63952.007946318
IRY3,2023,7,ALTO PARANÁ,ACCID.DEP,0.0
IRY3,2023,7,ALTO PARANÁ,PROG.DEP,0.684033847464849
IRY3,2023,7,ALTO PARANÁ,PROD.DEP,3365.70174344689
IRY3,2023,7,ALTO PARANÁ,TOTAL DEP,54284.2579592645
IRY3,2023,7,ALTO PARANÁ,ACCID.FEP,5.0
IRY3,2023,7,ALTO PARANÁ,PROG.FEP,0.997736028503707
IRY3,2023,7,ALTO PARANÁ,PROD.FEP,4399.37767164486
IRY3,2023,7,ALTO PARANÁ,TOTAL FEP,60753.7738927078
IRY3,2023,7,ALTO PARANÁ,ACCID.PENF,3.0
IRY3,2023,7,ALTO PARANÁ,PROG.PENF,0.964146180151454
IRY3,2023,7,ALTO PARANÁ,PROD.PENF,3604.69484811928
IRY3,2023,7,ALTO PARANÁ,TOTAL PENEF,52569.0614023192
IRY4,2023,7,ALTO PARANÁ,ACCID.DEP,3.0
IRY4,2023,7,ALTO PARANÁ,PROG.DEP,0.677396111711649
IRY4,2023,7,ALTO PARANÁ,PROD.DEP,2392.39343066198
IRY4,2023,7,ALTO PARANÁ,ACCID.FEP,0.0
IRY4,2023,7,ALTO PARANÁ,TOTAL DEP,52628.8615049316
IRY4,2023,7,ALTO PARANÁ,PROD.FEP,1235.96488075301
IRY4,2023,7,ALTO PARANÁ,PROG.FEP,0.632860058667865
IRY4,2023,7,ALTO PARANÁ,TOTAL FEP,63242.1498182542
IRY4,2023,7,ALTO PARANÁ,PROG.PENF,0.351415518152586
IRY4,2023,7,ALTO PARANÁ,ACCID.PENF,3.0
IRY4,2023,7,ALTO PARANÁ,PROD.PENF,3468.40453326223
IRY4,2023,7,ALTO PARANÁ,TOTAL PENEF,62658.3990961798
JEP1,2023,7,CANINDEYU,ACCID.DEP,6.0
JEP1,2023,7,CANINDEYU,PROD.DEP,2726.42156110297
JEP1,2023,7,CANINDEYU,PROG.DEP,0.787721831181989
JEP1,2023,7,CANINDEYU,TOTAL DEP,60162.8188785253
JEP1,2023,7,CANINDEYU,ACCID.FEP,1.0
JEP1,2023,7,CANINDEYU,PROG.FEP,0.254978647652068
JEP1,2023,7,CANINDEYU,PROD.FEP,4108.29256032615
JEP1,2023,7,CANINDEYU,ACCID.PENF,8.0
JEP1,2023,7,CANINDEYU,TOTAL FEP,59658.857417881
JEP1,2023,7,CANINDEYU,PROG.PENF,0.7782378990925
JEP1,2023,7,CANINDEYU,PROD.PENF,4444.38047562304
JEP1,2023,7,CANINDEYU,TOTAL PENEF,64495.2026481978
JEP2,2023,7,CANINDEYU,ACCID.DEP,2.0
JEP2,2023,7,CANINDEYU,PROG.DEP,0.987265778450921
JEP2,2023,7,CANINDEYU,PROD.DEP,2578.68942495191
JEP2,2023,7,CANINDEYU,TOTAL DEP,52110.1821209844
JEP2,2023,7,CANINDEYU,ACCID.FEP,8.0
JEP2,2023,7,CANINDEYU,PROG.FEP,0.45998492159857
JEP2,2023,7,CANINDEYU,PROD.FEP,4564.49715718707
JEP2,2023,7,CANINDEYU,TOTAL FEP,56821.7392739026
HER7,2023,7,ALTO PARANÁ,PROD.FEP,1324.77696188101
HER7,2023,7,ALTO PARANÁ,TOTAL FEP,57472.1172101589
HER7,2023,7,ALTO PARANÁ,ACCID.PENF,7.0
JEP2,2023,7,CANINDEYU,TOTAL PENEF,57466.0795598782
JEP3,2023,7,CANINDEYU,ACCID.DEP,1.0
JEP3,2023,7,CANINDEYU,PROG.DEP,0.589851059389719
JEP3,2023,7,CANINDEYU,PROD.DEP,4038.14331893611
JEP3,2023,7,CANINDEYU,TOTAL DEP,59826.491371586
JEP3,2023,7,CANINDEYU,ACCID.FEP,6.0
JEP3,2023,7,CANINDEYU,PROG.FEP,0.762749536693487
JEP3,2023,7,CANINDEYU,PROD.FEP,3286.66998522376
JEP3,2023,7,CANINDEYU,TOTAL FEP,62306.0743824914
JEP3,2023,7,CANINDEYU,ACCID.PENF,0.0
JEP3,2023,7,CANINDEYU,PROG.PENF,0.35721083671106
JEP3,2023,7,CANINDEYU,PROD.PENF,3804.54584370385
JEP3,2023,7,CANINDEYU,TOTAL PENEF,61684.5642017028
JEP4,2023,7,CANINDEYU,ACCID.DEP,9.0
JEP4,2023,7,CANINDEYU,PROG.DEP,0.942328483421397
JEP4,2023,7,CANINDEYU,PROD.DEP,2318.31801033333
JEP4,2023,7,CANINDEYU,TOTAL DEP,62540.6840002009
JEP4,2023,7,CANINDEYU,ACCID.FEP,7.0
JEP4,2023,7,CANINDEYU,PROG.FEP,0.511279750596018
JEP4,2023,7,CANINDEYU,PROD.FEP,2089.92098907342
JEP4,2023,7,CANINDEYU,TOTAL FEP,68147.6994740389
JEP4,2023,7,CANINDEYU,ACCID.PENF,6.0
JEP4,2023,7,CANINDEYU,PROG.PENF,0.251200667743114
JEP4,2023,7,CANINDEYU,PROD.PENF,3345.22682517893
JEP2,2023,7,CANINDEYU,PROG.PENF,0.148660280891303
JLM1,2023,7,ALTO PARANÁ,ACCID.DEP,3.0
JLM1,2023,7,ALTO PARANÁ,PROG.DEP,0.103157427054526
JLM1,2023,7,ALTO PARANÁ,PROD.DEP,4902.06274021493
JLM1,2023,7,ALTO PARANÁ,TOTAL DEP,58831.0135187755
JLM1,2023,7,ALTO PARANÁ,ACCID.FEP,1.0
JLM1,2023,7,ALTO PARANÁ,PROG.FEP,0.850121004775554
JLM1,2023,7,ALTO PARANÁ,PROD.FEP,2510.90315535272
JLM1,2023,7,ALTO PARANÁ,TOTAL FEP,56775.7389260215
JLM1,2023,7,ALTO PARANÁ,ACCID.PENF,9.0
JLM1,2023,7,ALTO PARANÁ,PROG.PENF,0.421206647771113
JLM1,2023,7,ALTO PARANÁ,PROD.PENF,3309.69629871449
JLM1,2023,7,ALTO PARANÁ,TOTAL PENEF,64527.4101336172
JLM2,2023,7,ALTO PARANÁ,ACCID.DEP,6.0
JLM2,2023,7,ALTO PARANÁ,PROD.DEP,3846.85403482759
JLM2,2023,7,ALTO PARANÁ,PROG.DEP,0.714942304696013
JLM2,2023,7,ALTO PARANÁ,TOTAL DEP,62047.9476725034
JLM2,2023,7,ALTO PARANÁ,ACCID.FEP,4.0
JLM2,2023,7,ALTO PARANÁ,PROG.FEP,0.944408977233893
JLM2,2023,7,ALTO PARANÁ,PROD.FEP,3200.78517870888
JLM2,2023,7,ALTO PARANÁ,TOTAL FEP,55210.0854951277
JLM2,2023,7,ALTO PARANÁ,ACCID.PENF,5.0
JLM2,2023,7,ALTO PARANÁ,PROG.PENF,0.29848871890192
JLM2,2023,7,ALTO PARANÁ,PROD.PENF,3992.04686008851
JLM2,2023,7,ALTO PARANÁ,TOTAL PENEF,51796.4042905813
JLM3,2023,7,ALTO PARANÁ,ACCID.DEP,1.0
JLM3,2023,7,ALTO PARANÁ,PROG.DEP,0.974110326341113
JLM3,2023,7,ALTO PARANÁ,PROD.DEP,2091.2893178054
JLM3,2023,7,ALTO PARANÁ,TOTAL DEP,58832.6830834506
JLM3,2023,7,ALTO PARANÁ,ACCID.FEP,8.0
JLM3,2023,7,ALTO PARANÁ,PROG.FEP,0.927962654988992
JLM3,2023,7,ALTO PARANÁ,PROD.FEP,2885.09097478433
JLM3,2023,7,ALTO PARANÁ,ACCID.PENF,9.0
JLM3,2023,7,ALTO PARANÁ,TOTAL FEP,63054.8993598625
JLM3,2023,7,ALTO PARANÁ,PROG.PENF,0.91366276826796
JLM3,2023,7,ALTO PARANÁ,PROD.PENF,3380.0272200691
JLM3,2023,7,ALTO PARANÁ,TOTAL PENEF,57313.6452095839
K152,2023,7,ALTO PARANÁ,ACCID.DEP,0.0
K152,2023,7,ALTO PARANÁ,PROG.DEP,0.52534236331294
K152,2023,7,ALTO PARANÁ,PROD.DEP,3602.47889198414
K152,2023,7,ALTO PARANÁ,TOTAL DEP,68945.7730664644
K152,2023,7,ALTO PARANÁ,ACCID.FEP,0.0
K152,2023,7,ALTO PARANÁ,PROG.FEP,0.272139113371529
K152,2023,7,ALTO PARANÁ,PROD.FEP,2455.35921464395
K152,2023,7,ALTO PARANÁ,TOTAL FEP,69779.2519721683
K152,2023,7,ALTO PARANÁ,ACCID.PENF,5.0
K152,2023,7,ALTO PARANÁ,PROG.PENF,0.247360698536788
K152,2023,7,ALTO PARANÁ,PROD.PENF,1061.43795791287
K152,2023,7,ALTO PARANÁ,TOTAL PENEF,53152.1773558769
K153,2023,7,ALTO PARANÁ,ACCID.DEP,4.0
K153,2023,7,ALTO PARANÁ,PROG.DEP,0.607915411861069
K153,2023,7,ALTO PARANÁ,PROD.DEP,3444.33139132469
K153,2023,7,ALTO PARANÁ,TOTAL DEP,60370.2510210704
K153,2023,7,ALTO PARANÁ,ACCID.FEP,9.0
K153,2023,7,ALTO PARANÁ,PROG.FEP,0.946929867373115
K153,2023,7,ALTO PARANÁ,PROD.FEP,3034.22905054618
K153,2023,7,ALTO PARANÁ,TOTAL FEP,69948.8009285142
K153,2023,7,ALTO PARANÁ,ACCID.PENF,7.0
K153,2023,7,ALTO PARANÁ,PROG.PENF,0.278872876721973
K153,2023,7,ALTO PARANÁ,PROD.PENF,4509.89297644846
K153,2023,7,ALTO PARANÁ,TOTAL PENEF,50275.6114468594
K154,2023,7,ALTO PARANÁ,ACCID.DEP,9.0
K154,2023,7,ALTO PARANÁ,PROG.DEP,0.901230660367757
K154,2023,7,ALTO PARANÁ,PROD.DEP,3512.99888751417
K154,2023,7,ALTO PARANÁ,TOTAL DEP,52772.286835214
K154,2023,7,ALTO PARANÁ,ACCID.FEP,0.0
K154,2023,7,ALTO PARANÁ,PROG.FEP,0.171226398738933
K154,2023,7,ALTO PARANÁ,PROD.FEP,4378.01926601886
K154,2023,7,ALTO PARANÁ,TOTAL FEP,51495.852166191
K154,2023,7,ALTO PARANÁ,ACCID.PENF,9.0
K154,2023,7,ALTO PARANÁ,PROG.PENF,0.114107977803943
K154,2023,7,ALTO PARANÁ,PROD.PENF,4245.76151158014
K154,2023,7,ALTO PARANÁ,TOTAL PENEF,68839.0331957672
JEP2,2023,7,CANINDEYU,PROD.PENF,4091.40633652506
JEP2,2023,7,CANINDEYU,ACCID.PENF,8.0
JEP4,2023,7,CANINDEYU,TOTAL PENEF,57286.2612610613
K155,2023,7,ALTO PARANÁ,ACCID.DEP,2.0
K155,2023,7,ALTO PARANÁ,PROG.DEP,0.501925738186356
K155,2023,7,ALTO PARANÁ,PROG.FEP,0.215022038747892
K155,2023,7,ALTO PARANÁ,PROD.FEP,2567.16213870629
K155,2023,7,ALTO PARANÁ,TOTAL FEP,51749.9979083917
K155,2023,7,ALTO PARANÁ,ACCID.PENF,4.0
K155,2023,7,ALTO PARANÁ,PROG.PENF,0.790944512820566
K155,2023,7,ALTO PARANÁ,PROD.PENF,2103.35156596112
K155,2023,7,ALTO PARANÁ,TOTAL PENEF,67942.5058489877
K156,2023,7,ALTO PARANÁ,ACCID.DEP,0.0
K156,2023,7,ALTO PARANÁ,PROG.DEP,0.15596814253537
K156,2023,7,ALTO PARANÁ,PROD.DEP,2200.54306947941
K156,2023,7,ALTO PARANÁ,TOTAL DEP,58236.2131245655
K156,2023,7,ALTO PARANÁ,PROG.FEP,0.838601716847081
K156,2023,7,ALTO PARANÁ,PROD.FEP,1283.42373920149
K156,2023,7,ALTO PARANÁ,ACCID.FEP,3.0
K156,2023,7,ALTO PARANÁ,TOTAL FEP,51767.9796000231
K156,2023,7,ALTO PARANÁ,ACCID.PENF,4.0
K156,2023,7,ALTO PARANÁ,PROD.PENF,3017.51657582064
K156,2023,7,ALTO PARANÁ,PROG.PENF,0.20514912760211
K156,2023,7,ALTO PARANÁ,TOTAL PENEF,66726.1470155044
K157,2023,7,ALTO PARANÁ,ACCID.DEP,3.0
K157,2023,7,ALTO PARANÁ,PROG.DEP,0.203866792971534
K157,2023,7,ALTO PARANÁ,PROD.DEP,4914.00170654633
K157,2023,7,ALTO PARANÁ,TOTAL DEP,56518.8472393809
K157,2023,7,ALTO PARANÁ,ACCID.FEP,4.0
K157,2023,7,ALTO PARANÁ,PROG.FEP,0.804547096037406
K157,2023,7,ALTO PARANÁ,PROD.FEP,2977.90517044038
K157,2023,7,ALTO PARANÁ,TOTAL FEP,66332.2053104446
K157,2023,7,ALTO PARANÁ,ACCID.PENF,3.0
K157,2023,7,ALTO PARANÁ,PROG.PENF,0.705619424405141
K157,2023,7,ALTO PARANÁ,PROD.PENF,2276.33794138118
K157,2023,7,ALTO PARANÁ,TOTAL PENEF,64936.5359811119
K158,2023,7,ALTO PARANÁ,ACCID.DEP,1.0
K158,2023,7,ALTO PARANÁ,PROG.DEP,0.790145295002136
K158,2023,7,ALTO PARANÁ,PROD.DEP,1285.42842896024
K158,2023,7,ALTO PARANÁ,TOTAL DEP,60862.1558269026
K158,2023,7,ALTO PARANÁ,ACCID.FEP,9.0
K158,2023,7,ALTO PARANÁ,PROG.FEP,0.466292766475882
K158,2023,7,ALTO PARANÁ,PROD.FEP,4662.98599825847
K158,2023,7,ALTO PARANÁ,TOTAL FEP,63672.6979665422
K158,2023,7,ALTO PARANÁ,ACCID.PENF,7.0
K158,2023,7,ALTO PARANÁ,PROG.PENF,0.717679668715713
K158,2023,7,ALTO PARANÁ,PROD.PENF,1244.60573999775
K158,2023,7,ALTO PARANÁ,TOTAL PENEF,60499.8925929176
K159,2023,7,ALTO PARANÁ,ACCID.DEP,5.0
K159,2023,7,ALTO PARANÁ,PROG.DEP,0.19750110023568
K159,2023,7,ALTO PARANÁ,PROD.DEP,2383.39460232467
K159,2023,7,ALTO PARANÁ,TOTAL DEP,52004.106888397
K159,2023,7,ALTO PARANÁ,ACCID.FEP,2.0
K159,2023,7,ALTO PARANÁ,PROG.FEP,0.954160689095855
K159,2023,7,ALTO PARANÁ,PROD.FEP,3837.17348418765
K159,2023,7,ALTO PARANÁ,TOTAL FEP,53903.795393035
K159,2023,7,ALTO PARANÁ,ACCID.PENF,4.0
K159,2023,7,ALTO PARANÁ,PROG.PENF,0.310614934589627
K159,2023,7,ALTO PARANÁ,PROD.PENF,1043.58162694976
K159,2023,7,ALTO PARANÁ,TOTAL PENEF,63153.1752785224
K301,2023,7,ALTO PARANÁ,ACCID.DEP,0.0
K301,2023,7,ALTO PARANÁ,PROG.DEP,0.907012463833763
K301,2023,7,ALTO PARANÁ,PROD.DEP,3446.33170393311
K301,2023,7,ALTO PARANÁ,TOTAL DEP,63874.8807508593
K301,2023,7,ALTO PARANÁ,ACCID.FEP,6.0
K301,2023,7,ALTO PARANÁ,PROG.FEP,0.755695779744233
K301,2023,7,ALTO PARANÁ,PROD.FEP,4795.09491322862
K301,2023,7,ALTO PARANÁ,TOTAL FEP,69714.3976783488
K301,2023,7,ALTO PARANÁ,ACCID.PENF,0.0
K301,2023,7,ALTO PARANÁ,PROG.PENF,0.798745729089425
K301,2023,7,ALTO PARANÁ,PROD.PENF,1874.61612972492
K301,2023,7,ALTO PARANÁ,TOTAL PENEF,50885.3697258014
K302,2023,7,ALTO PARANÁ,ACCID.DEP,5.0
K302,2023,7,ALTO PARANÁ,PROG.DEP,0.93057310797704
K302,2023,7,ALTO PARANÁ,PROD.DEP,4136.86070852061
K302,2023,7,ALTO PARANÁ,TOTAL DEP,68581.2468205851
K302,2023,7,ALTO PARANÁ,ACCID.FEP,4.0
K302,2023,7,ALTO PARANÁ,PROG.FEP,0.558765140670798
K302,2023,7,ALTO PARANÁ,PROD.FEP,4971.0035840476
K302,2023,7,ALTO PARANÁ,TOTAL FEP,52924.4574271542
K302,2023,7,ALTO PARANÁ,ACCID.PENF,7.0
K302,2023,7,ALTO PARANÁ,PROG.PENF,0.644553816911434
K302,2023,7,ALTO PARANÁ,PROD.PENF,2275.94567828651
K302,2023,7,ALTO PARANÁ,TOTAL PENEF,53197.4432210402
K303,2023,7,ALTO PARANÁ,ACCID.DEP,4.0
K303,2023,7,ALTO PARANÁ,PROG.DEP,0.737842604124185
K303,2023,7,ALTO PARANÁ,PROD.DEP,4544.18718405805
K303,2023,7,ALTO PARANÁ,TOTAL DEP,65965.2957361693
K303,2023,7,ALTO PARANÁ,ACCID.FEP,0.0
K303,2023,7,ALTO PARANÁ,PROG.FEP,0.392720796436178
K303,2023,7,ALTO PARANÁ,PROD.FEP,2098.16221980206
K303,2023,7,ALTO PARANÁ,TOTAL FEP,65403.7471127947
K303,2023,7,ALTO PARANÁ,ACCID.PENF,8.0
K303,2023,7,ALTO PARANÁ,PROG.PENF,0.463606419614454
K303,2023,7,ALTO PARANÁ,PROD.PENF,1603.13252387005
K303,2023,7,ALTO PARANÁ,TOTAL PENEF,52125.6908286133
K304,2023,7,ALTO PARANÁ,ACCID.DEP,5.0
K304,2023,7,ALTO PARANÁ,PROG.DEP,0.606599223899319
K304,2023,7,ALTO PARANÁ,PROD.DEP,4709.97999407011
K304,2023,7,ALTO PARANÁ,TOTAL DEP,54803.908468036
K155,2023,7,ALTO PARANÁ,PROD.DEP,3225.54081377234
K155,2023,7,ALTO PARANÁ,TOTAL DEP,60497.2439008714
K155,2023,7,ALTO PARANÁ,ACCID.FEP,3.0
K304,2023,7,ALTO PARANÁ,ACCID.FEP,5.0
K304,2023,7,ALTO PARANÁ,ACCID.PENF,7.0
K304,2023,7,ALTO PARANÁ,PROG.PENF,0.58940226367862
K304,2023,7,ALTO PARANÁ,PROD.PENF,4283.60553563744
K304,2023,7,ALTO PARANÁ,TOTAL PENEF,59714.6776811352
K305,2023,7,ALTO PARANÁ,ACCID.DEP,8.0
K305,2023,7,ALTO PARANÁ,PROG.DEP,0.840243713215567
K305,2023,7,ALTO PARANÁ,PROD.DEP,4936.18869050341
K305,2023,7,ALTO PARANÁ,TOTAL DEP,66232.638122871
K305,2023,7,ALTO PARANÁ,ACCID.FEP,7.0
K305,2023,7,ALTO PARANÁ,PROG.FEP,0.584953791466404
K305,2023,7,ALTO PARANÁ,PROD.FEP,3227.10690333701
K305,2023,7,ALTO PARANÁ,TOTAL FEP,57193.4899260682
K305,2023,7,ALTO PARANÁ,ACCID.PENF,7.0
K305,2023,7,ALTO PARANÁ,PROG.PENF,0.369867095406636
K305,2023,7,ALTO PARANÁ,PROD.PENF,3276.11609926932
K305,2023,7,ALTO PARANÁ,TOTAL PENEF,50138.7497473554
K306,2023,7,ALTO PARANÁ,ACCID.DEP,1.0
K306,2023,7,ALTO PARANÁ,PROG.DEP,0.963930278915148
K306,2023,7,ALTO PARANÁ,PROD.DEP,1455.13762895487
K306,2023,7,ALTO PARANÁ,TOTAL DEP,56824.1327979432
K304,2023,7,ALTO PARANÁ,PROD.FEP,1259.21457062547
K306,2023,7,ALTO PARANÁ,PROG.FEP,0.834790364524906
K306,2023,7,ALTO PARANÁ,PROD.FEP,2746.6600804915
K306,2023,7,ALTO PARANÁ,TOTAL FEP,50375.7231871712
K306,2023,7,ALTO PARANÁ,ACCID.PENF,4.0
K306,2023,7,ALTO PARANÁ,PROG.PENF,0.536995150694737
K306,2023,7,ALTO PARANÁ,PROD.PENF,2259.66468554471
K306,2023,7,ALTO PARANÁ,TOTAL PENEF,62682.2604101633
K307,2023,7,ALTO PARANÁ,ACCID.DEP,7.0
K307,2023,7,ALTO PARANÁ,PROG.DEP,0.508710972995531
K307,2023,7,ALTO PARANÁ,PROD.DEP,4213.1758032135
K307,2023,7,ALTO PARANÁ,TOTAL DEP,62774.2602899955
K307,2023,7,ALTO PARANÁ,ACCID.FEP,4.0
K307,2023,7,ALTO PARANÁ,PROG.FEP,0.485440163439606
K307,2023,7,ALTO PARANÁ,PROD.FEP,1276.76774483997
K307,2023,7,ALTO PARANÁ,TOTAL FEP,52099.3123091213
K304,2023,7,ALTO PARANÁ,TOTAL FEP,54264.4482663373
K307,2023,7,ALTO PARANÁ,PROG.PENF,0.104856211995632
K307,2023,7,ALTO PARANÁ,PROD.PENF,3580.69685635635
K307,2023,7,ALTO PARANÁ,TOTAL PENEF,56882.6675072683
K308,2023,7,ALTO PARANÁ,ACCID.DEP,2.0
K308,2023,7,ALTO PARANÁ,PROG.DEP,0.635349663935742
K308,2023,7,ALTO PARANÁ,PROD.DEP,4706.4963347709
K308,2023,7,ALTO PARANÁ,TOTAL DEP,64518.4726701652
K308,2023,7,ALTO PARANÁ,ACCID.FEP,0.0
K308,2023,7,ALTO PARANÁ,PROG.FEP,0.639167799856211
K308,2023,7,ALTO PARANÁ,PROD.FEP,4112.84655152026
K308,2023,7,ALTO PARANÁ,TOTAL FEP,51119.4295855602
K308,2023,7,ALTO PARANÁ,ACCID.PENF,4.0
K308,2023,7,ALTO PARANÁ,PROG.PENF,0.297629921091435
K308,2023,7,ALTO PARANÁ,PROD.PENF,1175.55587467409
K308,2023,7,ALTO PARANÁ,TOTAL PENEF,64020.3726337987
MCE1,2023,7,ALTO PARANÁ,ACCID.DEP,1.0
MCE1,2023,7,ALTO PARANÁ,PROG.DEP,0.513927384316442
MCE1,2023,7,ALTO PARANÁ,PROD.DEP,4349.5777834157
MCE1,2023,7,ALTO PARANÁ,TOTAL DEP,66078.2418976035
MCE1,2023,7,ALTO PARANÁ,ACCID.FEP,6.0
MCE1,2023,7,ALTO PARANÁ,PROG.FEP,0.988775127451424
MCE1,2023,7,ALTO PARANÁ,PROD.FEP,1862.8460767234
MCE1,2023,7,ALTO PARANÁ,TOTAL FEP,50582.0960972579
MCE1,2023,7,ALTO PARANÁ,ACCID.PENF,8.0
MCE1,2023,7,ALTO PARANÁ,PROG.PENF,0.75218474107558
MCE1,2023,7,ALTO PARANÁ,PROD.PENF,1484.5272447406
MCE1,2023,7,ALTO PARANÁ,TOTAL PENEF,52900.718484365
MCE2,2023,7,ALTO PARANÁ,ACCID.DEP,5.0
MCE2,2023,7,ALTO PARANÁ,PROG.DEP,0.802724646851284
MCE2,2023,7,ALTO PARANÁ,PROD.DEP,4092.31308268847
MCE2,2023,7,ALTO PARANÁ,TOTAL DEP,54065.7906793201
MCE2,2023,7,ALTO PARANÁ,ACCID.FEP,7.0
MCE2,2023,7,ALTO PARANÁ,PROG.FEP,0.398160967884793
MCE2,2023,7,ALTO PARANÁ,PROD.FEP,2116.8865383105
MCE2,2023,7,ALTO PARANÁ,TOTAL FEP,69707.5508531181
MCE2,2023,7,ALTO PARANÁ,ACCID.PENF,2.0
MCE2,2023,7,ALTO PARANÁ,PROG.PENF,0.56778404395646
MCE2,2023,7,ALTO PARANÁ,PROD.PENF,2817.35790854739
MCE2,2023,7,ALTO PARANÁ,TOTAL PENEF,60002.5378287412
MCE3,2023,7,ALTO PARANÁ,ACCID.DEP,7.0
MCE3,2023,7,ALTO PARANÁ,PROG.DEP,0.537400615608957
MCE3,2023,7,ALTO PARANÁ,PROD.DEP,4188.15777793441
MCE3,2023,7,ALTO PARANÁ,TOTAL DEP,69527.8198419268
MCE3,2023,7,ALTO PARANÁ,ACCID.FEP,4.0
MCE3,2023,7,ALTO PARANÁ,PROG.FEP,0.365650358686634
MCE3,2023,7,ALTO PARANÁ,PROD.FEP,2979.43558297662
MCE3,2023,7,ALTO PARANÁ,TOTAL FEP,61697.7134394996
MCE3,2023,7,ALTO PARANÁ,ACCID.PENF,0.0
MCE3,2023,7,ALTO PARANÁ,PROG.PENF,0.744179502302586
MCE3,2023,7,ALTO PARANÁ,PROD.PENF,4529.3385231363
MCE4,2023,7,ALTO PARANÁ,ACCID.DEP,5.0
MCE3,2023,7,ALTO PARANÁ,TOTAL PENEF,67308.5515672793
MCE4,2023,7,ALTO PARANÁ,PROD.DEP,4099.98110418558
MCE4,2023,7,ALTO PARANÁ,TOTAL DEP,50106.5685853075
MCE4,2023,7,ALTO PARANÁ,PROG.DEP,0.511156431680546
MCE4,2023,7,ALTO PARANÁ,ACCID.FEP,4.0
MCE4,2023,7,ALTO PARANÁ,PROG.FEP,0.622081535433145
MCE4,2023,7,ALTO PARANÁ,PROD.FEP,1216.9742060924
MCE4,2023,7,ALTO PARANÁ,TOTAL FEP,61952.0163686736
K304,2023,7,ALTO PARANÁ,PROG.FEP,0.722544053400701
K306,2023,7,ALTO PARANÁ,ACCID.FEP,8.0
K307,2023,7,ALTO PARANÁ,ACCID.PENF,8.0
MCE4,2023,7,ALTO PARANÁ,ACCID.PENF,4.0
MCE4,2023,7,ALTO PARANÁ,PROG.PENF,0.152837334729055
MCE5,2023,7,ALTO PARANÁ,PROG.DEP,0.127867346942041
MCE5,2023,7,ALTO PARANÁ,PROD.DEP,2003.08622577607
MCE5,2023,7,ALTO PARANÁ,TOTAL DEP,64058.5969777286
MCE5,2023,7,ALTO PARANÁ,ACCID.FEP,8.0
MCE5,2023,7,ALTO PARANÁ,PROG.FEP,0.454202226643438
MCE5,2023,7,ALTO PARANÁ,PROD.FEP,3441.26660903502
MCE5,2023,7,ALTO PARANÁ,TOTAL FEP,57118.7368397431
MCE5,2023,7,ALTO PARANÁ,ACCID.PENF,8.0
MCE5,2023,7,ALTO PARANÁ,PROG.PENF,0.79538054964208
MCE5,2023,7,ALTO PARANÁ,PROD.PENF,2654.62270253503
MCE5,2023,7,ALTO PARANÁ,TOTAL PENEF,51323.5118500596
MCE6,2023,7,ALTO PARANÁ,ACCID.DEP,2.0
MCE6,2023,7,ALTO PARANÁ,PROG.DEP,0.424204448168076
MCE6,2023,7,ALTO PARANÁ,PROD.DEP,4966.60737076498
MCE6,2023,7,ALTO PARANÁ,TOTAL DEP,67079.721646941
MCE6,2023,7,ALTO PARANÁ,ACCID.FEP,8.0
MCE6,2023,7,ALTO PARANÁ,PROG.FEP,0.136757637663332
MCE6,2023,7,ALTO PARANÁ,PROD.FEP,1252.74981836756
MCE6,2023,7,ALTO PARANÁ,TOTAL FEP,64551.3573297831
MCE6,2023,7,ALTO PARANÁ,ACCID.PENF,6.0
MCE6,2023,7,ALTO PARANÁ,PROG.PENF,0.68084820801946
MCE6,2023,7,ALTO PARANÁ,PROD.PENF,2326.20972215358
MCE6,2023,7,ALTO PARANÁ,TOTAL PENEF,53134.8773275625
MCE7,2023,7,ALTO PARANÁ,ACCID.DEP,6.0
MCE7,2023,7,ALTO PARANÁ,PROG.DEP,0.873424234146818
MCE7,2023,7,ALTO PARANÁ,PROD.DEP,3660.2062435125
MCE7,2023,7,ALTO PARANÁ,TOTAL DEP,57353.5756731809
MCE7,2023,7,ALTO PARANÁ,ACCID.FEP,1.0
MCE7,2023,7,ALTO PARANÁ,PROG.FEP,0.680507799226155
MCE7,2023,7,ALTO PARANÁ,PROD.FEP,1285.28336948629
MCE7,2023,7,ALTO PARANÁ,TOTAL FEP,55006.3561581858
MCE7,2023,7,ALTO PARANÁ,ACCID.PENF,3.0
MCE7,2023,7,ALTO PARANÁ,PROG.PENF,0.457323292598501
MCE7,2023,7,ALTO PARANÁ,PROD.PENF,4895.72752226963
MCE7,2023,7,ALTO PARANÁ,TOTAL PENEF,56331.421863084
MPO1,2023,7,ALTO PARANÁ,ACCID.DEP,7.0
MPO1,2023,7,ALTO PARANÁ,PROG.DEP,0.455205749006578
MPO1,2023,7,ALTO PARANÁ,PROD.DEP,4861.72302918131
MPO1,2023,7,ALTO PARANÁ,TOTAL DEP,52182.3156788186
MPO1,2023,7,ALTO PARANÁ,ACCID.FEP,7.0
MPO1,2023,7,ALTO PARANÁ,PROG.FEP,0.646285748745196
MPO1,2023,7,ALTO PARANÁ,PROD.FEP,1808.19276314537
MPO1,2023,7,ALTO PARANÁ,TOTAL FEP,65303.6962004735
MPO1,2023,7,ALTO PARANÁ,ACCID.PENF,4.0
MPO1,2023,7,ALTO PARANÁ,PROG.PENF,0.801103840176026
MPO1,2023,7,ALTO PARANÁ,PROD.PENF,4977.74711576747
MPO1,2023,7,ALTO PARANÁ,TOTAL PENEF,63827.563608122
MPO2,2023,7,CANINDEYU,ACCID.DEP,3.0
MPO2,2023,7,CANINDEYU,PROG.DEP,0.205087337889002
MPO2,2023,7,CANINDEYU,PROD.DEP,3081.9872887934
MPO2,2023,7,CANINDEYU,TOTAL DEP,51274.7705778056
MPO2,2023,7,CANINDEYU,ACCID.FEP,5.0
MPO2,2023,7,CANINDEYU,PROG.FEP,0.938520710799713
MPO2,2023,7,CANINDEYU,PROD.FEP,3257.51018122616
MPO2,2023,7,CANINDEYU,TOTAL FEP,53159.9172068822
MPO2,2023,7,CANINDEYU,ACCID.PENF,1.0
MPO2,2023,7,CANINDEYU,PROG.PENF,0.736653610505768
MPO2,2023,7,CANINDEYU,PROD.PENF,4667.55508701379
MPO2,2023,7,CANINDEYU,TOTAL PENEF,60628.4400042889
MPO3,2023,7,ALTO PARANÁ,ACCID.DEP,6.0
MPO3,2023,7,ALTO PARANÁ,PROG.DEP,0.353635626247436
MPO3,2023,7,ALTO PARANÁ,PROD.DEP,3810.25474238752
MPO3,2023,7,ALTO PARANÁ,ACCID.FEP,3.0
MPO3,2023,7,ALTO PARANÁ,TOTAL DEP,58079.3583565284
MPO3,2023,7,ALTO PARANÁ,PROG.FEP,0.913796788512132
MPO3,2023,7,ALTO PARANÁ,PROD.FEP,3228.12273825907
MPO3,2023,7,ALTO PARANÁ,TOTAL FEP,56365.4714133411
MPO3,2023,7,ALTO PARANÁ,ACCID.PENF,8.0
MPO3,2023,7,ALTO PARANÁ,PROG.PENF,0.623116819602118
MPO3,2023,7,ALTO PARANÁ,PROD.PENF,2476.242617159
NAR2,2023,7,ALTO PARANÁ,ACCID.DEP,4.0
MPO3,2023,7,ALTO PARANÁ,TOTAL PENEF,51842.5372807322
NAR2,2023,7,ALTO PARANÁ,PROG.DEP,0.207327027550755
NAR2,2023,7,ALTO PARANÁ,PROD.DEP,4442.62210513351
NAR2,2023,7,ALTO PARANÁ,TOTAL DEP,64677.3140559081
NAR2,2023,7,ALTO PARANÁ,ACCID.FEP,9.0
NAR2,2023,7,ALTO PARANÁ,PROD.FEP,3475.38843715126
NAR2,2023,7,ALTO PARANÁ,PROG.FEP,0.283324614254011
NAR2,2023,7,ALTO PARANÁ,TOTAL FEP,56088.7906667773
NAR2,2023,7,ALTO PARANÁ,ACCID.PENF,0.0
NAR2,2023,7,ALTO PARANÁ,PROG.PENF,0.731959234926083
NAR2,2023,7,ALTO PARANÁ,PROD.PENF,3047.51357598447
NAR2,2023,7,ALTO PARANÁ,TOTAL PENEF,68300.625932927
NAR4,2023,7,ALTO PARANÁ,ACCID.DEP,8.0
NAR4,2023,7,ALTO PARANÁ,PROG.DEP,0.952544210053688
NAR4,2023,7,ALTO PARANÁ,PROD.DEP,3037.28560142337
NAR4,2023,7,ALTO PARANÁ,TOTAL DEP,55922.2155360997
NAR4,2023,7,ALTO PARANÁ,PROG.FEP,0.862340028455346
NAR4,2023,7,ALTO PARANÁ,PROD.FEP,3760.52243208817
NAR4,2023,7,ALTO PARANÁ,ACCID.FEP,7.0
NAR4,2023,7,ALTO PARANÁ,TOTAL FEP,60601.3024040837
NAR4,2023,7,ALTO PARANÁ,ACCID.PENF,6.0
NAR4,2023,7,ALTO PARANÁ,PROD.PENF,2971.97308135176
NAR4,2023,7,ALTO PARANÁ,PROG.PENF,0.427217758549354
NAR4,2023,7,ALTO PARANÁ,TOTAL PENEF,54572.2558501353
MCE4,2023,7,ALTO PARANÁ,PROD.PENF,1260.65133369168
MCE4,2023,7,ALTO PARANÁ,TOTAL PENEF,56326.6813273204
MCE5,2023,7,ALTO PARANÁ,ACCID.DEP,2.0
NAR5,2023,7,ALTO PARANÁ,ACCID.DEP,2.0
NAR5,2023,7,ALTO PARANÁ,ACCID.FEP,7.0
NAR5,2023,7,ALTO PARANÁ,PROG.FEP,0.346801718641528
NAR5,2023,7,ALTO PARANÁ,PROD.FEP,1081.53008783534
NAR5,2023,7,ALTO PARANÁ,TOTAL FEP,54634.5841171205
NAR5,2023,7,ALTO PARANÁ,ACCID.PENF,1.0
NAR5,2023,7,ALTO PARANÁ,PROG.PENF,0.485357527376349
NAR5,2023,7,ALTO PARANÁ,PROD.PENF,1132.72395615206
NAR5,2023,7,ALTO PARANÁ,PROG.DEP,0.802837856967307
NAR6,2023,7,ALTO PARANÁ,ACCID.DEP,5.0
NAR6,2023,7,ALTO PARANÁ,PROG.DEP,0.327147706743319
NAR6,2023,7,ALTO PARANÁ,PROD.DEP,2480.11233418616
NAR6,2023,7,ALTO PARANÁ,TOTAL DEP,64860.9057079906
NAR6,2023,7,ALTO PARANÁ,ACCID.FEP,5.0
NAR6,2023,7,ALTO PARANÁ,PROG.FEP,0.326973190832546
NAR6,2023,7,ALTO PARANÁ,PROD.FEP,4180.2559141726
NAR6,2023,7,ALTO PARANÁ,TOTAL FEP,57836.4942901005
NAR6,2023,7,ALTO PARANÁ,ACCID.PENF,4.0
NAR6,2023,7,ALTO PARANÁ,PROG.PENF,0.783462889760137
NAR6,2023,7,ALTO PARANÁ,PROD.PENF,1245.89714865589
NAR6,2023,7,ALTO PARANÁ,TOTAL PENEF,63674.243416876
NAR8,2023,7,ALTO PARANÁ,ACCID.DEP,1.0
NAR8,2023,7,ALTO PARANÁ,PROG.DEP,0.709068532154846
NAR8,2023,7,ALTO PARANÁ,PROD.DEP,3284.71139231227
NAR8,2023,7,ALTO PARANÁ,TOTAL DEP,69623.1002003817
NAR8,2023,7,ALTO PARANÁ,ACCID.FEP,9.0
NAR8,2023,7,ALTO PARANÁ,PROG.FEP,0.473512891140845
NAR8,2023,7,ALTO PARANÁ,PROD.FEP,3441.23607583484
NAR8,2023,7,ALTO PARANÁ,TOTAL FEP,69404.5902638703
NAR8,2023,7,ALTO PARANÁ,ACCID.PENF,5.0
NAR8,2023,7,ALTO PARANÁ,PROG.PENF,0.963057349551668
NAR8,2023,7,ALTO PARANÁ,PROD.PENF,2803.70521813591
NAR8,2023,7,ALTO PARANÁ,TOTAL PENEF,54795.4242998056
PBU1,2023,7,ALTO PARANÁ,ACCID.DEP,8.0
PBU1,2023,7,ALTO PARANÁ,PROG.DEP,0.849322835676752
PBU1,2023,7,ALTO PARANÁ,PROD.DEP,1901.23274441706
PBU1,2023,7,ALTO PARANÁ,TOTAL DEP,65696.6498902858
PBU1,2023,7,ALTO PARANÁ,ACCID.FEP,8.0
PBU1,2023,7,ALTO PARANÁ,PROG.FEP,0.977411382094074
PBU1,2023,7,ALTO PARANÁ,PROD.FEP,4807.14364628935
PBU1,2023,7,ALTO PARANÁ,TOTAL FEP,64645.9299642022
PBU1,2023,7,ALTO PARANÁ,ACCID.PENF,0.0
PBU1,2023,7,ALTO PARANÁ,PROG.PENF,0.600057015622944
PBU1,2023,7,ALTO PARANÁ,PROD.PENF,3620.96032388057
PBU1,2023,7,ALTO PARANÁ,TOTAL PENEF,58148.5778261248
PBU2,2023,7,ALTO PARANÁ,ACCID.DEP,4.0
PBU2,2023,7,ALTO PARANÁ,PROG.DEP,0.505771922645415
PBU2,2023,7,ALTO PARANÁ,PROD.DEP,1866.77226414621
PBU2,2023,7,ALTO PARANÁ,TOTAL DEP,65728.6990923498
PBU2,2023,7,ALTO PARANÁ,ACCID.FEP,3.0
PBU2,2023,7,ALTO PARANÁ,PROG.FEP,0.748207966722352
PBU2,2023,7,ALTO PARANÁ,PROD.FEP,2084.35948618609
PBU2,2023,7,ALTO PARANÁ,TOTAL FEP,55756.2225001571
PBU2,2023,7,ALTO PARANÁ,ACCID.PENF,2.0
PBU2,2023,7,ALTO PARANÁ,PROG.PENF,0.827194362548368
PBU2,2023,7,ALTO PARANÁ,PROD.PENF,3470.66280184206
PBU2,2023,7,ALTO PARANÁ,TOTAL PENEF,63885.1687450813
PBU3,2023,7,ALTO PARANÁ,ACCID.DEP,0.0
PBU3,2023,7,ALTO PARANÁ,PROG.DEP,0.743860949047365
PBU3,2023,7,ALTO PARANÁ,PROD.DEP,1833.99082453742
PBU3,2023,7,ALTO PARANÁ,TOTAL DEP,53095.8238792927
PBU3,2023,7,ALTO PARANÁ,ACCID.FEP,7.0
PBU3,2023,7,ALTO PARANÁ,PROG.FEP,0.116903806855947
PBU3,2023,7,ALTO PARANÁ,PROD.FEP,1827.79357843314
PBU3,2023,7,ALTO PARANÁ,TOTAL FEP,61483.4872147724
PBU3,2023,7,ALTO PARANÁ,ACCID.PENF,0.0
PBU3,2023,7,ALTO PARANÁ,PROG.PENF,0.924665381385898
PBU3,2023,7,ALTO PARANÁ,PROD.PENF,2927.96736890662
PBU3,2023,7,ALTO PARANÁ,TOTAL PENEF,60263.3954834455
PBU4,2023,7,ALTO PARANÁ,ACCID.DEP,6.0
PBU4,2023,7,ALTO PARANÁ,PROG.DEP,0.694276098416812
PBU4,2023,7,ALTO PARANÁ,PROD.DEP,1634.31841122133
PBU4,2023,7,ALTO PARANÁ,TOTAL DEP,63816.5669263643
PBU4,2023,7,ALTO PARANÁ,ACCID.FEP,2.0
PBU4,2023,7,ALTO PARANÁ,PROG.FEP,0.558971396343197
PBU4,2023,7,ALTO PARANÁ,PROD.FEP,1561.09281313441
PBU4,2023,7,ALTO PARANÁ,TOTAL FEP,63162.7155199546
PBU4,2023,7,ALTO PARANÁ,ACCID.PENF,6.0
PBU4,2023,7,ALTO PARANÁ,PROG.PENF,0.33733261291408
PBU4,2023,7,ALTO PARANÁ,PROD.PENF,1546.57686154562
PBU4,2023,7,ALTO PARANÁ,TOTAL PENEF,57913.6848840684
PBU5,2023,7,ALTO PARANÁ,ACCID.DEP,5.0
PBU5,2023,7,ALTO PARANÁ,PROG.DEP,0.169894180691336
PBU5,2023,7,ALTO PARANÁ,PROD.DEP,1810.18098782562
PBU5,2023,7,ALTO PARANÁ,TOTAL DEP,69381.9781409282
PBU5,2023,7,ALTO PARANÁ,ACCID.FEP,4.0
PBU5,2023,7,ALTO PARANÁ,PROD.FEP,2421.69750773442
PBU5,2023,7,ALTO PARANÁ,PROG.FEP,0.942202882576769
PBU5,2023,7,ALTO PARANÁ,TOTAL FEP,61643.4481784874
PBU5,2023,7,ALTO PARANÁ,ACCID.PENF,8.0
PBU5,2023,7,ALTO PARANÁ,PROG.PENF,0.452418473314824
PBU5,2023,7,ALTO PARANÁ,PROD.PENF,1362.38896447159
PBU5,2023,7,ALTO PARANÁ,TOTAL PENEF,52957.7167968393
PFO1,2023,7,ALTO PARANÁ,ACCID.DEP,2.0
PFO1,2023,7,ALTO PARANÁ,PROG.DEP,0.148023889486119
PFO1,2023,7,ALTO PARANÁ,PROD.DEP,3492.83584500956
PFO1,2023,7,ALTO PARANÁ,TOTAL DEP,68590.918777793
NAR5,2023,7,ALTO PARANÁ,TOTAL DEP,69757.5129438141
NAR5,2023,7,ALTO PARANÁ,PROD.DEP,1056.2453615302
NAR5,2023,7,ALTO PARANÁ,TOTAL PENEF,58246.4351406625
PFO1,2023,7,ALTO PARANÁ,ACCID.FEP,6.0
PFO1,2023,7,ALTO PARANÁ,PROG.FEP,0.560293596427265
PFO1,2023,7,ALTO PARANÁ,PROG.PENF,0.34228205299704
PFO1,2023,7,ALTO PARANÁ,PROD.PENF,2181.65185610776
PFO1,2023,7,ALTO PARANÁ,TOTAL PENEF,58026.9845636994
PFO10,2023,7,ALTO PARANÁ,ACCID.DEP,3.0
PFO10,2023,7,ALTO PARANÁ,PROG.DEP,0.332513967342457
PFO10,2023,7,ALTO PARANÁ,PROD.DEP,2779.43055178427
PFO10,2023,7,ALTO PARANÁ,TOTAL DEP,64135.8340456376
PFO10,2023,7,ALTO PARANÁ,ACCID.FEP,8.0
PFO10,2023,7,ALTO PARANÁ,PROG.FEP,0.616205067107134
PFO10,2023,7,ALTO PARANÁ,PROD.FEP,1531.6812501575
PFO10,2023,7,ALTO PARANÁ,TOTAL FEP,68624.7452973566
PFO10,2023,7,ALTO PARANÁ,ACCID.PENF,8.0
PFO10,2023,7,ALTO PARANÁ,PROG.PENF,0.801928069774603
PFO10,2023,7,ALTO PARANÁ,PROD.PENF,3520.00737585272
PFO10,2023,7,ALTO PARANÁ,TOTAL PENEF,66077.6249611809
PFO11,2023,7,ALTO PARANÁ,ACCID.DEP,8.0
PFO11,2023,7,ALTO PARANÁ,PROG.DEP,0.942425930511157
PFO11,2023,7,ALTO PARANÁ,PROD.DEP,3963.71303363039
PFO11,2023,7,ALTO PARANÁ,TOTAL DEP,59924.6577660909
PFO11,2023,7,ALTO PARANÁ,ACCID.FEP,6.0
PFO11,2023,7,ALTO PARANÁ,PROG.FEP,0.629949924089118
PFO11,2023,7,ALTO PARANÁ,PROD.FEP,1914.50645046658
PFO11,2023,7,ALTO PARANÁ,TOTAL FEP,66708.5897353676
PFO11,2023,7,ALTO PARANÁ,ACCID.PENF,9.0
PFO11,2023,7,ALTO PARANÁ,PROG.PENF,0.472250516964065
PFO11,2023,7,ALTO PARANÁ,PROD.PENF,1698.45375821497
PFO11,2023,7,ALTO PARANÁ,TOTAL PENEF,57536.3997104579
PFO12,2023,7,ALTO PARANÁ,ACCID.DEP,7.0
PFO12,2023,7,ALTO PARANÁ,PROG.DEP,0.640306999367229
PFO12,2023,7,ALTO PARANÁ,PROD.DEP,3831.03175562014
PFO12,2023,7,ALTO PARANÁ,TOTAL DEP,59595.2924184404
PFO12,2023,7,ALTO PARANÁ,ACCID.FEP,2.0
PFO12,2023,7,ALTO PARANÁ,PROG.FEP,0.798311671759292
PFO12,2023,7,ALTO PARANÁ,PROD.FEP,3004.29558360454
PFO12,2023,7,ALTO PARANÁ,TOTAL FEP,68267.5211057634
PFO12,2023,7,ALTO PARANÁ,ACCID.PENF,8.0
PFO12,2023,7,ALTO PARANÁ,PROG.PENF,0.636250042726141
PFO12,2023,7,ALTO PARANÁ,PROD.PENF,3164.82915246651
PFO12,2023,7,ALTO PARANÁ,TOTAL PENEF,67783.0742449299
PFO14,2023,7,ALTO PARANÁ,ACCID.DEP,1.0
PFO14,2023,7,ALTO PARANÁ,PROG.DEP,0.888465393723583
PFO14,2023,7,ALTO PARANÁ,PROD.DEP,1446.97707916695
PFO14,2023,7,ALTO PARANÁ,TOTAL DEP,57645.3938801243
PFO14,2023,7,ALTO PARANÁ,ACCID.FEP,3.0
PFO14,2023,7,ALTO PARANÁ,PROG.FEP,0.15735937780502
PFO14,2023,7,ALTO PARANÁ,PROD.FEP,3418.00206446976
PFO14,2023,7,ALTO PARANÁ,TOTAL FEP,55576.3812171303
PFO14,2023,7,ALTO PARANÁ,ACCID.PENF,9.0
PFO14,2023,7,ALTO PARANÁ,PROG.PENF,0.682605312023991
PFO14,2023,7,ALTO PARANÁ,PROD.PENF,1367.49948557465
PFO14,2023,7,ALTO PARANÁ,TOTAL PENEF,65065.8570501604
PFO15,2023,7,ALTO PARANÁ,ACCID.DEP,3.0
PFO15,2023,7,ALTO PARANÁ,PROG.DEP,0.448721821968962
PFO15,2023,7,ALTO PARANÁ,PROD.DEP,4952.06918203519
PFO15,2023,7,ALTO PARANÁ,TOTAL DEP,52654.8141068114
PFO15,2023,7,ALTO PARANÁ,ACCID.FEP,3.0
PFO15,2023,7,ALTO PARANÁ,PROG.FEP,0.983112675402149
PFO15,2023,7,ALTO PARANÁ,PROD.FEP,1672.7522369744
PFO15,2023,7,ALTO PARANÁ,TOTAL FEP,63136.836216825
PFO15,2023,7,ALTO PARANÁ,ACCID.PENF,7.0
PFO15,2023,7,ALTO PARANÁ,PROG.PENF,0.712947283966493
PFO15,2023,7,ALTO PARANÁ,PROD.PENF,2510.19146428903
PFO15,2023,7,ALTO PARANÁ,TOTAL PENEF,53241.6484459036
PFO16,2023,7,ALTO PARANÁ,ACCID.DEP,3.0
PFO16,2023,7,ALTO PARANÁ,PROG.DEP,0.675959745212518
PFO16,2023,7,ALTO PARANÁ,PROD.DEP,2434.05036947864
PFO16,2023,7,ALTO PARANÁ,TOTAL DEP,54102.936882765
PFO16,2023,7,ALTO PARANÁ,ACCID.FEP,0.0
PFO16,2023,7,ALTO PARANÁ,PROG.FEP,0.68692736264373
PFO16,2023,7,ALTO PARANÁ,PROD.FEP,2202.17609019406
PFO16,2023,7,ALTO PARANÁ,TOTAL FEP,59268.3282180515
PFO16,2023,7,ALTO PARANÁ,ACCID.PENF,6.0
PFO16,2023,7,ALTO PARANÁ,PROG.PENF,0.710230390891915
PFO16,2023,7,ALTO PARANÁ,PROD.PENF,3564.23696578985
PFO16,2023,7,ALTO PARANÁ,TOTAL PENEF,59369.8489514989
PFO17,2023,7,ALTO PARANÁ,ACCID.DEP,5.0
PFO17,2023,7,ALTO PARANÁ,PROG.DEP,0.17970730511127
PFO17,2023,7,ALTO PARANÁ,PROD.DEP,1919.72762922958
PFO17,2023,7,ALTO PARANÁ,TOTAL DEP,58052.5429116935
PFO17,2023,7,ALTO PARANÁ,ACCID.FEP,3.0
PFO17,2023,7,ALTO PARANÁ,PROG.FEP,0.509754559985234
PFO17,2023,7,ALTO PARANÁ,PROD.FEP,2437.10539388724
PFO17,2023,7,ALTO PARANÁ,TOTAL FEP,54618.4184068022
PFO17,2023,7,ALTO PARANÁ,ACCID.PENF,6.0
PFO17,2023,7,ALTO PARANÁ,PROG.PENF,0.120885351569358
PFO17,2023,7,ALTO PARANÁ,PROD.PENF,2401.35572719584
PFO17,2023,7,ALTO PARANÁ,TOTAL PENEF,50280.0831179394
PFO2,2023,7,ALTO PARANÁ,ACCID.DEP,7.0
PFO2,2023,7,ALTO PARANÁ,PROG.DEP,0.903268746837413
PFO2,2023,7,ALTO PARANÁ,TOTAL DEP,55386.7962298531
PFO2,2023,7,ALTO PARANÁ,ACCID.FEP,2.0
PFO2,2023,7,ALTO PARANÁ,PROD.DEP,4049.99289136946
PFO2,2023,7,ALTO PARANÁ,PROG.FEP,0.759099468770345
PFO2,2023,7,ALTO PARANÁ,PROD.FEP,1410.73006764348
PFO2,2023,7,ALTO PARANÁ,TOTAL FEP,69552.651303429
PFO1,2023,7,ALTO PARANÁ,PROD.FEP,1287.61145920042
PFO1,2023,7,ALTO PARANÁ,TOTAL FEP,50660.4906949415
PFO1,2023,7,ALTO PARANÁ,ACCID.PENF,6.0
PFO2,2023,7,ALTO PARANÁ,ACCID.PENF,8.0
PFO3,2023,7,ALTO PARANÁ,ACCID.DEP,7.0
PFO3,2023,7,ALTO PARANÁ,PROG.DEP,0.589574691653113
PFO3,2023,7,ALTO PARANÁ,PROD.DEP,2567.19320410305
PFO3,2023,7,ALTO PARANÁ,TOTAL DEP,65100.7823485657
PFO3,2023,7,ALTO PARANÁ,ACCID.FEP,5.0
PFO3,2023,7,ALTO PARANÁ,PROG.FEP,0.681034911739157
PFO3,2023,7,ALTO PARANÁ,PROD.FEP,1627.84579292407
PFO3,2023,7,ALTO PARANÁ,TOTAL FEP,63792.7037279819
PFO3,2023,7,ALTO PARANÁ,ACCID.PENF,5.0
PFO3,2023,7,ALTO PARANÁ,PROG.PENF,0.10198625152373
PFO3,2023,7,ALTO PARANÁ,PROD.PENF,4639.99196281709
PFO3,2023,7,ALTO PARANÁ,TOTAL PENEF,68896.6300480042
PFO4,2023,7,ALTO PARANÁ,ACCID.DEP,1.0
PFO4,2023,7,ALTO PARANÁ,PROG.DEP,0.166848477904266
PFO4,2023,7,ALTO PARANÁ,PROD.DEP,4180.88520155863
PFO4,2023,7,ALTO PARANÁ,TOTAL DEP,60615.6429596519
PFO4,2023,7,ALTO PARANÁ,ACCID.FEP,9.0
PFO4,2023,7,ALTO PARANÁ,PROG.FEP,0.484856662694507
PFO4,2023,7,ALTO PARANÁ,TOTAL FEP,68576.0032826367
PFO4,2023,7,ALTO PARANÁ,PROD.FEP,4881.23248677528
PFO4,2023,7,ALTO PARANÁ,ACCID.PENF,9.0
PFO4,2023,7,ALTO PARANÁ,PROG.PENF,0.128399238592541
PFO4,2023,7,ALTO PARANÁ,PROD.PENF,3332.05818363957
PFO4,2023,7,ALTO PARANÁ,TOTAL PENEF,57907.8029880315
PFO5,2023,7,ALTO PARANÁ,ACCID.DEP,3.0
PFO5,2023,7,ALTO PARANÁ,PROD.DEP,3793.85304951664
PFO5,2023,7,ALTO PARANÁ,PROG.DEP,0.932766573441115
PFO5,2023,7,ALTO PARANÁ,ACCID.FEP,7.0
PFO5,2023,7,ALTO PARANÁ,TOTAL DEP,68698.4795894918
PFO5,2023,7,ALTO PARANÁ,PROG.FEP,0.315911505536692
PFO5,2023,7,ALTO PARANÁ,PROD.FEP,1054.61731788589
PFO5,2023,7,ALTO PARANÁ,TOTAL FEP,67907.8865865897
PFO5,2023,7,ALTO PARANÁ,ACCID.PENF,9.0
PFO5,2023,7,ALTO PARANÁ,PROG.PENF,0.870854084681972
PFO5,2023,7,ALTO PARANÁ,PROD.PENF,3755.94736572119
PFO5,2023,7,ALTO PARANÁ,TOTAL PENEF,51893.1399574589
PFO6,2023,7,ALTO PARANÁ,ACCID.DEP,6.0
PFO6,2023,7,ALTO PARANÁ,PROG.DEP,0.260284271075304
PFO6,2023,7,ALTO PARANÁ,PROD.DEP,1437.6695972163
PFO6,2023,7,ALTO PARANÁ,TOTAL DEP,54386.7684314234
PFO6,2023,7,ALTO PARANÁ,ACCID.FEP,2.0
PFO6,2023,7,ALTO PARANÁ,PROG.FEP,0.105271292505331
PFO6,2023,7,ALTO PARANÁ,PROD.FEP,1308.69587173784
PFO6,2023,7,ALTO PARANÁ,TOTAL FEP,62736.1051899729
PFO6,2023,7,ALTO PARANÁ,ACCID.PENF,4.0
PFO6,2023,7,ALTO PARANÁ,PROG.PENF,0.57237406173278
PFO6,2023,7,ALTO PARANÁ,PROD.PENF,2816.4899527255
PFO6,2023,7,ALTO PARANÁ,TOTAL PENEF,62398.2987988942
PFO7,2023,7,ALTO PARANÁ,ACCID.DEP,5.0
PFO7,2023,7,ALTO PARANÁ,PROG.DEP,0.240597560017128
PFO7,2023,7,ALTO PARANÁ,PROD.DEP,1966.12673766089
PFO7,2023,7,ALTO PARANÁ,TOTAL DEP,56644.7742204242
PFO7,2023,7,ALTO PARANÁ,ACCID.FEP,2.0
PFO7,2023,7,ALTO PARANÁ,PROG.FEP,0.948146636236642
PFO7,2023,7,ALTO PARANÁ,PROD.FEP,1629.29815794802
PFO7,2023,7,ALTO PARANÁ,TOTAL FEP,60683.0795269503
PFO7,2023,7,ALTO PARANÁ,ACCID.PENF,8.0
PFO7,2023,7,ALTO PARANÁ,PROG.PENF,0.661639951795766
PFO7,2023,7,ALTO PARANÁ,PROD.PENF,4673.4226470273
PFO7,2023,7,ALTO PARANÁ,TOTAL PENEF,62129.4997595327
PFO8,2023,7,ALTO PARANÁ,ACCID.DEP,9.0
PFO8,2023,7,ALTO PARANÁ,PROG.DEP,0.818093617393058
PFO8,2023,7,ALTO PARANÁ,PROD.DEP,4170.24466759483
PFO8,2023,7,ALTO PARANÁ,TOTAL DEP,66668.4671118688
PFO8,2023,7,ALTO PARANÁ,ACCID.FEP,5.0
PFO8,2023,7,ALTO PARANÁ,PROG.FEP,0.975112175639544
PFO8,2023,7,ALTO PARANÁ,PROD.FEP,4014.84381473084
PFO8,2023,7,ALTO PARANÁ,TOTAL FEP,68509.1920657757
PFO8,2023,7,ALTO PARANÁ,ACCID.PENF,3.0
PFO8,2023,7,ALTO PARANÁ,PROG.PENF,0.613068194216868
PFO8,2023,7,ALTO PARANÁ,PROD.PENF,2823.24204847348
PFO8,2023,7,ALTO PARANÁ,TOTAL PENEF,63032.0793722224
PFO9,2023,7,ALTO PARANÁ,ACCID.DEP,4.0
PFO9,2023,7,ALTO PARANÁ,PROG.DEP,0.136945685800875
PFO9,2023,7,ALTO PARANÁ,PROD.DEP,1712.40772951083
PFO9,2023,7,ALTO PARANÁ,TOTAL DEP,51007.6646134125
PFO9,2023,7,ALTO PARANÁ,ACCID.FEP,8.0
PFO9,2023,7,ALTO PARANÁ,PROG.FEP,0.263942509012547
PFO9,2023,7,ALTO PARANÁ,PROD.FEP,2435.59108798299
PFO9,2023,7,ALTO PARANÁ,TOTAL FEP,69451.748260547
PFO9,2023,7,ALTO PARANÁ,PROG.PENF,0.359129920608671
PFO9,2023,7,ALTO PARANÁ,ACCID.PENF,3.0
PFO9,2023,7,ALTO PARANÁ,PROD.PENF,3419.86348464586
PFO9,2023,7,ALTO PARANÁ,TOTAL PENEF,53688.902681759
PIH1,2023,7,ALTO PARANÁ,ACCID.DEP,5.0
PIH1,2023,7,ALTO PARANÁ,PROG.DEP,0.462494625940562
PIH1,2023,7,ALTO PARANÁ,PROD.DEP,1293.08840908038
PIH1,2023,7,ALTO PARANÁ,ACCID.FEP,3.0
PIH1,2023,7,ALTO PARANÁ,TOTAL DEP,56364.980020156
PIH1,2023,7,ALTO PARANÁ,PROG.FEP,0.774821438894506
PIH1,2023,7,ALTO PARANÁ,PROD.FEP,3891.70567618546
PIH1,2023,7,ALTO PARANÁ,TOTAL FEP,52632.0985641935
PIH1,2023,7,ALTO PARANÁ,ACCID.PENF,0.0
PFO2,2023,7,ALTO PARANÁ,PROD.PENF,4346.01878160438
PIH1,2023,7,ALTO PARANÁ,PROD.PENF,3368.67060688177
PIH1,2023,7,ALTO PARANÁ,TOTAL PENEF,59514.4401105084
PIH1,2023,7,ALTO PARANÁ,PROG.PENF,0.889056598435201
PFO2,2023,7,ALTO PARANÁ,TOTAL PENEF,52894.7704723547
PFO2,2023,7,ALTO PARANÁ,PROG.PENF,0.545241947222251
PIH2,2023,7,ALTO PARANÁ,ACCID.DEP,6.0
PIH2,2023,7,ALTO PARANÁ,ACCID.FEP,1.0
PIH2,2023,7,ALTO PARANÁ,PROG.FEP,0.9054017421858
PIH2,2023,7,ALTO PARANÁ,PROD.FEP,4176.77355911185
PIH2,2023,7,ALTO PARANÁ,TOTAL FEP,64806.7106656306
PIH2,2023,7,ALTO PARANÁ,ACCID.PENF,2.0
PIH2,2023,7,ALTO PARANÁ,PROG.PENF,0.491633730148726
PIH2,2023,7,ALTO PARANÁ,PROD.PENF,2268.61906754795
PIH2,2023,7,ALTO PARANÁ,TOTAL PENEF,57824.0712959493
PIH3,2023,7,ALTO PARANÁ,ACCID.DEP,7.0
PIH3,2023,7,ALTO PARANÁ,PROG.DEP,0.618246369278273
PIH3,2023,7,ALTO PARANÁ,PROD.DEP,3824.7564229854
PIH3,2023,7,ALTO PARANÁ,TOTAL DEP,58322.1442732362
PIH3,2023,7,ALTO PARANÁ,ACCID.FEP,4.0
PIH3,2023,7,ALTO PARANÁ,PROG.FEP,0.566115957645771
PIH3,2023,7,ALTO PARANÁ,PROD.FEP,2353.72954780366
PIH3,2023,7,ALTO PARANÁ,TOTAL FEP,66263.3371550276
PIH3,2023,7,ALTO PARANÁ,ACCID.PENF,8.0
PIH3,2023,7,ALTO PARANÁ,PROG.PENF,0.965639606174185
PIH3,2023,7,ALTO PARANÁ,PROD.PENF,1847.16608527021
PIH3,2023,7,ALTO PARANÁ,TOTAL PENEF,69981.9880704515
PIH4,2023,7,ALTO PARANÁ,ACCID.DEP,9.0
PIH4,2023,7,ALTO PARANÁ,PROG.DEP,0.576928694254561
PIH4,2023,7,ALTO PARANÁ,PROD.DEP,4231.47567799192
PIH4,2023,7,ALTO PARANÁ,TOTAL DEP,69139.3917567367
PIH4,2023,7,ALTO PARANÁ,ACCID.FEP,8.0
PIH4,2023,7,ALTO PARANÁ,PROG.FEP,0.694869298114756
PIH4,2023,7,ALTO PARANÁ,PROD.FEP,2045.02728555856
PIH4,2023,7,ALTO PARANÁ,TOTAL FEP,51604.2947709575
PIH4,2023,7,ALTO PARANÁ,ACCID.PENF,5.0
PIH4,2023,7,ALTO PARANÁ,PROG.PENF,0.554986655747407
PIH4,2023,7,ALTO PARANÁ,PROD.PENF,4513.32948408771
PIH4,2023,7,ALTO PARANÁ,TOTAL PENEF,63512.9852339043
PIH5,2023,7,ALTO PARANÁ,ACCID.DEP,3.0
PIH5,2023,7,ALTO PARANÁ,PROG.DEP,0.524899308707863
PIH5,2023,7,ALTO PARANÁ,PROD.DEP,2719.31045379947
PIH5,2023,7,ALTO PARANÁ,TOTAL DEP,60292.4646941855
PIH5,2023,7,ALTO PARANÁ,ACCID.FEP,3.0
PIH5,2023,7,ALTO PARANÁ,PROG.FEP,0.328258304719869
PIH5,2023,7,ALTO PARANÁ,PROD.FEP,2598.79802919589
PIH5,2023,7,ALTO PARANÁ,TOTAL FEP,63039.6616490807
PIH5,2023,7,ALTO PARANÁ,ACCID.PENF,3.0
PIH5,2023,7,ALTO PARANÁ,PROG.PENF,0.265248308069794
PIH5,2023,7,ALTO PARANÁ,PROD.PENF,4463.32724175791
PIH5,2023,7,ALTO PARANÁ,TOTAL PENEF,55592.9224676491
PIH6,2023,7,ALTO PARANÁ,ACCID.DEP,6.0
PIH6,2023,7,ALTO PARANÁ,PROG.DEP,0.384466047148473
PIH6,2023,7,ALTO PARANÁ,PROD.DEP,1315.68141425602
PIH6,2023,7,ALTO PARANÁ,TOTAL DEP,68285.2427551927
PIH6,2023,7,ALTO PARANÁ,ACCID.FEP,6.0
PIH6,2023,7,ALTO PARANÁ,PROG.FEP,0.217809746419326
PIH6,2023,7,ALTO PARANÁ,PROD.FEP,4502.82783497737
PIH6,2023,7,ALTO PARANÁ,TOTAL FEP,60893.0213261488
PIH6,2023,7,ALTO PARANÁ,ACCID.PENF,0.0
PIH6,2023,7,ALTO PARANÁ,PROG.PENF,0.771784484768558
PIH6,2023,7,ALTO PARANÁ,PROD.PENF,4006.27872863297
PIH6,2023,7,ALTO PARANÁ,TOTAL PENEF,67262.5390023621
SGA1,2023,7,CANINDEYU,ACCID.DEP,9.0
SGA1,2023,7,CANINDEYU,PROG.DEP,0.28654507119874
SGA1,2023,7,CANINDEYU,PROD.DEP,4383.30462894133
SGA1,2023,7,CANINDEYU,TOTAL DEP,61794.7983818962
SGA1,2023,7,CANINDEYU,ACCID.FEP,8.0
SGA1,2023,7,CANINDEYU,PROG.FEP,0.476870551506365
SGA1,2023,7,CANINDEYU,PROD.FEP,3132.46261625051
SGA1,2023,7,CANINDEYU,TOTAL FEP,56102.8234412309
SGA1,2023,7,CANINDEYU,ACCID.PENF,1.0
SGA1,2023,7,CANINDEYU,PROG.PENF,0.898791210055315
SGA1,2023,7,CANINDEYU,PROD.PENF,1186.67504459752
SGA1,2023,7,CANINDEYU,TOTAL PENEF,56039.5423093865
SGA2,2023,7,CANINDEYU,ACCID.DEP,1.0
SGA2,2023,7,CANINDEYU,PROG.DEP,0.508931528924461
SGA2,2023,7,CANINDEYU,PROD.DEP,1127.00622978666
SGA2,2023,7,CANINDEYU,TOTAL DEP,59550.0064482955
SGA2,2023,7,CANINDEYU,ACCID.FEP,1.0
SGA2,2023,7,CANINDEYU,PROG.FEP,0.481733082734239
SGA2,2023,7,CANINDEYU,PROD.FEP,4349.96824501115
SGA2,2023,7,CANINDEYU,TOTAL FEP,53555.5805959901
SGA2,2023,7,CANINDEYU,ACCID.PENF,9.0
SGA2,2023,7,CANINDEYU,PROG.PENF,0.955208098039728
SGA2,2023,7,CANINDEYU,PROD.PENF,2284.66715180802
SGA2,2023,7,CANINDEYU,TOTAL PENEF,51100.3534437744
SGA3,2023,7,CANINDEYU,ACCID.DEP,4.0
SGA3,2023,7,CANINDEYU,PROG.DEP,0.468624041503795
SGA3,2023,7,CANINDEYU,PROD.DEP,1035.65650358822
SGA3,2023,7,CANINDEYU,TOTAL DEP,65483.3475941882
SGA3,2023,7,CANINDEYU,ACCID.FEP,9.0
SGA3,2023,7,CANINDEYU,PROG.FEP,0.726920176130973
SGA3,2023,7,CANINDEYU,PROD.FEP,2076.89764605566
SGA3,2023,7,CANINDEYU,TOTAL FEP,52957.713188467
SGA3,2023,7,CANINDEYU,ACCID.PENF,2.0
SGA3,2023,7,CANINDEYU,PROG.PENF,0.31157255525259
SGA3,2023,7,CANINDEYU,PROD.PENF,2470.11107036629
SGA3,2023,7,CANINDEYU,TOTAL PENEF,52578.1637730102
SGA4,2023,7,CANINDEYU,ACCID.DEP,0.0
SGA4,2023,7,CANINDEYU,PROG.DEP,0.252294015480264
SGA4,2023,7,CANINDEYU,PROD.DEP,3455.46419799656
SGA4,2023,7,CANINDEYU,TOTAL DEP,57262.911596359
PIH2,2023,7,ALTO PARANÁ,PROD.DEP,2462.29057810715
PIH2,2023,7,ALTO PARANÁ,TOTAL DEP,63686.0672972286
PIH2,2023,7,ALTO PARANÁ,PROG.DEP,0.317861763075071
SGA4,2023,7,CANINDEYU,ACCID.FEP,0.0
SGA4,2023,7,CANINDEYU,PROG.FEP,0.150079325798521
SGA4,2023,7,CANINDEYU,PROG.PENF,0.147087797504346
SGA4,2023,7,CANINDEYU,PROD.PENF,2579.49419002446
SGA4,2023,7,CANINDEYU,TOTAL PENEF,52005.6401367256
SGA5,2023,7,CANINDEYU,ACCID.DEP,0.0
SGA5,2023,7,CANINDEYU,PROG.DEP,0.631864409165669
SGA5,2023,7,CANINDEYU,PROD.DEP,4188.50579358531
SGA5,2023,7,CANINDEYU,TOTAL DEP,67920.4791618638
SGA5,2023,7,CANINDEYU,ACCID.FEP,1.0
SGA5,2023,7,CANINDEYU,PROG.FEP,0.797703852142269
SGA5,2023,7,CANINDEYU,PROD.FEP,4371.36223910796
SGA5,2023,7,CANINDEYU,TOTAL FEP,57029.984670609
SGA5,2023,7,CANINDEYU,ACCID.PENF,1.0
SGA5,2023,7,CANINDEYU,PROG.PENF,0.896444267674225
SGA5,2023,7,CANINDEYU,PROD.PENF,3110.17954918631
SGA5,2023,7,CANINDEYU,TOTAL PENEF,51036.4661436363
SGA6,2023,7,CANINDEYU,ACCID.DEP,2.0
SGA6,2023,7,CANINDEYU,PROG.DEP,0.121389779759576
SGA6,2023,7,CANINDEYU,PROD.DEP,1171.33484261622
SGA6,2023,7,CANINDEYU,TOTAL DEP,55935.9700148461
SGA6,2023,7,CANINDEYU,ACCID.FEP,5.0
SGA6,2023,7,CANINDEYU,PROG.FEP,0.125147403921528
SGA6,2023,7,CANINDEYU,PROD.FEP,1331.28384834121
SGA6,2023,7,CANINDEYU,TOTAL FEP,65271.4092934837
SGA6,2023,7,CANINDEYU,ACCID.PENF,7.0
SGA6,2023,7,CANINDEYU,PROG.PENF,0.717059976853214
SGA6,2023,7,CANINDEYU,PROD.PENF,4872.21760135057
SGA6,2023,7,CANINDEYU,TOTAL PENEF,61650.6166519718
SRI1,2023,7,ALTO PARANÁ,ACCID.DEP,6.0
SRI1,2023,7,ALTO PARANÁ,PROG.DEP,0.701049523237057
SRI1,2023,7,ALTO PARANÁ,PROD.DEP,1754.82570424989
SRI1,2023,7,ALTO PARANÁ,TOTAL DEP,65651.35556208
SRI1,2023,7,ALTO PARANÁ,ACCID.FEP,0.0
SRI1,2023,7,ALTO PARANÁ,PROG.FEP,0.431282374473297
SRI1,2023,7,ALTO PARANÁ,PROD.FEP,1921.6921128542
SRI1,2023,7,ALTO PARANÁ,TOTAL FEP,50510.5886078339
SRI1,2023,7,ALTO PARANÁ,ACCID.PENF,3.0
SRI1,2023,7,ALTO PARANÁ,PROG.PENF,0.72771800628572
SRI1,2023,7,ALTO PARANÁ,PROD.PENF,3165.53040698906
SRI1,2023,7,ALTO PARANÁ,TOTAL PENEF,59955.850313209
SRI2,2023,7,ALTO PARANÁ,ACCID.DEP,2.0
SRI2,2023,7,ALTO PARANÁ,PROG.DEP,0.797443491987091
SRI2,2023,7,ALTO PARANÁ,PROD.DEP,2390.11557083656
SRI2,2023,7,ALTO PARANÁ,TOTAL DEP,62931.0589569604
SRI2,2023,7,ALTO PARANÁ,ACCID.FEP,3.0
SRI2,2023,7,ALTO PARANÁ,PROG.FEP,0.111133396568083
SRI2,2023,7,ALTO PARANÁ,PROD.FEP,4349.40610291853
SRI2,2023,7,ALTO PARANÁ,TOTAL FEP,57277.7522385072
SRI2,2023,7,ALTO PARANÁ,ACCID.PENF,2.0
SRI2,2023,7,ALTO PARANÁ,PROG.PENF,0.533783696710282
SRI2,2023,7,ALTO PARANÁ,PROD.PENF,4915.78948230018
SRI2,2023,7,ALTO PARANÁ,TOTAL PENEF,61752.8321553459
SRI3,2023,7,ALTO PARANÁ,ACCID.DEP,0.0
SRI3,2023,7,ALTO PARANÁ,PROG.DEP,0.950608884404802
SRI3,2023,7,ALTO PARANÁ,PROD.DEP,4036.68033258955
SRI3,2023,7,ALTO PARANÁ,TOTAL DEP,57530.8926758103
SRI3,2023,7,ALTO PARANÁ,ACCID.FEP,5.0
SRI3,2023,7,ALTO PARANÁ,PROG.FEP,0.674891297925582
SRI3,2023,7,ALTO PARANÁ,PROD.FEP,4821.812541193
SRI3,2023,7,ALTO PARANÁ,TOTAL FEP,53433.1643295895
SRI3,2023,7,ALTO PARANÁ,ACCID.PENF,2.0
SRI3,2023,7,ALTO PARANÁ,PROG.PENF,0.453301326334883
SRI3,2023,7,ALTO PARANÁ,PROD.PENF,2429.28670665653
SRI3,2023,7,ALTO PARANÁ,TOTAL PENEF,51244.4643761482
SRI4,2023,7,ALTO PARANÁ,ACCID.DEP,2.0
SRI4,2023,7,ALTO PARANÁ,PROG.DEP,0.889100707782361
SRI4,2023,7,ALTO PARANÁ,PROD.DEP,2380.96903641882
SRI4,2023,7,ALTO PARANÁ,TOTAL DEP,51867.577284091
SRI4,2023,7,ALTO PARANÁ,ACCID.FEP,7.0
SRI4,2023,7,ALTO PARANÁ,PROG.FEP,0.805623038262424
SRI4,2023,7,ALTO PARANÁ,PROD.FEP,2482.51732894252
SRI4,2023,7,ALTO PARANÁ,TOTAL FEP,68287.8768095377
SRI4,2023,7,ALTO PARANÁ,ACCID.PENF,1.0
SRI4,2023,7,ALTO PARANÁ,PROG.PENF,0.739606457339733
SRI4,2023,7,ALTO PARANÁ,PROD.PENF,4469.31192596698
SRI4,2023,7,ALTO PARANÁ,TOTAL PENEF,62016.7087225082
ACY1,2023,8,ALTO PARANÁ,ACCID.DEP,2.0
ACY1,2023,8,ALTO PARANÁ,PROG.DEP,0.644877806936144
ACY1,2023,8,ALTO PARANÁ,PROD.DEP,4267.83277365418
ACY1,2023,8,ALTO PARANÁ,TOTAL DEP,54800.8357609666
ACY1,2023,8,ALTO PARANÁ,ACCID.FEP,4.0
ACY1,2023,8,ALTO PARANÁ,PROG.FEP,0.976584823388178
ACY1,2023,8,ALTO PARANÁ,PROD.FEP,1519.35273425209
SGA4,2023,7,CANINDEYU,ACCID.PENF,5.0
ACY1,2023,8,ALTO PARANÁ,ACCID.PENF,4.0
SGA4,2023,7,CANINDEYU,PROD.FEP,3335.61346231919
ACY1,2023,8,ALTO PARANÁ,PROD.PENF,1052.24606583987
ACY1,2023,8,ALTO PARANÁ,TOTAL PENEF,69032.2564229682
ACY2,2023,8,ALTO PARANÁ,ACCID.DEP,7.0
ACY2,2023,8,ALTO PARANÁ,PROG.DEP,0.950229436371622
SGA4,2023,7,CANINDEYU,TOTAL FEP,60712.9973531811
ACY2,2023,8,ALTO PARANÁ,TOTAL DEP,62456.4859972039
ACY2,2023,8,ALTO PARANÁ,ACCID.FEP,8.0
ACY2,2023,8,ALTO PARANÁ,PROG.FEP,0.41932267766522
ACY2,2023,8,ALTO PARANÁ,PROD.FEP,4370.40203008152
ACY2,2023,8,ALTO PARANÁ,TOTAL FEP,58673.1001957631
ACY1,2023,8,ALTO PARANÁ,PROG.PENF,0.51096117715411
ACY2,2023,8,ALTO PARANÁ,PROD.DEP,1894.54991115076
ACY1,2023,8,ALTO PARANÁ,TOTAL FEP,62712.7312040916
ACY2,2023,8,ALTO PARANÁ,ACCID.PENF,9.0
ACY3,2023,8,ALTO PARANÁ,ACCID.DEP,5.0
ACY3,2023,8,ALTO PARANÁ,PROG.DEP,0.732730937123973
ACY3,2023,8,ALTO PARANÁ,PROD.DEP,1491.15236086874
ACY3,2023,8,ALTO PARANÁ,TOTAL DEP,50136.5367804176
ACY3,2023,8,ALTO PARANÁ,ACCID.FEP,5.0
ACY3,2023,8,ALTO PARANÁ,PROG.FEP,0.847181068440498
ACY3,2023,8,ALTO PARANÁ,PROD.FEP,4086.16332299029
ACY3,2023,8,ALTO PARANÁ,TOTAL FEP,57146.6595907088
ACY3,2023,8,ALTO PARANÁ,ACCID.PENF,0.0
ACY3,2023,8,ALTO PARANÁ,PROG.PENF,0.739542803420805
ACY3,2023,8,ALTO PARANÁ,PROD.PENF,1638.72744683973
ACY3,2023,8,ALTO PARANÁ,TOTAL PENEF,55172.2809601855
ACY4,2023,8,ALTO PARANÁ,ACCID.DEP,3.0
ACY4,2023,8,ALTO PARANÁ,PROG.DEP,0.940565352939134
ACY4,2023,8,ALTO PARANÁ,PROD.DEP,2073.72043768468
ACY4,2023,8,ALTO PARANÁ,TOTAL DEP,51931.4830292769
ACY4,2023,8,ALTO PARANÁ,ACCID.FEP,9.0
ACY4,2023,8,ALTO PARANÁ,PROG.FEP,0.328743042782821
ACY4,2023,8,ALTO PARANÁ,PROD.FEP,4600.32144402786
ACY4,2023,8,ALTO PARANÁ,TOTAL FEP,62476.9764469227
ACY4,2023,8,ALTO PARANÁ,ACCID.PENF,4.0
ACY4,2023,8,ALTO PARANÁ,PROG.PENF,0.978434614101158
ACY4,2023,8,ALTO PARANÁ,PROD.PENF,2082.18041458054
ACY4,2023,8,ALTO PARANÁ,TOTAL PENEF,57403.5641770922
ACY5,2023,8,ALTO PARANÁ,ACCID.DEP,8.0
ACY5,2023,8,ALTO PARANÁ,PROG.DEP,0.743812584930596
ACY5,2023,8,ALTO PARANÁ,PROD.DEP,3931.2180809125
ACY5,2023,8,ALTO PARANÁ,TOTAL DEP,63316.1941803185
ACY5,2023,8,ALTO PARANÁ,ACCID.FEP,9.0
ACY5,2023,8,ALTO PARANÁ,PROG.FEP,0.761298737628701
ACY5,2023,8,ALTO PARANÁ,PROD.FEP,3491.36629618021
ACY5,2023,8,ALTO PARANÁ,TOTAL FEP,63262.8549138984
ACY5,2023,8,ALTO PARANÁ,ACCID.PENF,8.0
ACY5,2023,8,ALTO PARANÁ,PROG.PENF,0.840657648565666
ACY5,2023,8,ALTO PARANÁ,PROD.PENF,3503.98286125468
ACY5,2023,8,ALTO PARANÁ,TOTAL PENEF,62397.4011490552
ACY6,2023,8,ALTO PARANÁ,ACCID.DEP,6.0
ACY6,2023,8,ALTO PARANÁ,PROG.DEP,0.345959370356626
ACY6,2023,8,ALTO PARANÁ,PROD.DEP,3031.87054590593
ACY6,2023,8,ALTO PARANÁ,TOTAL DEP,52628.8721556998
ACY6,2023,8,ALTO PARANÁ,ACCID.FEP,0.0
ACY6,2023,8,ALTO PARANÁ,PROG.FEP,0.956678223456804
ACY6,2023,8,ALTO PARANÁ,PROD.FEP,2014.17334366846
ACY6,2023,8,ALTO PARANÁ,TOTAL FEP,62842.1070346686
ACY6,2023,8,ALTO PARANÁ,ACCID.PENF,0.0
ACY6,2023,8,ALTO PARANÁ,PROG.PENF,0.303216237809967
ACY6,2023,8,ALTO PARANÁ,PROD.PENF,1625.45970581611
ACY6,2023,8,ALTO PARANÁ,TOTAL PENEF,69689.8840163178
ACY7,2023,8,ALTO PARANÁ,ACCID.DEP,1.0
ACY7,2023,8,ALTO PARANÁ,PROG.DEP,0.625637788895225
ACY7,2023,8,ALTO PARANÁ,PROD.DEP,1375.06517437132
ACY7,2023,8,ALTO PARANÁ,TOTAL DEP,65593.2078281103
ACY7,2023,8,ALTO PARANÁ,ACCID.FEP,7.0
ACY7,2023,8,ALTO PARANÁ,PROG.FEP,0.230043938988088
ACY7,2023,8,ALTO PARANÁ,PROD.FEP,4964.88828707209
ACY7,2023,8,ALTO PARANÁ,TOTAL FEP,59616.7555651294
ACY7,2023,8,ALTO PARANÁ,ACCID.PENF,7.0
ACY7,2023,8,ALTO PARANÁ,PROG.PENF,0.78597667805507
ACY7,2023,8,ALTO PARANÁ,PROD.PENF,4638.16815200369
ACY7,2023,8,ALTO PARANÁ,TOTAL PENEF,63687.7096163161
ACY8,2023,8,ALTO PARANÁ,ACCID.DEP,9.0
ACY8,2023,8,ALTO PARANÁ,PROG.DEP,0.979430850493214
ACY8,2023,8,ALTO PARANÁ,PROD.DEP,2515.67622969621
ACY8,2023,8,ALTO PARANÁ,TOTAL DEP,64746.6758629617
ACY8,2023,8,ALTO PARANÁ,ACCID.FEP,4.0
ACY8,2023,8,ALTO PARANÁ,PROG.FEP,0.149934336922043
ACY8,2023,8,ALTO PARANÁ,PROD.FEP,1020.33972259927
ACY8,2023,8,ALTO PARANÁ,TOTAL FEP,61268.762641279
ACY8,2023,8,ALTO PARANÁ,ACCID.PENF,3.0
ACY8,2023,8,ALTO PARANÁ,PROG.PENF,0.704666830710367
ACY8,2023,8,ALTO PARANÁ,PROD.PENF,2377.92995788922
ACY8,2023,8,ALTO PARANÁ,TOTAL PENEF,51588.5851495659
ACY9,2023,8,ALTO PARANÁ,ACCID.DEP,3.0
ACY9,2023,8,ALTO PARANÁ,PROG.DEP,0.555282749901298
ACY9,2023,8,ALTO PARANÁ,PROD.DEP,4365.7465269507
ACY9,2023,8,ALTO PARANÁ,TOTAL DEP,50651.6370060732
ACY9,2023,8,ALTO PARANÁ,ACCID.FEP,9.0
ACY9,2023,8,ALTO PARANÁ,PROG.FEP,0.601949824543243
ACY9,2023,8,ALTO PARANÁ,PROD.FEP,3683.2799135949
ACY9,2023,8,ALTO PARANÁ,TOTAL FEP,53973.9706333057
ACY9,2023,8,ALTO PARANÁ,ACCID.PENF,0.0
ACY9,2023,8,ALTO PARANÁ,PROG.PENF,0.680659798008449
ACY9,2023,8,ALTO PARANÁ,PROD.PENF,2910.94296668195
ACY9,2023,8,ALTO PARANÁ,TOTAL PENEF,65162.3585582574
APR10,2023,8,ALTO PARANÁ,ACCID.DEP,1.0
APR10,2023,8,ALTO PARANÁ,PROG.DEP,0.767595102632413
APR10,2023,8,ALTO PARANÁ,PROD.DEP,3507.54414644966
APR10,2023,8,ALTO PARANÁ,TOTAL DEP,50973.9734410269
APR10,2023,8,ALTO PARANÁ,ACCID.FEP,9.0
APR10,2023,8,ALTO PARANÁ,PROG.FEP,0.721482025320926
APR10,2023,8,ALTO PARANÁ,PROD.FEP,3979.48402269744
APR10,2023,8,ALTO PARANÁ,TOTAL FEP,68285.8393005932
APR10,2023,8,ALTO PARANÁ,ACCID.PENF,1.0
APR10,2023,8,ALTO PARANÁ,PROG.PENF,0.882071972195965
APR10,2023,8,ALTO PARANÁ,PROD.PENF,1542.4393817295
APR10,2023,8,ALTO PARANÁ,TOTAL PENEF,50709.6957213827
ACY2,2023,8,ALTO PARANÁ,PROD.PENF,3116.32713084074
ACY2,2023,8,ALTO PARANÁ,TOTAL PENEF,59959.7953361954
ACY2,2023,8,ALTO PARANÁ,PROG.PENF,0.687483314788165
APR11,2023,8,ALTO PARANÁ,ACCID.DEP,2.0
APR11,2023,8,ALTO PARANÁ,ACCID.FEP,8.0
APR11,2023,8,ALTO PARANÁ,PROG.FEP,0.749097309843075
APR11,2023,8,ALTO PARANÁ,PROD.FEP,1585.04890972235
APR11,2023,8,ALTO PARANÁ,TOTAL FEP,54387.477989951
APR11,2023,8,ALTO PARANÁ,ACCID.PENF,4.0
APR11,2023,8,ALTO PARANÁ,PROG.PENF,0.676963647064374
APR11,2023,8,ALTO PARANÁ,PROD.PENF,4801.52761430731
APR11,2023,8,ALTO PARANÁ,TOTAL PENEF,53491.1977871822
APR12,2023,8,ALTO PARANÁ,ACCID.DEP,5.0
APR12,2023,8,ALTO PARANÁ,PROG.DEP,0.776819868213986
APR12,2023,8,ALTO PARANÁ,PROD.DEP,3653.7308167482
APR12,2023,8,ALTO PARANÁ,TOTAL DEP,62050.7143757207
APR12,2023,8,ALTO PARANÁ,ACCID.FEP,6.0
APR12,2023,8,ALTO PARANÁ,PROG.FEP,0.314197351246121
APR11,2023,8,ALTO PARANÁ,TOTAL DEP,52799.445967239
APR12,2023,8,ALTO PARANÁ,TOTAL FEP,69045.3979271309
APR11,2023,8,ALTO PARANÁ,PROD.DEP,3081.2178461094
APR12,2023,8,ALTO PARANÁ,PROG.PENF,0.976888645270848
APR12,2023,8,ALTO PARANÁ,PROD.PENF,1417.2675142401
APR12,2023,8,ALTO PARANÁ,TOTAL PENEF,66988.1563882217
APR13,2023,8,ALTO PARANÁ,ACCID.DEP,5.0
APR13,2023,8,ALTO PARANÁ,PROG.DEP,0.354308829013134
APR13,2023,8,ALTO PARANÁ,PROD.DEP,1480.69325413043
APR13,2023,8,ALTO PARANÁ,TOTAL DEP,51799.4982154474
APR13,2023,8,ALTO PARANÁ,ACCID.FEP,0.0
APR13,2023,8,ALTO PARANÁ,PROG.FEP,0.270903726806784
APR13,2023,8,ALTO PARANÁ,PROD.FEP,4753.34827493567
APR13,2023,8,ALTO PARANÁ,TOTAL FEP,54235.3986819538
APR13,2023,8,ALTO PARANÁ,ACCID.PENF,4.0
APR13,2023,8,ALTO PARANÁ,PROG.PENF,0.437283822491897
APR13,2023,8,ALTO PARANÁ,PROD.PENF,1015.30987504362
APR13,2023,8,ALTO PARANÁ,TOTAL PENEF,58880.0673058926
APR14,2023,8,ALTO PARANÁ,ACCID.DEP,1.0
APR14,2023,8,ALTO PARANÁ,PROG.DEP,0.508017761512505
APR14,2023,8,ALTO PARANÁ,PROD.DEP,3898.17328351113
APR14,2023,8,ALTO PARANÁ,TOTAL DEP,69290.41679599
APR14,2023,8,ALTO PARANÁ,ACCID.FEP,1.0
APR14,2023,8,ALTO PARANÁ,PROG.FEP,0.788265349315117
APR14,2023,8,ALTO PARANÁ,PROD.FEP,3447.72073287292
APR14,2023,8,ALTO PARANÁ,TOTAL FEP,68699.1612634947
APR14,2023,8,ALTO PARANÁ,ACCID.PENF,4.0
APR14,2023,8,ALTO PARANÁ,PROG.PENF,0.886070199558255
APR14,2023,8,ALTO PARANÁ,PROD.PENF,3322.51414793947
APR14,2023,8,ALTO PARANÁ,TOTAL PENEF,50641.0676523029
APR2,2023,8,ALTO PARANÁ,ACCID.DEP,5.0
APR2,2023,8,ALTO PARANÁ,PROG.DEP,0.572194208452848
APR2,2023,8,ALTO PARANÁ,PROD.DEP,1667.73135713607
APR2,2023,8,ALTO PARANÁ,TOTAL DEP,64431.1811433158
APR2,2023,8,ALTO PARANÁ,ACCID.FEP,6.0
APR2,2023,8,ALTO PARANÁ,PROG.FEP,0.298095205452633
APR2,2023,8,ALTO PARANÁ,PROD.FEP,3220.70030351436
APR2,2023,8,ALTO PARANÁ,TOTAL FEP,65484.3102438294
APR2,2023,8,ALTO PARANÁ,ACCID.PENF,3.0
APR2,2023,8,ALTO PARANÁ,PROG.PENF,0.141751749549285
APR11,2023,8,ALTO PARANÁ,PROG.DEP,0.707877924009158
APR2,2023,8,ALTO PARANÁ,TOTAL PENEF,64272.7185946068
APR3,2023,8,ALTO PARANÁ,ACCID.DEP,2.0
APR3,2023,8,ALTO PARANÁ,PROG.DEP,0.610819565208714
APR3,2023,8,ALTO PARANÁ,PROD.DEP,3870.51698249259
APR3,2023,8,ALTO PARANÁ,TOTAL DEP,60599.4072680917
APR3,2023,8,ALTO PARANÁ,ACCID.FEP,7.0
APR3,2023,8,ALTO PARANÁ,PROG.FEP,0.332456594323692
APR2,2023,8,ALTO PARANÁ,PROD.PENF,1548.58391662867
APR3,2023,8,ALTO PARANÁ,TOTAL FEP,51633.9956776734
APR3,2023,8,ALTO PARANÁ,ACCID.PENF,7.0
APR3,2023,8,ALTO PARANÁ,PROG.PENF,0.730904280978755
APR3,2023,8,ALTO PARANÁ,PROD.PENF,2491.89726937407
APR3,2023,8,ALTO PARANÁ,TOTAL PENEF,59561.3588991156
APR4,2023,8,ALTO PARANÁ,ACCID.DEP,2.0
APR4,2023,8,ALTO PARANÁ,PROG.DEP,0.718626497770163
APR4,2023,8,ALTO PARANÁ,PROD.DEP,3899.72836481009
APR4,2023,8,ALTO PARANÁ,TOTAL DEP,68622.9848139157
APR4,2023,8,ALTO PARANÁ,ACCID.FEP,1.0
APR4,2023,8,ALTO PARANÁ,PROG.FEP,0.969693507069634
APR4,2023,8,ALTO PARANÁ,PROD.FEP,2945.05051006823
APR4,2023,8,ALTO PARANÁ,TOTAL FEP,59891.7387941005
APR4,2023,8,ALTO PARANÁ,ACCID.PENF,6.0
APR4,2023,8,ALTO PARANÁ,PROG.PENF,0.3034242994291
APR4,2023,8,ALTO PARANÁ,PROD.PENF,3433.71677488879
APR4,2023,8,ALTO PARANÁ,TOTAL PENEF,60466.6272230552
APR5,2023,8,ALTO PARANÁ,ACCID.DEP,5.0
APR5,2023,8,ALTO PARANÁ,PROG.DEP,0.457409758352406
APR5,2023,8,ALTO PARANÁ,PROD.DEP,3010.63937081179
APR5,2023,8,ALTO PARANÁ,TOTAL DEP,57475.0154713473
APR5,2023,8,ALTO PARANÁ,ACCID.FEP,8.0
APR5,2023,8,ALTO PARANÁ,PROG.FEP,0.447310548508851
APR5,2023,8,ALTO PARANÁ,PROD.FEP,4224.47938004577
APR5,2023,8,ALTO PARANÁ,TOTAL FEP,50849.1960753344
APR5,2023,8,ALTO PARANÁ,ACCID.PENF,5.0
APR5,2023,8,ALTO PARANÁ,PROG.PENF,0.41787811253825
APR5,2023,8,ALTO PARANÁ,PROD.PENF,1061.90623710221
APR5,2023,8,ALTO PARANÁ,TOTAL PENEF,64135.9565912704
APR12,2023,8,ALTO PARANÁ,PROD.FEP,4114.59419191803
APR6,2023,8,ALTO PARANÁ,PROG.DEP,0.171072466864518
APR6,2023,8,ALTO PARANÁ,PROD.DEP,3010.75760242376
APR6,2023,8,ALTO PARANÁ,TOTAL DEP,58606.2502366136
APR3,2023,8,ALTO PARANÁ,PROD.FEP,2756.04468394736
APR12,2023,8,ALTO PARANÁ,ACCID.PENF,2.0
APR6,2023,8,ALTO PARANÁ,ACCID.DEP,6.0
APR6,2023,8,ALTO PARANÁ,ACCID.FEP,0.0
APR6,2023,8,ALTO PARANÁ,ACCID.PENF,7.0
APR6,2023,8,ALTO PARANÁ,PROG.PENF,0.824878944361364
APR6,2023,8,ALTO PARANÁ,PROD.PENF,1802.46508626364
APR6,2023,8,ALTO PARANÁ,TOTAL PENEF,56568.2856130683
APR8,2023,8,ALTO PARANÁ,ACCID.DEP,2.0
APR8,2023,8,ALTO PARANÁ,PROG.DEP,0.503939544026826
APR6,2023,8,ALTO PARANÁ,TOTAL FEP,53554.747314371
APR8,2023,8,ALTO PARANÁ,TOTAL DEP,60894.8226652048
APR8,2023,8,ALTO PARANÁ,ACCID.FEP,8.0
APR8,2023,8,ALTO PARANÁ,PROG.FEP,0.400953641504437
APR8,2023,8,ALTO PARANÁ,PROD.FEP,3205.08586192139
APR8,2023,8,ALTO PARANÁ,TOTAL FEP,68982.0794226739
APR8,2023,8,ALTO PARANÁ,ACCID.PENF,6.0
APR8,2023,8,ALTO PARANÁ,PROG.PENF,0.489335746241604
APR8,2023,8,ALTO PARANÁ,PROD.DEP,4730.20276427715
APR8,2023,8,ALTO PARANÁ,TOTAL PENEF,67854.4816798565
APR9,2023,8,ALTO PARANÁ,ACCID.DEP,9.0
APR9,2023,8,ALTO PARANÁ,PROG.DEP,0.518548350556745
APR9,2023,8,ALTO PARANÁ,PROD.DEP,3638.60806340511
APR9,2023,8,ALTO PARANÁ,TOTAL DEP,68210.5975485736
APR9,2023,8,ALTO PARANÁ,ACCID.FEP,4.0
APR9,2023,8,ALTO PARANÁ,PROG.FEP,0.627131538040301
APR9,2023,8,ALTO PARANÁ,PROD.FEP,3818.23985240872
APR9,2023,8,ALTO PARANÁ,TOTAL FEP,69257.6786113605
APR9,2023,8,ALTO PARANÁ,ACCID.PENF,4.0
APR9,2023,8,ALTO PARANÁ,PROG.PENF,0.38612956050808
APR9,2023,8,ALTO PARANÁ,PROD.PENF,1142.2163015703
APR9,2023,8,ALTO PARANÁ,TOTAL PENEF,64798.6838694936
CAT1,2023,8,CANINDEYU,ACCID.DEP,0.0
CAT1,2023,8,CANINDEYU,PROG.DEP,0.887525572159576
CAT1,2023,8,CANINDEYU,PROD.DEP,3665.6500370797
CAT1,2023,8,CANINDEYU,TOTAL DEP,54799.6794428192
CAT1,2023,8,CANINDEYU,ACCID.FEP,7.0
CAT1,2023,8,CANINDEYU,PROG.FEP,0.137855789498775
CAT1,2023,8,CANINDEYU,PROD.FEP,1228.97659973525
CAT1,2023,8,CANINDEYU,TOTAL FEP,59945.0599696463
CAT1,2023,8,CANINDEYU,ACCID.PENF,3.0
CAT1,2023,8,CANINDEYU,PROG.PENF,0.613338723744944
CAT1,2023,8,CANINDEYU,PROD.PENF,3866.92117435696
CAT1,2023,8,CANINDEYU,TOTAL PENEF,61078.0421709604
CAT10,2023,8,CANINDEYU,ACCID.DEP,0.0
CAT10,2023,8,CANINDEYU,PROG.DEP,0.496481339855446
CAT10,2023,8,CANINDEYU,PROD.DEP,2467.3787334835
CAT10,2023,8,CANINDEYU,TOTAL DEP,58632.5504675885
CAT10,2023,8,CANINDEYU,ACCID.FEP,4.0
CAT10,2023,8,CANINDEYU,PROG.FEP,0.922001894722433
CAT10,2023,8,CANINDEYU,PROD.FEP,4306.80861068116
CAT10,2023,8,CANINDEYU,TOTAL FEP,57510.6509990432
CAT10,2023,8,CANINDEYU,ACCID.PENF,6.0
CAT10,2023,8,CANINDEYU,PROG.PENF,0.157445273407902
CAT10,2023,8,CANINDEYU,PROD.PENF,4293.56453493767
CAT10,2023,8,CANINDEYU,TOTAL PENEF,50412.6090541336
CAT11,2023,8,CANINDEYU,ACCID.DEP,0.0
CAT11,2023,8,CANINDEYU,PROG.DEP,0.510965855534969
CAT11,2023,8,CANINDEYU,PROD.DEP,1915.68200418524
CAT11,2023,8,CANINDEYU,TOTAL DEP,55703.7473422399
CAT11,2023,8,CANINDEYU,ACCID.FEP,5.0
CAT11,2023,8,CANINDEYU,PROG.FEP,0.466507624691714
CAT11,2023,8,CANINDEYU,PROD.FEP,3538.17427902877
CAT11,2023,8,CANINDEYU,TOTAL FEP,55272.4994095388
CAT11,2023,8,CANINDEYU,ACCID.PENF,3.0
CAT11,2023,8,CANINDEYU,PROG.PENF,0.130691239689813
CAT11,2023,8,CANINDEYU,PROD.PENF,2315.04917375059
CAT11,2023,8,CANINDEYU,TOTAL PENEF,51383.4722074684
CAT2,2023,8,CANINDEYU,ACCID.DEP,4.0
CAT2,2023,8,CANINDEYU,PROG.DEP,0.899043428374018
CAT2,2023,8,CANINDEYU,PROD.DEP,2521.49295095245
CAT2,2023,8,CANINDEYU,TOTAL DEP,68113.3398967076
CAT2,2023,8,CANINDEYU,ACCID.FEP,2.0
CAT2,2023,8,CANINDEYU,PROG.FEP,0.636600184928391
CAT2,2023,8,CANINDEYU,PROD.FEP,4504.76085693274
CAT2,2023,8,CANINDEYU,TOTAL FEP,67982.0456987235
CAT2,2023,8,CANINDEYU,ACCID.PENF,5.0
CAT2,2023,8,CANINDEYU,PROG.PENF,0.452671440123211
CAT2,2023,8,CANINDEYU,PROD.PENF,4883.19303955652
CAT2,2023,8,CANINDEYU,TOTAL PENEF,59933.5524806863
CAT3,2023,8,CANINDEYU,ACCID.DEP,7.0
CAT3,2023,8,CANINDEYU,PROG.DEP,0.525669226788197
CAT3,2023,8,CANINDEYU,PROD.DEP,4837.46542686984
CAT3,2023,8,CANINDEYU,TOTAL DEP,56411.2731685399
CAT3,2023,8,CANINDEYU,ACCID.FEP,9.0
CAT3,2023,8,CANINDEYU,PROG.FEP,0.418455125072845
CAT3,2023,8,CANINDEYU,PROD.FEP,4893.09468377752
CAT3,2023,8,CANINDEYU,TOTAL FEP,67755.4923386248
CAT3,2023,8,CANINDEYU,ACCID.PENF,9.0
CAT3,2023,8,CANINDEYU,PROG.PENF,0.26119520899065
CAT3,2023,8,CANINDEYU,PROD.PENF,3508.93616240597
CAT3,2023,8,CANINDEYU,TOTAL PENEF,65913.0055354198
CAT4,2023,8,CANINDEYU,ACCID.DEP,7.0
CAT4,2023,8,CANINDEYU,PROG.DEP,0.355442561208281
CAT4,2023,8,CANINDEYU,PROD.DEP,4371.48958462576
CAT4,2023,8,CANINDEYU,TOTAL DEP,59121.1150184564
CAT4,2023,8,CANINDEYU,ACCID.FEP,5.0
CAT4,2023,8,CANINDEYU,PROG.FEP,0.173862451937602
CAT4,2023,8,CANINDEYU,PROD.FEP,4679.42258151739
CAT4,2023,8,CANINDEYU,TOTAL FEP,63111.9092709813
APR6,2023,8,ALTO PARANÁ,PROD.FEP,2596.75558400097
APR8,2023,8,ALTO PARANÁ,PROD.PENF,4982.09965088598
APR6,2023,8,ALTO PARANÁ,PROG.FEP,0.173557924305423
CAT4,2023,8,CANINDEYU,ACCID.PENF,3.0
CAT4,2023,8,CANINDEYU,PROG.PENF,0.26112677097067
CAT5,2023,8,CANINDEYU,PROG.DEP,0.383776224887034
CAT5,2023,8,CANINDEYU,PROD.DEP,2456.19970619232
CAT5,2023,8,CANINDEYU,TOTAL DEP,53313.0291842714
CAT5,2023,8,CANINDEYU,ACCID.FEP,8.0
CAT5,2023,8,CANINDEYU,PROG.FEP,0.718458214780646
CAT5,2023,8,CANINDEYU,PROD.FEP,3228.30151333573
CAT5,2023,8,CANINDEYU,TOTAL FEP,60676.0861335993
CAT5,2023,8,CANINDEYU,ACCID.PENF,4.0
CAT5,2023,8,CANINDEYU,PROG.PENF,0.167047817119794
CAT5,2023,8,CANINDEYU,PROD.PENF,3483.26344312551
CAT5,2023,8,CANINDEYU,TOTAL PENEF,68028.6179039067
CAT6,2023,8,CANINDEYU,ACCID.DEP,0.0
CAT6,2023,8,CANINDEYU,PROG.DEP,0.39157163959174
CAT6,2023,8,CANINDEYU,PROD.DEP,3048.16043878017
CAT6,2023,8,CANINDEYU,TOTAL DEP,55855.6785717197
CAT6,2023,8,CANINDEYU,ACCID.FEP,4.0
CAT6,2023,8,CANINDEYU,PROG.FEP,0.337186076318492
CAT6,2023,8,CANINDEYU,PROD.FEP,3176.21789691233
CAT6,2023,8,CANINDEYU,TOTAL FEP,52368.4187827453
CAT6,2023,8,CANINDEYU,ACCID.PENF,3.0
CAT6,2023,8,CANINDEYU,PROG.PENF,0.196810938059984
CAT6,2023,8,CANINDEYU,PROD.PENF,3095.49272110375
CAT5,2023,8,CANINDEYU,ACCID.DEP,7.0
CAT7,2023,8,CANINDEYU,ACCID.DEP,2.0
CAT7,2023,8,CANINDEYU,PROG.DEP,0.630064272992491
CAT7,2023,8,CANINDEYU,PROD.DEP,2517.06780952111
CAT7,2023,8,CANINDEYU,ACCID.FEP,9.0
CAT7,2023,8,CANINDEYU,TOTAL DEP,62118.7664537339
CAT7,2023,8,CANINDEYU,PROG.FEP,0.204438722661707
CAT7,2023,8,CANINDEYU,PROD.FEP,4648.18927611911
CAT7,2023,8,CANINDEYU,TOTAL FEP,66939.4568736738
CAT7,2023,8,CANINDEYU,ACCID.PENF,4.0
CAT7,2023,8,CANINDEYU,PROG.PENF,0.844773208457863
CAT7,2023,8,CANINDEYU,PROD.PENF,3483.5091650241
CAT7,2023,8,CANINDEYU,TOTAL PENEF,58920.9300195703
CAT8,2023,8,CANINDEYU,ACCID.DEP,7.0
CAT8,2023,8,CANINDEYU,PROG.DEP,0.381185683903372
CAT8,2023,8,CANINDEYU,PROD.DEP,4617.78071971939
CAT8,2023,8,CANINDEYU,TOTAL DEP,60561.9768729868
CAT8,2023,8,CANINDEYU,ACCID.FEP,3.0
CAT8,2023,8,CANINDEYU,PROG.FEP,0.203193891694746
CAT8,2023,8,CANINDEYU,PROD.FEP,2587.12442595784
CAT8,2023,8,CANINDEYU,ACCID.PENF,0.0
CAT8,2023,8,CANINDEYU,TOTAL FEP,53782.5592535645
CAT8,2023,8,CANINDEYU,PROG.PENF,0.565920596181368
CAT8,2023,8,CANINDEYU,PROD.PENF,4867.58387726039
CAT8,2023,8,CANINDEYU,TOTAL PENEF,69042.121178798
CAT9,2023,8,CANINDEYU,ACCID.DEP,7.0
CAT9,2023,8,CANINDEYU,PROG.DEP,0.922390565267764
CAT9,2023,8,CANINDEYU,PROD.DEP,4049.97328487608
CAT9,2023,8,CANINDEYU,TOTAL DEP,66829.7791267697
CAT9,2023,8,CANINDEYU,ACCID.FEP,0.0
CAT9,2023,8,CANINDEYU,PROG.FEP,0.565904240290087
CAT9,2023,8,CANINDEYU,PROD.FEP,2116.59518556745
CAT9,2023,8,CANINDEYU,TOTAL FEP,67891.5385058929
CAT9,2023,8,CANINDEYU,PROG.PENF,0.956285284507181
CAT9,2023,8,CANINDEYU,ACCID.PENF,4.0
CAT9,2023,8,CANINDEYU,PROD.PENF,4308.26630575761
CAT9,2023,8,CANINDEYU,TOTAL PENEF,54034.5443460226
CUR1,2023,8,CANINDEYU,ACCID.DEP,7.0
CUR1,2023,8,CANINDEYU,PROG.DEP,0.935670658852299
CUR1,2023,8,CANINDEYU,TOTAL DEP,56021.4744104888
CUR1,2023,8,CANINDEYU,ACCID.FEP,9.0
CUR1,2023,8,CANINDEYU,PROD.DEP,2223.51932459922
CUR1,2023,8,CANINDEYU,PROG.FEP,0.781441105087215
CUR1,2023,8,CANINDEYU,PROD.FEP,4047.01771698605
CUR1,2023,8,CANINDEYU,TOTAL FEP,52572.1410124682
CUR1,2023,8,CANINDEYU,ACCID.PENF,9.0
CUR1,2023,8,CANINDEYU,PROG.PENF,0.347679212551292
CUR1,2023,8,CANINDEYU,PROD.PENF,1757.29538054409
CUR1,2023,8,CANINDEYU,TOTAL PENEF,52048.5574548381
CUR2,2023,8,CANINDEYU,ACCID.DEP,1.0
CUR2,2023,8,CANINDEYU,PROG.DEP,0.929817836932805
CUR2,2023,8,CANINDEYU,PROD.DEP,4617.22715514404
CUR2,2023,8,CANINDEYU,TOTAL DEP,57164.5744167197
CUR2,2023,8,CANINDEYU,ACCID.FEP,1.0
CUR2,2023,8,CANINDEYU,PROD.FEP,4799.8012131559
CUR2,2023,8,CANINDEYU,PROG.FEP,0.240649758905461
CUR2,2023,8,CANINDEYU,TOTAL FEP,56926.2874454714
CUR2,2023,8,CANINDEYU,PROG.PENF,0.709317622228952
CUR2,2023,8,CANINDEYU,PROD.PENF,2491.69524490382
CUR2,2023,8,CANINDEYU,ACCID.PENF,6.0
CUR2,2023,8,CANINDEYU,TOTAL PENEF,68970.6044623829
CUR3,2023,8,CANINDEYU,ACCID.DEP,7.0
CUR3,2023,8,CANINDEYU,PROG.DEP,0.643720659324534
CUR3,2023,8,CANINDEYU,PROD.DEP,1272.89401068262
CUR3,2023,8,CANINDEYU,TOTAL DEP,61395.7955875372
CUR3,2023,8,CANINDEYU,ACCID.FEP,6.0
CUR3,2023,8,CANINDEYU,PROD.FEP,1374.94904820628
CUR3,2023,8,CANINDEYU,TOTAL FEP,50291.5757062273
CUR3,2023,8,CANINDEYU,PROG.FEP,0.613630637213497
CUR3,2023,8,CANINDEYU,ACCID.PENF,6.0
CUR3,2023,8,CANINDEYU,PROG.PENF,0.970230680743435
CUR3,2023,8,CANINDEYU,PROD.PENF,1200.59122822133
CUR3,2023,8,CANINDEYU,TOTAL PENEF,68353.1452874679
CAT4,2023,8,CANINDEYU,PROD.PENF,2532.75991258228
CAT4,2023,8,CANINDEYU,TOTAL PENEF,63284.7908416063
CAT6,2023,8,CANINDEYU,TOTAL PENEF,65304.9398581961
CUR4,2023,8,CANINDEYU,ACCID.DEP,1.0
CUR4,2023,8,CANINDEYU,ACCID.FEP,0.0
CUR4,2023,8,CANINDEYU,PROG.FEP,0.525438827112037
CUR4,2023,8,CANINDEYU,PROD.FEP,1823.75353362633
CUR4,2023,8,CANINDEYU,TOTAL FEP,56852.989439363
CUR4,2023,8,CANINDEYU,ACCID.PENF,5.0
CUR4,2023,8,CANINDEYU,PROG.PENF,0.607177105902596
CUR4,2023,8,CANINDEYU,PROD.PENF,4664.25656886341
CUR4,2023,8,CANINDEYU,TOTAL PENEF,64775.7930297581
CUR5,2023,8,CANINDEYU,ACCID.DEP,5.0
CUR5,2023,8,CANINDEYU,PROG.DEP,0.909909196419965
CUR5,2023,8,CANINDEYU,PROD.DEP,2425.93061743652
CUR5,2023,8,CANINDEYU,TOTAL DEP,60607.4338672473
CUR5,2023,8,CANINDEYU,ACCID.FEP,3.0
CUR5,2023,8,CANINDEYU,PROG.FEP,0.258398807282832
CUR5,2023,8,CANINDEYU,PROD.FEP,4848.58922209429
CUR5,2023,8,CANINDEYU,TOTAL FEP,52993.5478890676
CUR5,2023,8,CANINDEYU,ACCID.PENF,0.0
CUR5,2023,8,CANINDEYU,PROG.PENF,0.160683606146475
CUR5,2023,8,CANINDEYU,PROD.PENF,1274.47272013532
CUR5,2023,8,CANINDEYU,TOTAL PENEF,50620.2269264921
DES10,2023,8,ALTO PARANÁ,ACCID.DEP,2.0
DES10,2023,8,ALTO PARANÁ,PROG.DEP,0.266637932925794
DES10,2023,8,ALTO PARANÁ,PROD.DEP,3363.59717531205
DES10,2023,8,ALTO PARANÁ,TOTAL DEP,68341.9807524577
DES10,2023,8,ALTO PARANÁ,PROG.FEP,0.679235680553822
DES10,2023,8,ALTO PARANÁ,PROD.FEP,1395.99101119104
DES10,2023,8,ALTO PARANÁ,ACCID.FEP,8.0
DES10,2023,8,ALTO PARANÁ,TOTAL FEP,61467.522082505
DES10,2023,8,ALTO PARANÁ,ACCID.PENF,3.0
DES10,2023,8,ALTO PARANÁ,PROG.PENF,0.179363216219679
DES10,2023,8,ALTO PARANÁ,PROD.PENF,2082.22156311694
DES10,2023,8,ALTO PARANÁ,TOTAL PENEF,51229.4277215797
DES3,2023,8,ALTO PARANÁ,ACCID.DEP,7.0
DES3,2023,8,ALTO PARANÁ,PROG.DEP,0.658803718910096
DES3,2023,8,ALTO PARANÁ,PROD.DEP,1086.31522206659
DES3,2023,8,ALTO PARANÁ,TOTAL DEP,50435.7251786238
DES3,2023,8,ALTO PARANÁ,ACCID.FEP,9.0
DES3,2023,8,ALTO PARANÁ,PROG.FEP,0.218671635175915
DES3,2023,8,ALTO PARANÁ,PROD.FEP,1576.78076316912
DES3,2023,8,ALTO PARANÁ,TOTAL FEP,60490.4067835895
DES3,2023,8,ALTO PARANÁ,ACCID.PENF,0.0
DES3,2023,8,ALTO PARANÁ,PROG.PENF,0.36212507538548
DES3,2023,8,ALTO PARANÁ,PROD.PENF,2224.10059029379
DES3,2023,8,ALTO PARANÁ,TOTAL PENEF,51410.7515554573
DES4,2023,8,ALTO PARANÁ,ACCID.DEP,9.0
DES4,2023,8,ALTO PARANÁ,PROG.DEP,0.525403562096338
DES4,2023,8,ALTO PARANÁ,PROD.DEP,4349.32485462114
DES4,2023,8,ALTO PARANÁ,TOTAL DEP,55107.1141475788
DES4,2023,8,ALTO PARANÁ,ACCID.FEP,9.0
DES4,2023,8,ALTO PARANÁ,PROD.FEP,4205.46745616909
DES4,2023,8,ALTO PARANÁ,TOTAL FEP,66177.298900259
DES4,2023,8,ALTO PARANÁ,PROG.FEP,0.839763526024518
DES4,2023,8,ALTO PARANÁ,ACCID.PENF,3.0
DES4,2023,8,ALTO PARANÁ,PROG.PENF,0.833054306787102
DES4,2023,8,ALTO PARANÁ,PROD.PENF,1723.04899918691
DES4,2023,8,ALTO PARANÁ,TOTAL PENEF,63763.4594637132
DES5,2023,8,ALTO PARANÁ,PROG.DEP,0.996633439343691
DES5,2023,8,ALTO PARANÁ,ACCID.DEP,4.0
DES5,2023,8,ALTO PARANÁ,PROD.DEP,4733.47305812524
DES5,2023,8,ALTO PARANÁ,TOTAL DEP,69978.7699904162
DES5,2023,8,ALTO PARANÁ,ACCID.FEP,6.0
DES5,2023,8,ALTO PARANÁ,PROG.FEP,0.499003929227926
DES5,2023,8,ALTO PARANÁ,PROD.FEP,2078.82622211976
DES5,2023,8,ALTO PARANÁ,TOTAL FEP,66677.9705980907
DES5,2023,8,ALTO PARANÁ,ACCID.PENF,9.0
DES5,2023,8,ALTO PARANÁ,PROG.PENF,0.810037477038309
DES5,2023,8,ALTO PARANÁ,PROD.PENF,2635.16916602684
DES5,2023,8,ALTO PARANÁ,TOTAL PENEF,53168.6318840157
CUR4,2023,8,CANINDEYU,PROD.DEP,1768.49195552306
DES8,2023,8,ALTO PARANÁ,PROG.DEP,0.484820653289344
DES8,2023,8,ALTO PARANÁ,PROD.DEP,1975.33053567756
DES8,2023,8,ALTO PARANÁ,TOTAL DEP,64871.420685835
DES8,2023,8,ALTO PARANÁ,PROG.FEP,0.839828811786339
DES8,2023,8,ALTO PARANÁ,PROD.FEP,4076.58322304315
DES8,2023,8,ALTO PARANÁ,ACCID.FEP,6.0
DES8,2023,8,ALTO PARANÁ,TOTAL FEP,56207.392608422
DES8,2023,8,ALTO PARANÁ,ACCID.PENF,6.0
DES8,2023,8,ALTO PARANÁ,PROD.PENF,4258.87728526831
DES8,2023,8,ALTO PARANÁ,PROG.PENF,0.662591615587389
DES8,2023,8,ALTO PARANÁ,TOTAL PENEF,60049.3977983655
DES9,2023,8,ALTO PARANÁ,ACCID.DEP,0.0
DES9,2023,8,ALTO PARANÁ,PROG.DEP,0.452638485534316
DES9,2023,8,ALTO PARANÁ,PROD.DEP,4051.71807590296
DES9,2023,8,ALTO PARANÁ,ACCID.FEP,1.0
DES9,2023,8,ALTO PARANÁ,PROG.FEP,0.421459817278911
DES9,2023,8,ALTO PARANÁ,TOTAL DEP,60533.5043061002
DES9,2023,8,ALTO PARANÁ,PROD.FEP,3802.86380434435
DES9,2023,8,ALTO PARANÁ,TOTAL FEP,56769.3552661503
DES9,2023,8,ALTO PARANÁ,ACCID.PENF,8.0
DES9,2023,8,ALTO PARANÁ,PROG.PENF,0.3177365410024
DES9,2023,8,ALTO PARANÁ,PROD.PENF,3393.44616272283
DES9,2023,8,ALTO PARANÁ,TOTAL PENEF,54908.9279219673
HER1,2023,8,ALTO PARANÁ,ACCID.DEP,5.0
HER1,2023,8,ALTO PARANÁ,PROG.DEP,0.827963381169888
HER1,2023,8,ALTO PARANÁ,PROD.DEP,4777.18577052268
HER1,2023,8,ALTO PARANÁ,TOTAL DEP,50858.0117331557
CUR4,2023,8,CANINDEYU,TOTAL DEP,67195.1702923887
CUR4,2023,8,CANINDEYU,PROG.DEP,0.495289014054528
DES8,2023,8,ALTO PARANÁ,ACCID.DEP,1.0
HER1,2023,8,ALTO PARANÁ,ACCID.FEP,3.0
HER1,2023,8,ALTO PARANÁ,ACCID.PENF,8.0
HER1,2023,8,ALTO PARANÁ,PROG.PENF,0.341353961199867
HER1,2023,8,ALTO PARANÁ,PROD.PENF,3871.44715452744
HER1,2023,8,ALTO PARANÁ,TOTAL PENEF,51173.784699246
HER10,2023,8,ALTO PARANÁ,ACCID.DEP,4.0
HER10,2023,8,ALTO PARANÁ,PROG.DEP,0.108445353500271
HER10,2023,8,ALTO PARANÁ,PROD.DEP,2806.52528065519
HER10,2023,8,ALTO PARANÁ,TOTAL DEP,54590.7623621995
HER10,2023,8,ALTO PARANÁ,ACCID.FEP,6.0
HER10,2023,8,ALTO PARANÁ,PROG.FEP,0.870508341780268
HER10,2023,8,ALTO PARANÁ,PROD.FEP,4163.43150386875
HER10,2023,8,ALTO PARANÁ,TOTAL FEP,54737.1344081218
HER10,2023,8,ALTO PARANÁ,ACCID.PENF,4.0
HER10,2023,8,ALTO PARANÁ,PROG.PENF,0.188239885913617
HER10,2023,8,ALTO PARANÁ,TOTAL PENEF,57116.3612483515
HER10,2023,8,ALTO PARANÁ,PROD.PENF,2327.18328944776
HER2,2023,8,ALTO PARANÁ,ACCID.DEP,3.0
HER2,2023,8,ALTO PARANÁ,PROG.DEP,0.315682241429393
HER2,2023,8,ALTO PARANÁ,PROD.DEP,2817.41765637513
HER2,2023,8,ALTO PARANÁ,TOTAL DEP,59697.1588310613
HER2,2023,8,ALTO PARANÁ,ACCID.FEP,2.0
HER2,2023,8,ALTO PARANÁ,PROG.FEP,0.802258702863648
HER2,2023,8,ALTO PARANÁ,TOTAL FEP,69492.075479503
HER2,2023,8,ALTO PARANÁ,PROD.FEP,3307.73195076265
HER2,2023,8,ALTO PARANÁ,ACCID.PENF,1.0
HER2,2023,8,ALTO PARANÁ,PROD.PENF,3693.85390173094
HER2,2023,8,ALTO PARANÁ,PROG.PENF,0.424069303808339
HER2,2023,8,ALTO PARANÁ,TOTAL PENEF,65241.7640701728
HER7,2023,8,ALTO PARANÁ,ACCID.DEP,1.0
HER7,2023,8,ALTO PARANÁ,PROG.DEP,0.101247211123231
HER7,2023,8,ALTO PARANÁ,PROD.DEP,2124.80848524187
HER7,2023,8,ALTO PARANÁ,TOTAL DEP,53775.116130287
HER7,2023,8,ALTO PARANÁ,ACCID.FEP,0.0
HER7,2023,8,ALTO PARANÁ,PROG.FEP,0.154902589297358
HER7,2023,8,ALTO PARANÁ,PROD.FEP,1200.94347811456
HER7,2023,8,ALTO PARANÁ,TOTAL FEP,51298.5398235719
HER7,2023,8,ALTO PARANÁ,ACCID.PENF,2.0
HER7,2023,8,ALTO PARANÁ,PROG.PENF,0.776745035374132
HER7,2023,8,ALTO PARANÁ,PROD.PENF,2450.83362761946
HER7,2023,8,ALTO PARANÁ,TOTAL PENEF,61523.8191107498
HER8,2023,8,ALTO PARANÁ,ACCID.DEP,4.0
HER8,2023,8,ALTO PARANÁ,PROG.DEP,0.463586689797744
HER8,2023,8,ALTO PARANÁ,PROD.DEP,3452.62795150801
HER8,2023,8,ALTO PARANÁ,TOTAL DEP,67670.6149587391
HER8,2023,8,ALTO PARANÁ,ACCID.FEP,9.0
HER8,2023,8,ALTO PARANÁ,PROG.FEP,0.749304188934954
HER8,2023,8,ALTO PARANÁ,PROD.FEP,2595.35606700133
HER8,2023,8,ALTO PARANÁ,TOTAL FEP,69103.5179251304
HER8,2023,8,ALTO PARANÁ,ACCID.PENF,8.0
HER8,2023,8,ALTO PARANÁ,PROG.PENF,0.466066845946127
HER8,2023,8,ALTO PARANÁ,PROD.PENF,4353.64696262957
HER8,2023,8,ALTO PARANÁ,TOTAL PENEF,53243.8244580055
HER9,2023,8,ALTO PARANÁ,ACCID.DEP,1.0
HER9,2023,8,ALTO PARANÁ,PROG.DEP,0.413295678719905
HER9,2023,8,ALTO PARANÁ,PROD.DEP,3496.53049104938
HER9,2023,8,ALTO PARANÁ,TOTAL DEP,54027.1257361087
HER9,2023,8,ALTO PARANÁ,ACCID.FEP,9.0
HER9,2023,8,ALTO PARANÁ,PROG.FEP,0.653112087965366
HER9,2023,8,ALTO PARANÁ,PROD.FEP,1368.42129614108
HER9,2023,8,ALTO PARANÁ,TOTAL FEP,68988.7034316135
HER9,2023,8,ALTO PARANÁ,ACCID.PENF,1.0
HER9,2023,8,ALTO PARANÁ,PROG.PENF,0.458627496311691
HER9,2023,8,ALTO PARANÁ,PROD.PENF,1021.47029997779
HER9,2023,8,ALTO PARANÁ,TOTAL PENEF,63130.982753145
IRY1,2023,8,ALTO PARANÁ,ACCID.DEP,7.0
IRY1,2023,8,ALTO PARANÁ,PROG.DEP,0.234941537735198
IRY1,2023,8,ALTO PARANÁ,PROD.DEP,4930.34367510997
IRY1,2023,8,ALTO PARANÁ,TOTAL DEP,62105.8899826356
IRY1,2023,8,ALTO PARANÁ,ACCID.FEP,5.0
IRY1,2023,8,ALTO PARANÁ,PROG.FEP,0.768989778563441
IRY1,2023,8,ALTO PARANÁ,PROD.FEP,1820.43219260224
IRY1,2023,8,ALTO PARANÁ,TOTAL FEP,52062.6558426379
IRY1,2023,8,ALTO PARANÁ,ACCID.PENF,9.0
IRY1,2023,8,ALTO PARANÁ,PROG.PENF,0.242746823508915
IRY1,2023,8,ALTO PARANÁ,PROD.PENF,3880.43711735048
IRY1,2023,8,ALTO PARANÁ,TOTAL PENEF,58397.705515318
IRY2,2023,8,ALTO PARANÁ,ACCID.DEP,9.0
IRY2,2023,8,ALTO PARANÁ,PROG.DEP,0.997103689071633
IRY2,2023,8,ALTO PARANÁ,PROD.DEP,1145.56506044987
IRY2,2023,8,ALTO PARANÁ,TOTAL DEP,68948.4596715107
IRY2,2023,8,ALTO PARANÁ,ACCID.FEP,9.0
IRY2,2023,8,ALTO PARANÁ,PROG.FEP,0.578097273669213
IRY2,2023,8,ALTO PARANÁ,PROD.FEP,1358.53169507441
IRY2,2023,8,ALTO PARANÁ,TOTAL FEP,63264.8640197958
IRY2,2023,8,ALTO PARANÁ,ACCID.PENF,9.0
IRY2,2023,8,ALTO PARANÁ,PROG.PENF,0.874907731909127
IRY2,2023,8,ALTO PARANÁ,PROD.PENF,1065.06210583649
IRY2,2023,8,ALTO PARANÁ,TOTAL PENEF,65449.0545205021
IRY3,2023,8,ALTO PARANÁ,ACCID.DEP,5.0
IRY3,2023,8,ALTO PARANÁ,PROG.DEP,0.277100300922621
IRY3,2023,8,ALTO PARANÁ,PROD.DEP,4949.45349430859
IRY3,2023,8,ALTO PARANÁ,TOTAL DEP,69721.7874492312
IRY3,2023,8,ALTO PARANÁ,ACCID.FEP,4.0
IRY3,2023,8,ALTO PARANÁ,PROG.FEP,0.430117792057849
IRY3,2023,8,ALTO PARANÁ,PROD.FEP,2167.75245120014
IRY3,2023,8,ALTO PARANÁ,TOTAL FEP,55409.7111745984
HER1,2023,8,ALTO PARANÁ,PROD.FEP,3969.10462068055
HER1,2023,8,ALTO PARANÁ,TOTAL FEP,67447.1834712981
HER1,2023,8,ALTO PARANÁ,PROG.FEP,0.859914094440108
IRY3,2023,8,ALTO PARANÁ,ACCID.PENF,9.0
IRY3,2023,8,ALTO PARANÁ,PROG.PENF,0.48463439186863
IRY4,2023,8,ALTO PARANÁ,PROG.DEP,0.734322927145001
IRY4,2023,8,ALTO PARANÁ,PROD.DEP,1097.68241508407
IRY4,2023,8,ALTO PARANÁ,TOTAL DEP,55216.097691221
IRY4,2023,8,ALTO PARANÁ,ACCID.FEP,2.0
IRY4,2023,8,ALTO PARANÁ,PROG.FEP,0.660816958343072
IRY4,2023,8,ALTO PARANÁ,PROD.FEP,2406.98764268161
IRY4,2023,8,ALTO PARANÁ,TOTAL FEP,67448.9166850109
IRY4,2023,8,ALTO PARANÁ,ACCID.PENF,4.0
IRY4,2023,8,ALTO PARANÁ,PROG.PENF,0.95371852355682
IRY4,2023,8,ALTO PARANÁ,PROD.PENF,4934.19479419646
IRY4,2023,8,ALTO PARANÁ,TOTAL PENEF,66394.6267289372
JEP1,2023,8,CANINDEYU,ACCID.DEP,6.0
JEP1,2023,8,CANINDEYU,PROG.DEP,0.91227080208482
JEP1,2023,8,CANINDEYU,PROD.DEP,2508.29228264919
JEP1,2023,8,CANINDEYU,TOTAL DEP,65198.7892857588
JEP1,2023,8,CANINDEYU,ACCID.FEP,5.0
JEP1,2023,8,CANINDEYU,PROG.FEP,0.829460172282336
JEP1,2023,8,CANINDEYU,PROD.FEP,2451.74170813074
JEP1,2023,8,CANINDEYU,TOTAL FEP,60171.6067050766
JEP1,2023,8,CANINDEYU,ACCID.PENF,4.0
JEP1,2023,8,CANINDEYU,PROG.PENF,0.442394982487503
JEP1,2023,8,CANINDEYU,PROD.PENF,1853.89864396736
JEP1,2023,8,CANINDEYU,TOTAL PENEF,54511.1285008915
JEP2,2023,8,CANINDEYU,ACCID.DEP,8.0
JEP2,2023,8,CANINDEYU,PROG.DEP,0.347114136525902
JEP2,2023,8,CANINDEYU,PROD.DEP,1027.66444054645
JEP2,2023,8,CANINDEYU,TOTAL DEP,62114.3028081749
JEP2,2023,8,CANINDEYU,ACCID.FEP,9.0
JEP2,2023,8,CANINDEYU,PROG.FEP,0.923222367801848
JEP2,2023,8,CANINDEYU,PROD.FEP,1848.23808988285
JEP2,2023,8,CANINDEYU,TOTAL FEP,62905.2388044962
JEP2,2023,8,CANINDEYU,ACCID.PENF,9.0
JEP2,2023,8,CANINDEYU,PROG.PENF,0.143615214628655
JEP2,2023,8,CANINDEYU,PROD.PENF,3435.18804986661
JEP2,2023,8,CANINDEYU,TOTAL PENEF,55763.0655027529
JEP3,2023,8,CANINDEYU,ACCID.DEP,9.0
JEP3,2023,8,CANINDEYU,PROG.DEP,0.285187383368967
JEP3,2023,8,CANINDEYU,PROD.DEP,3069.20399115549
JEP3,2023,8,CANINDEYU,TOTAL DEP,64974.4941240735
JEP3,2023,8,CANINDEYU,ACCID.FEP,4.0
JEP3,2023,8,CANINDEYU,PROG.FEP,0.179402489258903
JEP3,2023,8,CANINDEYU,PROD.FEP,4522.99143725862
JEP3,2023,8,CANINDEYU,TOTAL FEP,69246.6354529556
JEP3,2023,8,CANINDEYU,ACCID.PENF,3.0
JEP3,2023,8,CANINDEYU,PROG.PENF,0.408096976656068
JEP3,2023,8,CANINDEYU,PROD.PENF,2648.24982478775
JEP3,2023,8,CANINDEYU,TOTAL PENEF,62561.2059057521
JEP4,2023,8,CANINDEYU,ACCID.DEP,2.0
JEP4,2023,8,CANINDEYU,PROG.DEP,0.557866746610991
JEP4,2023,8,CANINDEYU,PROD.DEP,4131.35006314774
JEP4,2023,8,CANINDEYU,TOTAL DEP,52189.5965032365
JEP4,2023,8,CANINDEYU,ACCID.FEP,7.0
JEP4,2023,8,CANINDEYU,PROG.FEP,0.641595852947729
JEP4,2023,8,CANINDEYU,PROD.FEP,1214.98497486527
JEP4,2023,8,CANINDEYU,TOTAL FEP,58164.2579968124
JEP4,2023,8,CANINDEYU,ACCID.PENF,4.0
JEP4,2023,8,CANINDEYU,PROG.PENF,0.585644470858748
JEP4,2023,8,CANINDEYU,PROD.PENF,4477.56825812977
JEP4,2023,8,CANINDEYU,TOTAL PENEF,56171.181446931
JLM1,2023,8,ALTO PARANÁ,ACCID.DEP,6.0
JLM1,2023,8,ALTO PARANÁ,PROG.DEP,0.357932769669261
JLM1,2023,8,ALTO PARANÁ,PROD.DEP,2923.41785996131
JLM1,2023,8,ALTO PARANÁ,TOTAL DEP,56022.5045617613
JLM1,2023,8,ALTO PARANÁ,ACCID.FEP,6.0
JLM1,2023,8,ALTO PARANÁ,PROG.FEP,0.180980501838444
JLM1,2023,8,ALTO PARANÁ,PROD.FEP,1510.68810813946
JLM1,2023,8,ALTO PARANÁ,TOTAL FEP,50868.1660586117
JLM1,2023,8,ALTO PARANÁ,ACCID.PENF,6.0
JLM1,2023,8,ALTO PARANÁ,PROG.PENF,0.189170010545172
JLM1,2023,8,ALTO PARANÁ,PROD.PENF,1995.4483666839
JLM1,2023,8,ALTO PARANÁ,TOTAL PENEF,52371.8505418315
IRY3,2023,8,ALTO PARANÁ,PROD.PENF,1137.64913594309
JLM2,2023,8,ALTO PARANÁ,PROG.DEP,0.123222786946544
JLM2,2023,8,ALTO PARANÁ,PROD.DEP,2387.09847362799
JLM2,2023,8,ALTO PARANÁ,TOTAL DEP,67587.916250233
JLM2,2023,8,ALTO PARANÁ,ACCID.FEP,9.0
JLM2,2023,8,ALTO PARANÁ,PROG.FEP,0.799011758558347
JLM2,2023,8,ALTO PARANÁ,PROD.FEP,3916.19042332262
JLM2,2023,8,ALTO PARANÁ,TOTAL FEP,58767.2997667017
JLM2,2023,8,ALTO PARANÁ,ACCID.PENF,1.0
JLM2,2023,8,ALTO PARANÁ,PROG.PENF,0.902915269618817
JLM2,2023,8,ALTO PARANÁ,PROD.PENF,3829.03599596561
JLM2,2023,8,ALTO PARANÁ,TOTAL PENEF,55860.6078699926
JLM3,2023,8,ALTO PARANÁ,ACCID.DEP,2.0
JLM3,2023,8,ALTO PARANÁ,PROG.DEP,0.840059412863055
JLM3,2023,8,ALTO PARANÁ,PROD.DEP,3425.40478314997
JLM3,2023,8,ALTO PARANÁ,TOTAL DEP,68708.94110536
JLM3,2023,8,ALTO PARANÁ,ACCID.FEP,9.0
JLM3,2023,8,ALTO PARANÁ,PROG.FEP,0.205306960410319
JLM3,2023,8,ALTO PARANÁ,PROD.FEP,4701.04217649041
JLM3,2023,8,ALTO PARANÁ,TOTAL FEP,69173.1678494876
JLM3,2023,8,ALTO PARANÁ,ACCID.PENF,8.0
JLM3,2023,8,ALTO PARANÁ,PROG.PENF,0.819761654933649
JLM3,2023,8,ALTO PARANÁ,PROD.PENF,3526.26968954799
JLM3,2023,8,ALTO PARANÁ,TOTAL PENEF,69637.2117689349
IRY3,2023,8,ALTO PARANÁ,TOTAL PENEF,56657.6577700717
IRY4,2023,8,ALTO PARANÁ,ACCID.DEP,5.0
JLM2,2023,8,ALTO PARANÁ,ACCID.DEP,4.0
K152,2023,8,ALTO PARANÁ,ACCID.DEP,3.0
K152,2023,8,ALTO PARANÁ,ACCID.FEP,0.0
K152,2023,8,ALTO PARANÁ,PROG.FEP,0.991493070717323
K152,2023,8,ALTO PARANÁ,PROD.FEP,2002.53569717863
K152,2023,8,ALTO PARANÁ,TOTAL FEP,66732.8558450172
K152,2023,8,ALTO PARANÁ,ACCID.PENF,3.0
K152,2023,8,ALTO PARANÁ,PROG.PENF,0.202616017503164
K152,2023,8,ALTO PARANÁ,PROD.PENF,3026.41858999436
K152,2023,8,ALTO PARANÁ,TOTAL PENEF,50963.7440818602
K153,2023,8,ALTO PARANÁ,ACCID.DEP,3.0
K153,2023,8,ALTO PARANÁ,PROG.DEP,0.543305971340218
K153,2023,8,ALTO PARANÁ,PROD.DEP,1629.5170884877
K153,2023,8,ALTO PARANÁ,TOTAL DEP,63739.769398703
K153,2023,8,ALTO PARANÁ,ACCID.FEP,8.0
K153,2023,8,ALTO PARANÁ,PROG.FEP,0.369405365930822
K153,2023,8,ALTO PARANÁ,PROD.FEP,3547.15540798578
K153,2023,8,ALTO PARANÁ,TOTAL FEP,67094.7509022329
K153,2023,8,ALTO PARANÁ,ACCID.PENF,7.0
K153,2023,8,ALTO PARANÁ,PROG.PENF,0.708101064551006
K153,2023,8,ALTO PARANÁ,PROD.PENF,1904.73477821396
K153,2023,8,ALTO PARANÁ,TOTAL PENEF,68319.4744529726
K154,2023,8,ALTO PARANÁ,ACCID.DEP,8.0
K154,2023,8,ALTO PARANÁ,PROG.DEP,0.652455527741954
K154,2023,8,ALTO PARANÁ,PROD.DEP,2395.95271746798
K154,2023,8,ALTO PARANÁ,TOTAL DEP,56388.0815144436
K154,2023,8,ALTO PARANÁ,ACCID.FEP,7.0
K154,2023,8,ALTO PARANÁ,PROG.FEP,0.359449740545071
K154,2023,8,ALTO PARANÁ,PROD.FEP,4663.63019026333
K154,2023,8,ALTO PARANÁ,TOTAL FEP,57226.2954692692
K154,2023,8,ALTO PARANÁ,ACCID.PENF,3.0
K154,2023,8,ALTO PARANÁ,PROG.PENF,0.597898535625972
K154,2023,8,ALTO PARANÁ,PROD.PENF,4203.29053083715
K154,2023,8,ALTO PARANÁ,TOTAL PENEF,66734.250995196
K155,2023,8,ALTO PARANÁ,ACCID.DEP,9.0
K155,2023,8,ALTO PARANÁ,PROG.DEP,0.15614798342606
K155,2023,8,ALTO PARANÁ,PROD.DEP,4327.98010150207
K155,2023,8,ALTO PARANÁ,TOTAL DEP,62294.4647665962
K155,2023,8,ALTO PARANÁ,ACCID.FEP,3.0
K155,2023,8,ALTO PARANÁ,PROG.FEP,0.398615866096021
K155,2023,8,ALTO PARANÁ,PROD.FEP,3928.62688882836
K155,2023,8,ALTO PARANÁ,TOTAL FEP,68598.8235618702
K155,2023,8,ALTO PARANÁ,ACCID.PENF,3.0
K155,2023,8,ALTO PARANÁ,PROG.PENF,0.64407827594723
K155,2023,8,ALTO PARANÁ,PROD.PENF,3441.72400996196
K155,2023,8,ALTO PARANÁ,TOTAL PENEF,65720.5362594198
K156,2023,8,ALTO PARANÁ,ACCID.DEP,3.0
K156,2023,8,ALTO PARANÁ,PROG.DEP,0.835993147219351
K156,2023,8,ALTO PARANÁ,PROD.DEP,2765.30405850726
K156,2023,8,ALTO PARANÁ,TOTAL DEP,55565.6573792664
K156,2023,8,ALTO PARANÁ,ACCID.FEP,1.0
K156,2023,8,ALTO PARANÁ,PROG.FEP,0.349582677773287
K156,2023,8,ALTO PARANÁ,PROD.FEP,2645.31661499391
K156,2023,8,ALTO PARANÁ,TOTAL FEP,58035.1812524681
K156,2023,8,ALTO PARANÁ,ACCID.PENF,5.0
K156,2023,8,ALTO PARANÁ,PROG.PENF,0.161532329444538
K156,2023,8,ALTO PARANÁ,PROD.PENF,2340.76396020165
K156,2023,8,ALTO PARANÁ,TOTAL PENEF,53021.4618872768
K157,2023,8,ALTO PARANÁ,ACCID.DEP,3.0
K157,2023,8,ALTO PARANÁ,PROG.DEP,0.82389234568252
K157,2023,8,ALTO PARANÁ,PROD.DEP,2354.7362106112
K157,2023,8,ALTO PARANÁ,TOTAL DEP,53864.7691359657
K157,2023,8,ALTO PARANÁ,ACCID.FEP,0.0
K157,2023,8,ALTO PARANÁ,PROG.FEP,0.201769151194332
K157,2023,8,ALTO PARANÁ,PROD.FEP,1334.77025003557
K157,2023,8,ALTO PARANÁ,TOTAL FEP,66432.3135818667
K157,2023,8,ALTO PARANÁ,ACCID.PENF,7.0
K157,2023,8,ALTO PARANÁ,PROG.PENF,0.879732621930715
K157,2023,8,ALTO PARANÁ,PROD.PENF,4465.39391133416
K157,2023,8,ALTO PARANÁ,TOTAL PENEF,68271.6939774323
K158,2023,8,ALTO PARANÁ,ACCID.DEP,7.0
K158,2023,8,ALTO PARANÁ,PROG.DEP,0.12145264656113
K158,2023,8,ALTO PARANÁ,PROD.DEP,1876.27409672976
K158,2023,8,ALTO PARANÁ,TOTAL DEP,53900.0178863885
K158,2023,8,ALTO PARANÁ,ACCID.FEP,2.0
K158,2023,8,ALTO PARANÁ,PROG.FEP,0.402728418802398
K158,2023,8,ALTO PARANÁ,PROD.FEP,3865.75024016481
K158,2023,8,ALTO PARANÁ,TOTAL FEP,58307.1864687731
K158,2023,8,ALTO PARANÁ,ACCID.PENF,4.0
K158,2023,8,ALTO PARANÁ,PROG.PENF,0.813447404992352
K158,2023,8,ALTO PARANÁ,PROD.PENF,3441.99335516718
K158,2023,8,ALTO PARANÁ,TOTAL PENEF,59324.8608893792
K159,2023,8,ALTO PARANÁ,ACCID.DEP,7.0
K159,2023,8,ALTO PARANÁ,PROG.DEP,0.136489282119793
K159,2023,8,ALTO PARANÁ,PROD.DEP,3800.6978163998
K159,2023,8,ALTO PARANÁ,TOTAL DEP,52282.888036261
K159,2023,8,ALTO PARANÁ,ACCID.FEP,4.0
K159,2023,8,ALTO PARANÁ,PROG.FEP,0.7390958274099
K159,2023,8,ALTO PARANÁ,PROD.FEP,2070.60599807074
K159,2023,8,ALTO PARANÁ,TOTAL FEP,62020.8511554237
K159,2023,8,ALTO PARANÁ,ACCID.PENF,0.0
K159,2023,8,ALTO PARANÁ,PROG.PENF,0.413817258091206
K159,2023,8,ALTO PARANÁ,PROD.PENF,2145.69427098702
K159,2023,8,ALTO PARANÁ,TOTAL PENEF,51039.0308253701
K301,2023,8,ALTO PARANÁ,ACCID.DEP,2.0
K301,2023,8,ALTO PARANÁ,PROG.DEP,0.619821617313375
K301,2023,8,ALTO PARANÁ,PROD.DEP,1463.31439286025
K301,2023,8,ALTO PARANÁ,TOTAL DEP,59157.9865967681
K152,2023,8,ALTO PARANÁ,PROD.DEP,4146.34114832374
K152,2023,8,ALTO PARANÁ,TOTAL DEP,61894.4815206778
K152,2023,8,ALTO PARANÁ,PROG.DEP,0.776531709427279
K301,2023,8,ALTO PARANÁ,ACCID.FEP,0.0
K301,2023,8,ALTO PARANÁ,ACCID.PENF,7.0
K301,2023,8,ALTO PARANÁ,PROG.PENF,0.506799675212063
K301,2023,8,ALTO PARANÁ,PROD.PENF,2694.61424386507
K301,2023,8,ALTO PARANÁ,TOTAL PENEF,52901.6333343562
K302,2023,8,ALTO PARANÁ,ACCID.DEP,5.0
K302,2023,8,ALTO PARANÁ,PROG.DEP,0.128509921506123
K302,2023,8,ALTO PARANÁ,PROD.DEP,2318.28965811238
K302,2023,8,ALTO PARANÁ,TOTAL DEP,68830.9518741041
K302,2023,8,ALTO PARANÁ,ACCID.FEP,3.0
K302,2023,8,ALTO PARANÁ,PROG.FEP,0.414279880533483
K302,2023,8,ALTO PARANÁ,PROD.FEP,4030.63439611444
K301,2023,8,ALTO PARANÁ,PROG.FEP,0.544562293497566
K302,2023,8,ALTO PARANÁ,ACCID.PENF,9.0
K302,2023,8,ALTO PARANÁ,PROG.PENF,0.273866758381055
K302,2023,8,ALTO PARANÁ,PROD.PENF,1712.99026693253
K302,2023,8,ALTO PARANÁ,TOTAL PENEF,57635.5588194943
K303,2023,8,ALTO PARANÁ,ACCID.DEP,1.0
K303,2023,8,ALTO PARANÁ,PROG.DEP,0.979037089106675
K303,2023,8,ALTO PARANÁ,PROD.DEP,2917.49315197078
K303,2023,8,ALTO PARANÁ,TOTAL DEP,60472.7707611736
K303,2023,8,ALTO PARANÁ,ACCID.FEP,6.0
K303,2023,8,ALTO PARANÁ,PROG.FEP,0.200653351373384
K303,2023,8,ALTO PARANÁ,PROD.FEP,4970.76523955065
K303,2023,8,ALTO PARANÁ,TOTAL FEP,50610.2106469789
K303,2023,8,ALTO PARANÁ,ACCID.PENF,8.0
K303,2023,8,ALTO PARANÁ,PROG.PENF,0.397573444754597
K301,2023,8,ALTO PARANÁ,TOTAL FEP,64114.065721697
K303,2023,8,ALTO PARANÁ,TOTAL PENEF,58359.0687340922
K304,2023,8,ALTO PARANÁ,ACCID.DEP,0.0
K304,2023,8,ALTO PARANÁ,PROG.DEP,0.772046540463716
K304,2023,8,ALTO PARANÁ,PROD.DEP,1311.8680603851
K304,2023,8,ALTO PARANÁ,TOTAL DEP,68385.4658113117
K304,2023,8,ALTO PARANÁ,ACCID.FEP,2.0
K304,2023,8,ALTO PARANÁ,PROG.FEP,0.947789205854804
K304,2023,8,ALTO PARANÁ,PROD.FEP,1948.22405173784
K304,2023,8,ALTO PARANÁ,TOTAL FEP,68800.919625762
K304,2023,8,ALTO PARANÁ,ACCID.PENF,3.0
K304,2023,8,ALTO PARANÁ,PROG.PENF,0.83878662447458
K304,2023,8,ALTO PARANÁ,PROD.PENF,3695.31211756654
K304,2023,8,ALTO PARANÁ,TOTAL PENEF,52356.0819071789
K305,2023,8,ALTO PARANÁ,ACCID.DEP,0.0
K305,2023,8,ALTO PARANÁ,PROG.DEP,0.850157833001294
K305,2023,8,ALTO PARANÁ,PROD.DEP,2356.34114970752
K305,2023,8,ALTO PARANÁ,TOTAL DEP,67405.3987617975
K305,2023,8,ALTO PARANÁ,ACCID.FEP,1.0
K305,2023,8,ALTO PARANÁ,PROG.FEP,0.2315922675089
K305,2023,8,ALTO PARANÁ,PROD.FEP,3992.27843720304
K305,2023,8,ALTO PARANÁ,TOTAL FEP,66898.1105335404
K305,2023,8,ALTO PARANÁ,ACCID.PENF,7.0
K305,2023,8,ALTO PARANÁ,PROG.PENF,0.659367179614137
K305,2023,8,ALTO PARANÁ,PROD.PENF,4398.3254401748
K305,2023,8,ALTO PARANÁ,TOTAL PENEF,68519.1742650369
K306,2023,8,ALTO PARANÁ,ACCID.DEP,1.0
K306,2023,8,ALTO PARANÁ,PROG.DEP,0.428085830645276
K306,2023,8,ALTO PARANÁ,PROD.DEP,2007.06540334873
K306,2023,8,ALTO PARANÁ,TOTAL DEP,52059.8626833984
K306,2023,8,ALTO PARANÁ,ACCID.FEP,3.0
K306,2023,8,ALTO PARANÁ,PROG.FEP,0.737082233150513
K306,2023,8,ALTO PARANÁ,PROD.FEP,1204.14631708699
K306,2023,8,ALTO PARANÁ,TOTAL FEP,67112.4181448236
K306,2023,8,ALTO PARANÁ,ACCID.PENF,9.0
K306,2023,8,ALTO PARANÁ,PROG.PENF,0.355778179564373
K306,2023,8,ALTO PARANÁ,PROD.PENF,1993.23727482216
K306,2023,8,ALTO PARANÁ,TOTAL PENEF,62995.0018322506
K307,2023,8,ALTO PARANÁ,ACCID.DEP,2.0
K307,2023,8,ALTO PARANÁ,PROG.DEP,0.682331743196259
K307,2023,8,ALTO PARANÁ,PROD.DEP,4360.38699605278
K307,2023,8,ALTO PARANÁ,TOTAL DEP,53610.943225681
K307,2023,8,ALTO PARANÁ,ACCID.FEP,5.0
K307,2023,8,ALTO PARANÁ,PROG.FEP,0.967156706420311
K307,2023,8,ALTO PARANÁ,PROD.FEP,2529.5324905791
K307,2023,8,ALTO PARANÁ,TOTAL FEP,68399.7904957354
K307,2023,8,ALTO PARANÁ,ACCID.PENF,1.0
K307,2023,8,ALTO PARANÁ,PROG.PENF,0.30447755670831
K307,2023,8,ALTO PARANÁ,PROD.PENF,4113.70890241664
K307,2023,8,ALTO PARANÁ,TOTAL PENEF,62738.2549493018
K308,2023,8,ALTO PARANÁ,ACCID.DEP,8.0
K308,2023,8,ALTO PARANÁ,PROG.DEP,0.502945793897144
K308,2023,8,ALTO PARANÁ,PROD.DEP,4464.01142390117
K308,2023,8,ALTO PARANÁ,TOTAL DEP,53082.746345103
K308,2023,8,ALTO PARANÁ,ACCID.FEP,8.0
K308,2023,8,ALTO PARANÁ,PROG.FEP,0.147673258759348
K308,2023,8,ALTO PARANÁ,PROD.FEP,4452.10028038534
K308,2023,8,ALTO PARANÁ,TOTAL FEP,50782.5057124395
K308,2023,8,ALTO PARANÁ,ACCID.PENF,8.0
K308,2023,8,ALTO PARANÁ,PROG.PENF,0.338317018702968
K308,2023,8,ALTO PARANÁ,PROD.PENF,3361.42349513124
K308,2023,8,ALTO PARANÁ,TOTAL PENEF,67062.6212522077
MCE1,2023,8,ALTO PARANÁ,ACCID.DEP,9.0
MCE1,2023,8,ALTO PARANÁ,PROG.DEP,0.221725627704688
MCE1,2023,8,ALTO PARANÁ,PROD.DEP,4076.18810912887
MCE1,2023,8,ALTO PARANÁ,TOTAL DEP,57899.1091567218
MCE1,2023,8,ALTO PARANÁ,ACCID.FEP,3.0
MCE1,2023,8,ALTO PARANÁ,PROG.FEP,0.695034720850672
MCE1,2023,8,ALTO PARANÁ,PROD.FEP,3425.0919481535
MCE1,2023,8,ALTO PARANÁ,TOTAL FEP,67505.1208063612
K301,2023,8,ALTO PARANÁ,PROD.FEP,4200.08979721785
K303,2023,8,ALTO PARANÁ,PROD.PENF,3535.73682641648
K302,2023,8,ALTO PARANÁ,TOTAL FEP,69520.906427421
MCE1,2023,8,ALTO PARANÁ,ACCID.PENF,0.0
MCE2,2023,8,ALTO PARANÁ,ACCID.DEP,2.0
MCE2,2023,8,ALTO PARANÁ,PROG.DEP,0.717499502828979
MCE2,2023,8,ALTO PARANÁ,PROD.DEP,4543.34185553938
MCE2,2023,8,ALTO PARANÁ,TOTAL DEP,59628.3464726322
MCE2,2023,8,ALTO PARANÁ,ACCID.FEP,7.0
MCE2,2023,8,ALTO PARANÁ,PROG.FEP,0.472602801538716
MCE2,2023,8,ALTO PARANÁ,PROD.FEP,3111.45123674081
MCE2,2023,8,ALTO PARANÁ,TOTAL FEP,61563.9912602834
MCE2,2023,8,ALTO PARANÁ,ACCID.PENF,5.0
MCE2,2023,8,ALTO PARANÁ,PROG.PENF,0.133434818027906
MCE2,2023,8,ALTO PARANÁ,PROD.PENF,2768.97189463754
MCE2,2023,8,ALTO PARANÁ,TOTAL PENEF,61913.3183433496
MCE3,2023,8,ALTO PARANÁ,ACCID.DEP,0.0
MCE3,2023,8,ALTO PARANÁ,PROG.DEP,0.719574106839036
MCE3,2023,8,ALTO PARANÁ,PROD.DEP,4521.86835295978
MCE3,2023,8,ALTO PARANÁ,TOTAL DEP,60561.1058180787
MCE3,2023,8,ALTO PARANÁ,ACCID.FEP,4.0
MCE3,2023,8,ALTO PARANÁ,PROG.FEP,0.856838405930957
MCE3,2023,8,ALTO PARANÁ,PROD.FEP,3870.14152544381
MCE3,2023,8,ALTO PARANÁ,TOTAL FEP,52501.5097945264
MCE3,2023,8,ALTO PARANÁ,ACCID.PENF,9.0
MCE3,2023,8,ALTO PARANÁ,PROG.PENF,0.265219026975721
MCE1,2023,8,ALTO PARANÁ,TOTAL PENEF,60932.7777639724
MCE3,2023,8,ALTO PARANÁ,TOTAL PENEF,65860.1127383143
MCE4,2023,8,ALTO PARANÁ,ACCID.DEP,6.0
MCE4,2023,8,ALTO PARANÁ,PROG.DEP,0.954140193511422
MCE4,2023,8,ALTO PARANÁ,PROD.DEP,2088.13241454785
MCE4,2023,8,ALTO PARANÁ,TOTAL DEP,59423.729924332
MCE4,2023,8,ALTO PARANÁ,ACCID.FEP,0.0
MCE4,2023,8,ALTO PARANÁ,PROG.FEP,0.686700373455899
MCE4,2023,8,ALTO PARANÁ,PROD.FEP,4861.58054315096
MCE4,2023,8,ALTO PARANÁ,TOTAL FEP,63805.21030583
MCE4,2023,8,ALTO PARANÁ,ACCID.PENF,1.0
MCE4,2023,8,ALTO PARANÁ,PROG.PENF,0.472227737393702
MCE4,2023,8,ALTO PARANÁ,PROD.PENF,2253.34458351721
MCE4,2023,8,ALTO PARANÁ,TOTAL PENEF,50136.1899860921
MCE5,2023,8,ALTO PARANÁ,ACCID.DEP,9.0
MCE5,2023,8,ALTO PARANÁ,PROG.DEP,0.469188207603144
MCE5,2023,8,ALTO PARANÁ,PROD.DEP,4397.77819864833
MCE5,2023,8,ALTO PARANÁ,TOTAL DEP,60232.3417603946
MCE5,2023,8,ALTO PARANÁ,ACCID.FEP,0.0
MCE5,2023,8,ALTO PARANÁ,PROG.FEP,0.890879628279069
MCE5,2023,8,ALTO PARANÁ,PROD.FEP,1052.11396983695
MCE5,2023,8,ALTO PARANÁ,TOTAL FEP,67147.2173265551
MCE5,2023,8,ALTO PARANÁ,ACCID.PENF,1.0
MCE5,2023,8,ALTO PARANÁ,PROG.PENF,0.988994363231024
MCE5,2023,8,ALTO PARANÁ,PROD.PENF,1361.47012487095
MCE5,2023,8,ALTO PARANÁ,TOTAL PENEF,64487.4019514581
MCE6,2023,8,ALTO PARANÁ,ACCID.DEP,7.0
MCE6,2023,8,ALTO PARANÁ,PROG.DEP,0.863968083217192
MCE6,2023,8,ALTO PARANÁ,PROD.DEP,2578.14287955079
MCE6,2023,8,ALTO PARANÁ,TOTAL DEP,64575.8462591135
MCE6,2023,8,ALTO PARANÁ,ACCID.FEP,9.0
MCE6,2023,8,ALTO PARANÁ,PROG.FEP,0.466507684823346
MCE6,2023,8,ALTO PARANÁ,PROD.FEP,3516.99358878844
MCE6,2023,8,ALTO PARANÁ,TOTAL FEP,57172.1758191244
MCE6,2023,8,ALTO PARANÁ,ACCID.PENF,0.0
MCE6,2023,8,ALTO PARANÁ,PROG.PENF,0.707783302612683
MCE6,2023,8,ALTO PARANÁ,PROD.PENF,1788.84008796259
MCE6,2023,8,ALTO PARANÁ,TOTAL PENEF,51302.9469380863
MCE7,2023,8,ALTO PARANÁ,ACCID.DEP,1.0
MCE7,2023,8,ALTO PARANÁ,PROG.DEP,0.284741231469545
MCE7,2023,8,ALTO PARANÁ,PROD.DEP,1338.68697574059
MCE7,2023,8,ALTO PARANÁ,TOTAL DEP,65007.5647349023
MCE7,2023,8,ALTO PARANÁ,ACCID.FEP,0.0
MCE7,2023,8,ALTO PARANÁ,PROG.FEP,0.365265056452705
MCE7,2023,8,ALTO PARANÁ,PROD.FEP,1718.20708162374
MCE7,2023,8,ALTO PARANÁ,TOTAL FEP,69815.2866506123
MCE7,2023,8,ALTO PARANÁ,ACCID.PENF,4.0
MCE7,2023,8,ALTO PARANÁ,PROG.PENF,0.622618460454111
MCE7,2023,8,ALTO PARANÁ,PROD.PENF,2706.82456234492
MCE7,2023,8,ALTO PARANÁ,TOTAL PENEF,57502.7360914096
MPO1,2023,8,ALTO PARANÁ,ACCID.DEP,0.0
MPO1,2023,8,ALTO PARANÁ,PROG.DEP,0.727106992205383
MPO1,2023,8,ALTO PARANÁ,PROD.DEP,2118.62943974542
MPO1,2023,8,ALTO PARANÁ,TOTAL DEP,51724.3096595251
MPO1,2023,8,ALTO PARANÁ,ACCID.FEP,1.0
MPO1,2023,8,ALTO PARANÁ,PROG.FEP,0.294454252952991
MPO1,2023,8,ALTO PARANÁ,PROD.FEP,2235.26256079484
MPO1,2023,8,ALTO PARANÁ,TOTAL FEP,56531.1626703028
MPO1,2023,8,ALTO PARANÁ,ACCID.PENF,8.0
MCE1,2023,8,ALTO PARANÁ,PROD.PENF,4123.38030464619
MPO1,2023,8,ALTO PARANÁ,PROD.PENF,3349.73407786088
MPO1,2023,8,ALTO PARANÁ,TOTAL PENEF,57245.5192843807
MPO2,2023,8,CANINDEYU,ACCID.DEP,2.0
MPO2,2023,8,CANINDEYU,PROG.DEP,0.553641216328114
MPO2,2023,8,CANINDEYU,PROD.DEP,1743.38956870741
MPO2,2023,8,CANINDEYU,TOTAL DEP,68399.9974012794
MPO2,2023,8,CANINDEYU,ACCID.FEP,3.0
MPO2,2023,8,CANINDEYU,PROG.FEP,0.194843300488747
MPO2,2023,8,CANINDEYU,PROD.FEP,2132.535938347
MPO2,2023,8,CANINDEYU,TOTAL FEP,57873.4975147731
MPO2,2023,8,CANINDEYU,ACCID.PENF,3.0
MPO1,2023,8,ALTO PARANÁ,PROG.PENF,0.824383973330284
MPO2,2023,8,CANINDEYU,PROD.PENF,1092.80091348869
MPO2,2023,8,CANINDEYU,TOTAL PENEF,66019.0082245036
MPO2,2023,8,CANINDEYU,PROG.PENF,0.634125808989798
MCE3,2023,8,ALTO PARANÁ,PROD.PENF,4301.94069762453
MCE1,2023,8,ALTO PARANÁ,PROG.PENF,0.150179012251151
MPO3,2023,8,ALTO PARANÁ,ACCID.DEP,5.0
MPO3,2023,8,ALTO PARANÁ,PROG.DEP,0.145326283462812
MPO3,2023,8,ALTO PARANÁ,PROD.DEP,3315.54844862893
MPO3,2023,8,ALTO PARANÁ,PROD.FEP,3339.2062436378
MPO3,2023,8,ALTO PARANÁ,ACCID.FEP,3.0
MPO3,2023,8,ALTO PARANÁ,ACCID.PENF,9.0
MPO3,2023,8,ALTO PARANÁ,PROG.PENF,0.822909340677188
MPO3,2023,8,ALTO PARANÁ,PROD.PENF,4358.66401245822
MPO3,2023,8,ALTO PARANÁ,TOTAL PENEF,55612.6483950158
NAR2,2023,8,ALTO PARANÁ,ACCID.DEP,2.0
NAR2,2023,8,ALTO PARANÁ,PROG.DEP,0.774985924316562
NAR2,2023,8,ALTO PARANÁ,PROD.DEP,1420.04469626071
NAR2,2023,8,ALTO PARANÁ,TOTAL DEP,60123.9320505831
NAR2,2023,8,ALTO PARANÁ,ACCID.FEP,5.0
NAR2,2023,8,ALTO PARANÁ,PROG.FEP,0.872331125444461
NAR2,2023,8,ALTO PARANÁ,PROD.FEP,4365.08584337519
NAR2,2023,8,ALTO PARANÁ,TOTAL FEP,61284.2836651066
NAR2,2023,8,ALTO PARANÁ,ACCID.PENF,8.0
NAR2,2023,8,ALTO PARANÁ,PROG.PENF,0.687536793534935
NAR2,2023,8,ALTO PARANÁ,PROD.PENF,1662.090984104
NAR2,2023,8,ALTO PARANÁ,TOTAL PENEF,64515.0237208235
NAR4,2023,8,ALTO PARANÁ,ACCID.DEP,5.0
NAR4,2023,8,ALTO PARANÁ,PROG.DEP,0.224270833967254
NAR4,2023,8,ALTO PARANÁ,PROD.DEP,4167.36050816615
NAR4,2023,8,ALTO PARANÁ,TOTAL DEP,67719.8077295577
NAR4,2023,8,ALTO PARANÁ,ACCID.FEP,3.0
NAR4,2023,8,ALTO PARANÁ,PROG.FEP,0.248088049543987
NAR4,2023,8,ALTO PARANÁ,PROD.FEP,3979.11689734479
NAR4,2023,8,ALTO PARANÁ,TOTAL FEP,53525.795280864
NAR4,2023,8,ALTO PARANÁ,ACCID.PENF,9.0
NAR4,2023,8,ALTO PARANÁ,PROG.PENF,0.150732243948623
NAR4,2023,8,ALTO PARANÁ,PROD.PENF,4603.30200666327
NAR4,2023,8,ALTO PARANÁ,TOTAL PENEF,60057.2667297602
NAR5,2023,8,ALTO PARANÁ,ACCID.DEP,0.0
NAR5,2023,8,ALTO PARANÁ,PROG.DEP,0.72914809102655
NAR5,2023,8,ALTO PARANÁ,PROD.DEP,3450.83196459556
NAR5,2023,8,ALTO PARANÁ,TOTAL DEP,61102.3870129109
NAR5,2023,8,ALTO PARANÁ,ACCID.FEP,5.0
NAR5,2023,8,ALTO PARANÁ,PROG.FEP,0.608864787567435
NAR5,2023,8,ALTO PARANÁ,PROD.FEP,1186.99601993302
NAR5,2023,8,ALTO PARANÁ,TOTAL FEP,60914.9791393293
NAR5,2023,8,ALTO PARANÁ,ACCID.PENF,0.0
NAR5,2023,8,ALTO PARANÁ,PROG.PENF,0.529469403803088
NAR5,2023,8,ALTO PARANÁ,PROD.PENF,2341.15178734458
NAR5,2023,8,ALTO PARANÁ,TOTAL PENEF,56208.6901117019
NAR6,2023,8,ALTO PARANÁ,ACCID.DEP,1.0
NAR6,2023,8,ALTO PARANÁ,PROG.DEP,0.395223577351211
NAR6,2023,8,ALTO PARANÁ,PROD.DEP,3543.9447238808
NAR6,2023,8,ALTO PARANÁ,TOTAL DEP,50756.292274171
NAR6,2023,8,ALTO PARANÁ,ACCID.FEP,4.0
NAR6,2023,8,ALTO PARANÁ,PROG.FEP,0.669302818051411
NAR6,2023,8,ALTO PARANÁ,PROD.FEP,4439.2533480503
NAR6,2023,8,ALTO PARANÁ,TOTAL FEP,52828.3866660729
NAR6,2023,8,ALTO PARANÁ,ACCID.PENF,3.0
NAR6,2023,8,ALTO PARANÁ,PROG.PENF,0.867311722685
NAR6,2023,8,ALTO PARANÁ,PROD.PENF,4569.20450484905
NAR6,2023,8,ALTO PARANÁ,TOTAL PENEF,62183.7059210421
NAR8,2023,8,ALTO PARANÁ,ACCID.DEP,5.0
NAR8,2023,8,ALTO PARANÁ,PROG.DEP,0.281063395084347
NAR8,2023,8,ALTO PARANÁ,PROD.DEP,1525.55302398406
NAR8,2023,8,ALTO PARANÁ,TOTAL DEP,54050.1025501502
NAR8,2023,8,ALTO PARANÁ,ACCID.FEP,7.0
NAR8,2023,8,ALTO PARANÁ,PROG.FEP,0.454071107260504
NAR8,2023,8,ALTO PARANÁ,PROD.FEP,2365.24608477536
NAR8,2023,8,ALTO PARANÁ,TOTAL FEP,53360.4266572344
NAR8,2023,8,ALTO PARANÁ,ACCID.PENF,0.0
NAR8,2023,8,ALTO PARANÁ,PROG.PENF,0.209631339807641
NAR8,2023,8,ALTO PARANÁ,PROD.PENF,2860.73802828051
NAR8,2023,8,ALTO PARANÁ,TOTAL PENEF,54507.413669802
PBU1,2023,8,ALTO PARANÁ,ACCID.DEP,6.0
PBU1,2023,8,ALTO PARANÁ,PROG.DEP,0.970103387856386
PBU1,2023,8,ALTO PARANÁ,PROD.DEP,4138.77657350328
PBU1,2023,8,ALTO PARANÁ,TOTAL DEP,67243.9047987981
PBU1,2023,8,ALTO PARANÁ,ACCID.FEP,2.0
PBU1,2023,8,ALTO PARANÁ,PROG.FEP,0.628449194213339
PBU1,2023,8,ALTO PARANÁ,PROD.FEP,4570.51194570602
PBU1,2023,8,ALTO PARANÁ,TOTAL FEP,62916.2079506036
PBU1,2023,8,ALTO PARANÁ,PROG.PENF,0.426200377934562
PBU1,2023,8,ALTO PARANÁ,ACCID.PENF,1.0
PBU1,2023,8,ALTO PARANÁ,PROD.PENF,4623.60267794206
PBU2,2023,8,ALTO PARANÁ,ACCID.DEP,7.0
PBU1,2023,8,ALTO PARANÁ,TOTAL PENEF,64258.6515105037
PBU2,2023,8,ALTO PARANÁ,PROG.DEP,0.543113744330117
PBU2,2023,8,ALTO PARANÁ,PROD.DEP,1748.78783410869
PBU2,2023,8,ALTO PARANÁ,TOTAL DEP,58202.8608871644
PBU2,2023,8,ALTO PARANÁ,ACCID.FEP,1.0
PBU2,2023,8,ALTO PARANÁ,PROG.FEP,0.733738586740682
PBU2,2023,8,ALTO PARANÁ,PROD.FEP,1754.15973681268
PBU2,2023,8,ALTO PARANÁ,TOTAL FEP,68637.0215801708
PBU2,2023,8,ALTO PARANÁ,ACCID.PENF,3.0
PBU2,2023,8,ALTO PARANÁ,PROG.PENF,0.298676750248488
PBU2,2023,8,ALTO PARANÁ,PROD.PENF,3293.31778692101
PBU2,2023,8,ALTO PARANÁ,TOTAL PENEF,67218.6457191445
PBU3,2023,8,ALTO PARANÁ,ACCID.DEP,0.0
PBU3,2023,8,ALTO PARANÁ,PROG.DEP,0.78585845360421
PBU3,2023,8,ALTO PARANÁ,PROD.DEP,1694.07173909351
PBU3,2023,8,ALTO PARANÁ,TOTAL DEP,61511.9635700482
MPO3,2023,8,ALTO PARANÁ,PROG.FEP,0.989483300774123
MPO3,2023,8,ALTO PARANÁ,TOTAL DEP,55300.2409409861
MPO3,2023,8,ALTO PARANÁ,TOTAL FEP,51746.4415036018
PBU3,2023,8,ALTO PARANÁ,ACCID.FEP,6.0
PBU3,2023,8,ALTO PARANÁ,PROG.FEP,0.800211311198717
PBU3,2023,8,ALTO PARANÁ,PROG.PENF,0.188876549991985
PBU3,2023,8,ALTO PARANÁ,PROD.PENF,3631.04937609335
PBU3,2023,8,ALTO PARANÁ,TOTAL PENEF,68838.4467365308
PBU4,2023,8,ALTO PARANÁ,ACCID.DEP,8.0
PBU4,2023,8,ALTO PARANÁ,PROG.DEP,0.627230962701828
PBU4,2023,8,ALTO PARANÁ,PROD.DEP,4667.55611565003
PBU4,2023,8,ALTO PARANÁ,TOTAL DEP,69468.1108603187
PBU4,2023,8,ALTO PARANÁ,ACCID.FEP,8.0
PBU4,2023,8,ALTO PARANÁ,PROG.FEP,0.939448679289554
PBU4,2023,8,ALTO PARANÁ,PROD.FEP,3338.06450212061
PBU4,2023,8,ALTO PARANÁ,TOTAL FEP,57174.1250221386
PBU4,2023,8,ALTO PARANÁ,ACCID.PENF,8.0
PBU4,2023,8,ALTO PARANÁ,PROG.PENF,0.591404617282864
PBU4,2023,8,ALTO PARANÁ,PROD.PENF,1828.7632163612
PBU4,2023,8,ALTO PARANÁ,TOTAL PENEF,64565.7420599974
PBU5,2023,8,ALTO PARANÁ,ACCID.DEP,9.0
PBU5,2023,8,ALTO PARANÁ,PROG.DEP,0.338513722821449
PBU5,2023,8,ALTO PARANÁ,PROD.DEP,2278.39514058722
PBU5,2023,8,ALTO PARANÁ,TOTAL DEP,61032.3133994674
PBU5,2023,8,ALTO PARANÁ,ACCID.FEP,7.0
PBU5,2023,8,ALTO PARANÁ,PROG.FEP,0.856120077996364
PBU5,2023,8,ALTO PARANÁ,PROD.FEP,4257.66500993234
PBU5,2023,8,ALTO PARANÁ,TOTAL FEP,55076.6832342259
PBU5,2023,8,ALTO PARANÁ,ACCID.PENF,2.0
PBU5,2023,8,ALTO PARANÁ,PROG.PENF,0.817506016330919
PBU5,2023,8,ALTO PARANÁ,PROD.PENF,1618.03087387966
PBU5,2023,8,ALTO PARANÁ,TOTAL PENEF,68807.5211192667
PFO1,2023,8,ALTO PARANÁ,ACCID.DEP,9.0
PFO1,2023,8,ALTO PARANÁ,PROG.DEP,0.5460297388345
PFO1,2023,8,ALTO PARANÁ,PROD.DEP,4386.69268013495
PFO1,2023,8,ALTO PARANÁ,TOTAL DEP,53838.0183955199
PFO1,2023,8,ALTO PARANÁ,ACCID.FEP,2.0
PFO1,2023,8,ALTO PARANÁ,PROG.FEP,0.213752950563224
PFO1,2023,8,ALTO PARANÁ,PROD.FEP,3781.00769340076
PFO1,2023,8,ALTO PARANÁ,TOTAL FEP,65494.7384441896
PFO1,2023,8,ALTO PARANÁ,ACCID.PENF,1.0
PFO1,2023,8,ALTO PARANÁ,PROG.PENF,0.365888198371192
PFO1,2023,8,ALTO PARANÁ,PROD.PENF,1323.0945830384
PFO1,2023,8,ALTO PARANÁ,TOTAL PENEF,67219.1243864054
PFO10,2023,8,ALTO PARANÁ,ACCID.DEP,0.0
PBU3,2023,8,ALTO PARANÁ,PROD.FEP,2521.37600427333
PFO10,2023,8,ALTO PARANÁ,PROD.DEP,4590.64221989202
PFO10,2023,8,ALTO PARANÁ,TOTAL DEP,57207.5363325271
PFO10,2023,8,ALTO PARANÁ,ACCID.FEP,6.0
PFO10,2023,8,ALTO PARANÁ,PROG.FEP,0.954409744012874
PFO10,2023,8,ALTO PARANÁ,PROD.FEP,3143.56796168239
PFO10,2023,8,ALTO PARANÁ,TOTAL FEP,50915.8598026676
PFO10,2023,8,ALTO PARANÁ,ACCID.PENF,9.0
PFO10,2023,8,ALTO PARANÁ,PROG.PENF,0.606050060880854
PFO10,2023,8,ALTO PARANÁ,PROD.PENF,4715.87635719657
PFO10,2023,8,ALTO PARANÁ,TOTAL PENEF,63215.3911426433
PFO11,2023,8,ALTO PARANÁ,ACCID.DEP,3.0
PFO10,2023,8,ALTO PARANÁ,PROG.DEP,0.767552735344322
PFO11,2023,8,ALTO PARANÁ,PROD.DEP,3022.97037477284
PFO11,2023,8,ALTO PARANÁ,TOTAL DEP,61653.7729808953
PFO11,2023,8,ALTO PARANÁ,ACCID.FEP,6.0
PFO11,2023,8,ALTO PARANÁ,PROG.FEP,0.221356764274504
PFO11,2023,8,ALTO PARANÁ,PROD.FEP,3859.81280465475
PFO11,2023,8,ALTO PARANÁ,TOTAL FEP,59544.0362362725
PFO11,2023,8,ALTO PARANÁ,ACCID.PENF,2.0
PFO11,2023,8,ALTO PARANÁ,PROG.PENF,0.719330428921971
PFO11,2023,8,ALTO PARANÁ,PROD.PENF,4162.74514253931
PFO11,2023,8,ALTO PARANÁ,TOTAL PENEF,62083.7208714505
PFO12,2023,8,ALTO PARANÁ,ACCID.DEP,7.0
PFO12,2023,8,ALTO PARANÁ,PROG.DEP,0.820212883560382
PFO12,2023,8,ALTO PARANÁ,PROD.DEP,1214.97251318756
PFO12,2023,8,ALTO PARANÁ,TOTAL DEP,68963.3970302185
PFO12,2023,8,ALTO PARANÁ,ACCID.FEP,2.0
PFO12,2023,8,ALTO PARANÁ,PROG.FEP,0.703444463920267
PFO12,2023,8,ALTO PARANÁ,PROD.FEP,2369.05560881085
PFO12,2023,8,ALTO PARANÁ,TOTAL FEP,59571.4367061814
PFO12,2023,8,ALTO PARANÁ,ACCID.PENF,7.0
PFO12,2023,8,ALTO PARANÁ,PROG.PENF,0.98327356095029
PFO12,2023,8,ALTO PARANÁ,PROD.PENF,3382.7088683057
PFO12,2023,8,ALTO PARANÁ,TOTAL PENEF,63151.7071565025
PFO14,2023,8,ALTO PARANÁ,ACCID.DEP,5.0
PFO14,2023,8,ALTO PARANÁ,PROG.DEP,0.81489548646756
PFO14,2023,8,ALTO PARANÁ,PROD.DEP,1207.50345242963
PFO14,2023,8,ALTO PARANÁ,TOTAL DEP,63273.8290724741
PFO14,2023,8,ALTO PARANÁ,ACCID.FEP,9.0
PFO14,2023,8,ALTO PARANÁ,PROG.FEP,0.823816699325962
PFO14,2023,8,ALTO PARANÁ,PROD.FEP,1729.9638295758
PFO14,2023,8,ALTO PARANÁ,TOTAL FEP,61532.6033606644
PFO14,2023,8,ALTO PARANÁ,ACCID.PENF,4.0
PFO14,2023,8,ALTO PARANÁ,PROG.PENF,0.965399623272832
PFO14,2023,8,ALTO PARANÁ,PROD.PENF,1304.00877749974
PFO14,2023,8,ALTO PARANÁ,TOTAL PENEF,67342.9923563319
PFO15,2023,8,ALTO PARANÁ,ACCID.DEP,6.0
PFO15,2023,8,ALTO PARANÁ,PROG.DEP,0.688189535606216
PFO15,2023,8,ALTO PARANÁ,PROD.DEP,4513.04623241105
PFO15,2023,8,ALTO PARANÁ,TOTAL DEP,69511.3867348782
PFO15,2023,8,ALTO PARANÁ,ACCID.FEP,4.0
PFO15,2023,8,ALTO PARANÁ,PROG.FEP,0.492308687335637
PFO15,2023,8,ALTO PARANÁ,PROD.FEP,4198.73895310341
PFO15,2023,8,ALTO PARANÁ,TOTAL FEP,56349.2010758805
PFO11,2023,8,ALTO PARANÁ,PROG.DEP,0.647276428017138
PBU3,2023,8,ALTO PARANÁ,TOTAL FEP,64544.447518606
PBU3,2023,8,ALTO PARANÁ,ACCID.PENF,8.0
PFO15,2023,8,ALTO PARANÁ,ACCID.PENF,5.0
PFO15,2023,8,ALTO PARANÁ,PROG.PENF,0.353144211982411
PFO15,2023,8,ALTO PARANÁ,PROD.PENF,4924.11718258982
PFO16,2023,8,ALTO PARANÁ,PROD.DEP,1407.26120994858
PFO16,2023,8,ALTO PARANÁ,TOTAL DEP,68720.396820811
PFO16,2023,8,ALTO PARANÁ,ACCID.FEP,2.0
PFO16,2023,8,ALTO PARANÁ,PROG.FEP,0.525805599116575
PFO16,2023,8,ALTO PARANÁ,PROD.FEP,4409.90967194966
PFO16,2023,8,ALTO PARANÁ,TOTAL FEP,54671.5154585418
PFO16,2023,8,ALTO PARANÁ,ACCID.PENF,7.0
PFO16,2023,8,ALTO PARANÁ,PROG.PENF,0.47756156966127
PFO16,2023,8,ALTO PARANÁ,PROD.PENF,2773.48837038794
PFO16,2023,8,ALTO PARANÁ,TOTAL PENEF,69066.8295223358
PFO17,2023,8,ALTO PARANÁ,ACCID.DEP,8.0
PFO17,2023,8,ALTO PARANÁ,PROG.DEP,0.969541567904685
PFO17,2023,8,ALTO PARANÁ,PROD.DEP,3292.6543663605
PFO17,2023,8,ALTO PARANÁ,TOTAL DEP,60554.7592319334
PFO17,2023,8,ALTO PARANÁ,ACCID.FEP,7.0
PFO17,2023,8,ALTO PARANÁ,PROG.FEP,0.412424069278949
PFO17,2023,8,ALTO PARANÁ,PROD.FEP,1968.13623656359
PFO17,2023,8,ALTO PARANÁ,TOTAL FEP,64261.717383308
PFO17,2023,8,ALTO PARANÁ,ACCID.PENF,4.0
PFO17,2023,8,ALTO PARANÁ,PROG.PENF,0.998760947403189
PFO17,2023,8,ALTO PARANÁ,PROD.PENF,3008.1124443093
PFO17,2023,8,ALTO PARANÁ,TOTAL PENEF,53185.0393851959
PFO2,2023,8,ALTO PARANÁ,ACCID.DEP,8.0
PFO2,2023,8,ALTO PARANÁ,PROG.DEP,0.150020621947805
PFO2,2023,8,ALTO PARANÁ,PROD.DEP,2351.33386081839
PFO2,2023,8,ALTO PARANÁ,TOTAL DEP,52527.1164637099
PFO2,2023,8,ALTO PARANÁ,ACCID.FEP,4.0
PFO2,2023,8,ALTO PARANÁ,PROG.FEP,0.723758220594733
PFO2,2023,8,ALTO PARANÁ,PROD.FEP,3526.52430204349
PFO2,2023,8,ALTO PARANÁ,TOTAL FEP,57017.3532613358
PFO2,2023,8,ALTO PARANÁ,ACCID.PENF,2.0
PFO2,2023,8,ALTO PARANÁ,PROG.PENF,0.637679478442845
PFO2,2023,8,ALTO PARANÁ,PROD.PENF,1302.03566367105
PFO2,2023,8,ALTO PARANÁ,TOTAL PENEF,52957.0166626164
PFO3,2023,8,ALTO PARANÁ,ACCID.DEP,4.0
PFO3,2023,8,ALTO PARANÁ,PROG.DEP,0.447304036015463
PFO3,2023,8,ALTO PARANÁ,PROD.DEP,3720.14985777099
PFO3,2023,8,ALTO PARANÁ,TOTAL DEP,54471.7906963445
PFO3,2023,8,ALTO PARANÁ,ACCID.FEP,6.0
PFO3,2023,8,ALTO PARANÁ,PROG.FEP,0.796829789793144
PFO3,2023,8,ALTO PARANÁ,PROD.FEP,1807.59974157198
PFO3,2023,8,ALTO PARANÁ,TOTAL FEP,54613.4848761408
PFO3,2023,8,ALTO PARANÁ,ACCID.PENF,9.0
PFO3,2023,8,ALTO PARANÁ,PROG.PENF,0.573669986453327
PFO3,2023,8,ALTO PARANÁ,PROD.PENF,2594.93881184776
PFO3,2023,8,ALTO PARANÁ,TOTAL PENEF,59065.3457178908
PFO4,2023,8,ALTO PARANÁ,ACCID.DEP,8.0
PFO4,2023,8,ALTO PARANÁ,PROG.DEP,0.672883480965382
PFO4,2023,8,ALTO PARANÁ,PROD.DEP,4260.67145542952
PFO4,2023,8,ALTO PARANÁ,TOTAL DEP,62686.5644773946
PFO4,2023,8,ALTO PARANÁ,ACCID.FEP,6.0
PFO4,2023,8,ALTO PARANÁ,PROG.FEP,0.784418092030949
PFO4,2023,8,ALTO PARANÁ,PROD.FEP,1763.81988903138
PFO4,2023,8,ALTO PARANÁ,TOTAL FEP,57663.3061500898
PFO4,2023,8,ALTO PARANÁ,ACCID.PENF,4.0
PFO4,2023,8,ALTO PARANÁ,PROG.PENF,0.97703706381984
PFO4,2023,8,ALTO PARANÁ,PROD.PENF,3477.26920352558
PFO4,2023,8,ALTO PARANÁ,TOTAL PENEF,58416.4334486826
PFO5,2023,8,ALTO PARANÁ,ACCID.DEP,0.0
PFO5,2023,8,ALTO PARANÁ,PROG.DEP,0.793301423766182
PFO5,2023,8,ALTO PARANÁ,PROD.DEP,2248.80100462336
PFO5,2023,8,ALTO PARANÁ,TOTAL DEP,58801.889367849
PFO5,2023,8,ALTO PARANÁ,ACCID.FEP,7.0
PFO5,2023,8,ALTO PARANÁ,PROG.FEP,0.915573859746791
PFO5,2023,8,ALTO PARANÁ,PROD.FEP,1019.15271401089
PFO5,2023,8,ALTO PARANÁ,TOTAL FEP,51026.425172537
PFO5,2023,8,ALTO PARANÁ,ACCID.PENF,5.0
PFO5,2023,8,ALTO PARANÁ,PROD.PENF,1042.03730439221
PFO5,2023,8,ALTO PARANÁ,PROG.PENF,0.557375653508661
PFO5,2023,8,ALTO PARANÁ,TOTAL PENEF,54426.1568044851
PFO6,2023,8,ALTO PARANÁ,ACCID.DEP,3.0
PFO6,2023,8,ALTO PARANÁ,PROG.DEP,0.215523842082651
PFO6,2023,8,ALTO PARANÁ,PROD.DEP,4811.98765908085
PFO6,2023,8,ALTO PARANÁ,TOTAL DEP,63193.5226525563
PFO6,2023,8,ALTO PARANÁ,ACCID.FEP,5.0
PFO6,2023,8,ALTO PARANÁ,PROG.FEP,0.975144273492164
PFO6,2023,8,ALTO PARANÁ,PROD.FEP,2933.6204627122
PFO6,2023,8,ALTO PARANÁ,TOTAL FEP,51519.674215145
PFO6,2023,8,ALTO PARANÁ,ACCID.PENF,7.0
PFO6,2023,8,ALTO PARANÁ,PROG.PENF,0.810627076896492
PFO6,2023,8,ALTO PARANÁ,PROD.PENF,3183.61947696927
PFO6,2023,8,ALTO PARANÁ,TOTAL PENEF,57751.1146928318
PFO7,2023,8,ALTO PARANÁ,ACCID.DEP,0.0
PFO7,2023,8,ALTO PARANÁ,PROG.DEP,0.175149851396662
PFO7,2023,8,ALTO PARANÁ,PROD.DEP,2023.5911620745
PFO7,2023,8,ALTO PARANÁ,TOTAL DEP,58841.6818325272
PFO7,2023,8,ALTO PARANÁ,ACCID.FEP,1.0
PFO7,2023,8,ALTO PARANÁ,PROG.FEP,0.732357050911971
PFO7,2023,8,ALTO PARANÁ,PROD.FEP,3155.49472156947
PFO7,2023,8,ALTO PARANÁ,TOTAL FEP,58657.4562358749
PFO7,2023,8,ALTO PARANÁ,ACCID.PENF,6.0
PFO7,2023,8,ALTO PARANÁ,PROG.PENF,0.446478174304266
PFO7,2023,8,ALTO PARANÁ,PROD.PENF,3935.2724316718
PFO7,2023,8,ALTO PARANÁ,TOTAL PENEF,61848.4742846064
PFO16,2023,8,ALTO PARANÁ,PROG.DEP,0.801105180572216
PFO15,2023,8,ALTO PARANÁ,TOTAL PENEF,59878.3402024332
PFO16,2023,8,ALTO PARANÁ,ACCID.DEP,5.0
PFO8,2023,8,ALTO PARANÁ,ACCID.DEP,6.0
PFO8,2023,8,ALTO PARANÁ,ACCID.FEP,7.0
PFO8,2023,8,ALTO PARANÁ,PROG.FEP,0.296646698284132
PFO8,2023,8,ALTO PARANÁ,TOTAL DEP,53553.9165164406
PFO8,2023,8,ALTO PARANÁ,TOTAL FEP,63692.1494250594
PFO8,2023,8,ALTO PARANÁ,ACCID.PENF,8.0
PFO8,2023,8,ALTO PARANÁ,PROG.PENF,0.436044427565551
PFO8,2023,8,ALTO PARANÁ,PROD.PENF,3788.64385531117
PFO8,2023,8,ALTO PARANÁ,TOTAL PENEF,58283.3088181337
PFO9,2023,8,ALTO PARANÁ,ACCID.DEP,9.0
PFO9,2023,8,ALTO PARANÁ,PROG.DEP,0.889161622847603
PFO9,2023,8,ALTO PARANÁ,PROD.DEP,2817.77640592253
PFO9,2023,8,ALTO PARANÁ,TOTAL DEP,51213.9287186089
PFO9,2023,8,ALTO PARANÁ,ACCID.FEP,4.0
PFO9,2023,8,ALTO PARANÁ,PROG.FEP,0.140175893130095
PFO9,2023,8,ALTO PARANÁ,PROD.FEP,1545.34642844129
PFO9,2023,8,ALTO PARANÁ,TOTAL FEP,52840.619216122
PFO9,2023,8,ALTO PARANÁ,ACCID.PENF,6.0
PFO9,2023,8,ALTO PARANÁ,PROG.PENF,0.998874572237371
PFO9,2023,8,ALTO PARANÁ,PROD.PENF,2903.33038066706
PFO9,2023,8,ALTO PARANÁ,TOTAL PENEF,55284.1634104425
PIH1,2023,8,ALTO PARANÁ,ACCID.DEP,8.0
PIH1,2023,8,ALTO PARANÁ,PROG.DEP,0.953002591598472
PIH1,2023,8,ALTO PARANÁ,PROD.DEP,2465.18682295788
PIH1,2023,8,ALTO PARANÁ,TOTAL DEP,55281.8296570135
PIH1,2023,8,ALTO PARANÁ,ACCID.FEP,5.0
PIH1,2023,8,ALTO PARANÁ,PROG.FEP,0.679020100139697
PIH1,2023,8,ALTO PARANÁ,PROD.FEP,3119.86051949385
PIH1,2023,8,ALTO PARANÁ,TOTAL FEP,64845.9163039739
PIH1,2023,8,ALTO PARANÁ,ACCID.PENF,7.0
PIH1,2023,8,ALTO PARANÁ,PROG.PENF,0.380626256448737
PIH1,2023,8,ALTO PARANÁ,PROD.PENF,1603.19891845256
PIH1,2023,8,ALTO PARANÁ,TOTAL PENEF,68972.5030921557
PIH2,2023,8,ALTO PARANÁ,ACCID.DEP,6.0
PIH2,2023,8,ALTO PARANÁ,PROG.DEP,0.292923824337132
PIH2,2023,8,ALTO PARANÁ,PROD.DEP,1774.61224219171
PIH2,2023,8,ALTO PARANÁ,TOTAL DEP,60981.5539036639
PIH2,2023,8,ALTO PARANÁ,ACCID.FEP,9.0
PIH2,2023,8,ALTO PARANÁ,PROG.FEP,0.242996326519197
PIH2,2023,8,ALTO PARANÁ,PROD.FEP,1085.2674629828
PIH2,2023,8,ALTO PARANÁ,TOTAL FEP,50864.3869197777
PIH2,2023,8,ALTO PARANÁ,ACCID.PENF,3.0
PIH2,2023,8,ALTO PARANÁ,PROG.PENF,0.914429779336199
PIH2,2023,8,ALTO PARANÁ,PROD.PENF,4742.50380879559
PIH2,2023,8,ALTO PARANÁ,TOTAL PENEF,66521.8993587462
PIH3,2023,8,ALTO PARANÁ,ACCID.DEP,1.0
PIH3,2023,8,ALTO PARANÁ,PROG.DEP,0.742448976664185
PIH3,2023,8,ALTO PARANÁ,PROD.DEP,4096.83724816215
PIH3,2023,8,ALTO PARANÁ,TOTAL DEP,56500.1085748585
PIH3,2023,8,ALTO PARANÁ,ACCID.FEP,7.0
PIH3,2023,8,ALTO PARANÁ,PROG.FEP,0.7427224375796
PIH3,2023,8,ALTO PARANÁ,PROD.FEP,4913.42161848543
PIH3,2023,8,ALTO PARANÁ,TOTAL FEP,55064.7402968348
PIH3,2023,8,ALTO PARANÁ,ACCID.PENF,2.0
PIH3,2023,8,ALTO PARANÁ,PROG.PENF,0.562604447239951
PIH3,2023,8,ALTO PARANÁ,PROD.PENF,1523.97756235623
PIH3,2023,8,ALTO PARANÁ,TOTAL PENEF,50086.3424225722
PIH4,2023,8,ALTO PARANÁ,ACCID.DEP,8.0
PIH4,2023,8,ALTO PARANÁ,PROG.DEP,0.926802217811146
PIH4,2023,8,ALTO PARANÁ,PROD.DEP,2156.52916503596
PIH4,2023,8,ALTO PARANÁ,TOTAL DEP,66940.7569802702
PIH4,2023,8,ALTO PARANÁ,ACCID.FEP,4.0
PIH4,2023,8,ALTO PARANÁ,PROG.FEP,0.682783516223907
PIH4,2023,8,ALTO PARANÁ,PROD.FEP,2546.82143183606
PIH4,2023,8,ALTO PARANÁ,TOTAL FEP,69691.4606840628
PIH4,2023,8,ALTO PARANÁ,ACCID.PENF,6.0
PIH4,2023,8,ALTO PARANÁ,PROG.PENF,0.664498559757798
PIH4,2023,8,ALTO PARANÁ,PROD.PENF,2716.04894947273
PIH4,2023,8,ALTO PARANÁ,TOTAL PENEF,63778.1202524814
PIH5,2023,8,ALTO PARANÁ,ACCID.DEP,7.0
PIH5,2023,8,ALTO PARANÁ,PROG.DEP,0.474645634902631
PIH5,2023,8,ALTO PARANÁ,PROD.DEP,4796.96281646968
PIH5,2023,8,ALTO PARANÁ,TOTAL DEP,50924.8866353044
PIH5,2023,8,ALTO PARANÁ,ACCID.FEP,2.0
PIH5,2023,8,ALTO PARANÁ,PROG.FEP,0.688942995215845
PIH5,2023,8,ALTO PARANÁ,PROD.FEP,2767.74403212183
PIH5,2023,8,ALTO PARANÁ,TOTAL FEP,55953.8784117812
PIH5,2023,8,ALTO PARANÁ,ACCID.PENF,6.0
PIH5,2023,8,ALTO PARANÁ,PROG.PENF,0.691342252413275
PIH5,2023,8,ALTO PARANÁ,PROD.PENF,2929.30862615953
PIH5,2023,8,ALTO PARANÁ,TOTAL PENEF,63554.0091822758
PIH6,2023,8,ALTO PARANÁ,ACCID.DEP,4.0
PIH6,2023,8,ALTO PARANÁ,PROG.DEP,0.230789553109767
PIH6,2023,8,ALTO PARANÁ,PROD.DEP,4068.862714825
PIH6,2023,8,ALTO PARANÁ,TOTAL DEP,51993.9183524607
PFO8,2023,8,ALTO PARANÁ,PROD.DEP,2392.95316635887
PIH6,2023,8,ALTO PARANÁ,PROG.FEP,0.965615551707842
PIH6,2023,8,ALTO PARANÁ,PROD.FEP,4165.92044662824
PIH6,2023,8,ALTO PARANÁ,TOTAL FEP,55296.49614756
PIH6,2023,8,ALTO PARANÁ,ACCID.PENF,8.0
PIH6,2023,8,ALTO PARANÁ,PROG.PENF,0.5789497281622
PIH6,2023,8,ALTO PARANÁ,PROD.PENF,3928.04240926437
PIH6,2023,8,ALTO PARANÁ,TOTAL PENEF,62564.0119941405
SGA1,2023,8,CANINDEYU,ACCID.DEP,9.0
SGA1,2023,8,CANINDEYU,PROG.DEP,0.670252432987395
SGA1,2023,8,CANINDEYU,PROD.DEP,2072.61517241275
SGA1,2023,8,CANINDEYU,TOTAL DEP,61164.9740769146
PFO8,2023,8,ALTO PARANÁ,PROD.FEP,4591.49611713225
PFO8,2023,8,ALTO PARANÁ,PROG.DEP,0.648209398601903
PIH6,2023,8,ALTO PARANÁ,ACCID.FEP,9.0
SGA1,2023,8,CANINDEYU,TOTAL FEP,66074.2586153087
SGA1,2023,8,CANINDEYU,ACCID.PENF,4.0
SGA1,2023,8,CANINDEYU,PROG.PENF,0.637681967431044
SGA1,2023,8,CANINDEYU,PROD.PENF,2367.30465645344
SGA1,2023,8,CANINDEYU,TOTAL PENEF,56595.0694224733
SGA2,2023,8,CANINDEYU,ACCID.DEP,4.0
SGA2,2023,8,CANINDEYU,PROG.DEP,0.859149691980468
SGA2,2023,8,CANINDEYU,PROD.DEP,4656.8189942944
SGA2,2023,8,CANINDEYU,TOTAL DEP,55084.4466401914
SGA2,2023,8,CANINDEYU,ACCID.FEP,1.0
SGA2,2023,8,CANINDEYU,PROG.FEP,0.867657419177999
SGA2,2023,8,CANINDEYU,PROD.FEP,1361.30043115207
SGA2,2023,8,CANINDEYU,TOTAL FEP,57168.6424922795
SGA1,2023,8,CANINDEYU,PROD.FEP,2704.40489386512
SGA2,2023,8,CANINDEYU,PROD.PENF,3380.93122601263
SGA2,2023,8,CANINDEYU,PROG.PENF,0.460924115159483
SGA2,2023,8,CANINDEYU,TOTAL PENEF,59813.2145714433
SGA3,2023,8,CANINDEYU,ACCID.DEP,3.0
SGA3,2023,8,CANINDEYU,PROG.DEP,0.99575651837318
SGA3,2023,8,CANINDEYU,PROD.DEP,4282.18331540428
SGA3,2023,8,CANINDEYU,TOTAL DEP,53098.5857120256
SGA3,2023,8,CANINDEYU,ACCID.FEP,7.0
SGA3,2023,8,CANINDEYU,PROG.FEP,0.462183616682313
SGA3,2023,8,CANINDEYU,PROD.FEP,4244.23984348815
SGA3,2023,8,CANINDEYU,TOTAL FEP,58468.8491072362
SGA3,2023,8,CANINDEYU,ACCID.PENF,4.0
SGA3,2023,8,CANINDEYU,PROG.PENF,0.824803342139171
SGA3,2023,8,CANINDEYU,TOTAL PENEF,64360.8404752043
SGA4,2023,8,CANINDEYU,ACCID.DEP,8.0
SGA3,2023,8,CANINDEYU,PROD.PENF,3206.67308762775
SGA4,2023,8,CANINDEYU,PROG.DEP,0.917096647071448
SGA4,2023,8,CANINDEYU,PROD.DEP,2065.82504772269
SGA4,2023,8,CANINDEYU,TOTAL DEP,67578.5143427589
SGA4,2023,8,CANINDEYU,ACCID.FEP,4.0
SGA4,2023,8,CANINDEYU,PROG.FEP,0.273169816052496
SGA4,2023,8,CANINDEYU,PROD.FEP,2836.86935795361
SGA4,2023,8,CANINDEYU,ACCID.PENF,6.0
SGA4,2023,8,CANINDEYU,TOTAL FEP,67924.988771895
SGA4,2023,8,CANINDEYU,PROG.PENF,0.901718780763466
SGA4,2023,8,CANINDEYU,PROD.PENF,3314.33562449753
SGA4,2023,8,CANINDEYU,TOTAL PENEF,67654.5132876716
SGA5,2023,8,CANINDEYU,PROG.DEP,0.538906494673389
SGA5,2023,8,CANINDEYU,ACCID.DEP,3.0
SGA5,2023,8,CANINDEYU,PROD.DEP,2899.82189243392
SGA5,2023,8,CANINDEYU,TOTAL DEP,63602.3869622731
SGA5,2023,8,CANINDEYU,ACCID.FEP,5.0
SGA5,2023,8,CANINDEYU,PROG.FEP,0.898659788253989
SGA5,2023,8,CANINDEYU,PROD.FEP,2849.00813496733
SGA5,2023,8,CANINDEYU,TOTAL FEP,63922.7298581974
SGA5,2023,8,CANINDEYU,ACCID.PENF,0.0
SGA5,2023,8,CANINDEYU,PROG.PENF,0.732552869982466
SGA5,2023,8,CANINDEYU,PROD.PENF,2237.79770670683
SGA5,2023,8,CANINDEYU,TOTAL PENEF,65604.0244868998
SGA6,2023,8,CANINDEYU,ACCID.DEP,9.0
SGA6,2023,8,CANINDEYU,PROG.DEP,0.815922885741907
SGA6,2023,8,CANINDEYU,PROD.DEP,2066.04931382379
SGA6,2023,8,CANINDEYU,TOTAL DEP,62295.7970479671
SGA6,2023,8,CANINDEYU,ACCID.FEP,3.0
SGA1,2023,8,CANINDEYU,ACCID.FEP,2.0
SGA6,2023,8,CANINDEYU,PROD.FEP,2106.48113727926
SGA6,2023,8,CANINDEYU,TOTAL FEP,57807.9198448066
SGA6,2023,8,CANINDEYU,ACCID.PENF,4.0
SGA6,2023,8,CANINDEYU,PROG.PENF,0.532385011624832
SGA6,2023,8,CANINDEYU,PROD.PENF,1168.76411754085
SGA6,2023,8,CANINDEYU,TOTAL PENEF,54473.1266186105
SRI1,2023,8,ALTO PARANÁ,ACCID.DEP,0.0
SRI1,2023,8,ALTO PARANÁ,PROG.DEP,0.331018171741382
SRI1,2023,8,ALTO PARANÁ,PROD.DEP,1583.56639933891
SRI1,2023,8,ALTO PARANÁ,TOTAL DEP,69424.1466774164
SRI1,2023,8,ALTO PARANÁ,ACCID.FEP,4.0
SRI1,2023,8,ALTO PARANÁ,PROG.FEP,0.728117897328526
SRI1,2023,8,ALTO PARANÁ,PROD.FEP,4353.88806408268
SRI1,2023,8,ALTO PARANÁ,TOTAL FEP,50950.4351778896
SRI1,2023,8,ALTO PARANÁ,ACCID.PENF,8.0
SRI1,2023,8,ALTO PARANÁ,PROG.PENF,0.949884761445051
SRI1,2023,8,ALTO PARANÁ,PROD.PENF,2234.45480659693
SRI1,2023,8,ALTO PARANÁ,TOTAL PENEF,63351.0210025648
SRI2,2023,8,ALTO PARANÁ,ACCID.DEP,5.0
SRI2,2023,8,ALTO PARANÁ,PROG.DEP,0.137631948820491
SRI2,2023,8,ALTO PARANÁ,PROD.DEP,2762.71436607344
SRI2,2023,8,ALTO PARANÁ,TOTAL DEP,57851.605703038
SRI2,2023,8,ALTO PARANÁ,ACCID.FEP,9.0
SRI2,2023,8,ALTO PARANÁ,PROG.FEP,0.955454461968295
SRI2,2023,8,ALTO PARANÁ,PROD.FEP,3676.59935696693
SRI2,2023,8,ALTO PARANÁ,TOTAL FEP,61454.710462414
SRI2,2023,8,ALTO PARANÁ,ACCID.PENF,4.0
SRI2,2023,8,ALTO PARANÁ,PROG.PENF,0.914785474950415
SRI2,2023,8,ALTO PARANÁ,PROD.PENF,1433.98834471621
SRI2,2023,8,ALTO PARANÁ,TOTAL PENEF,65852.6926388296
SRI3,2023,8,ALTO PARANÁ,ACCID.DEP,1.0
SRI3,2023,8,ALTO PARANÁ,PROG.DEP,0.520547802158326
SRI3,2023,8,ALTO PARANÁ,PROD.DEP,1341.81034857933
SRI3,2023,8,ALTO PARANÁ,TOTAL DEP,51263.5909237671
SRI3,2023,8,ALTO PARANÁ,ACCID.FEP,4.0
SRI3,2023,8,ALTO PARANÁ,PROG.FEP,0.418244980754996
SRI3,2023,8,ALTO PARANÁ,PROD.FEP,4535.7798414533
SRI3,2023,8,ALTO PARANÁ,TOTAL FEP,59246.6707395559
SGA6,2023,8,CANINDEYU,PROG.FEP,0.366681192727117
SGA1,2023,8,CANINDEYU,PROG.FEP,0.661168404812936
SGA2,2023,8,CANINDEYU,ACCID.PENF,9.0
SRI3,2023,8,ALTO PARANÁ,ACCID.PENF,8.0
SRI4,2023,8,ALTO PARANÁ,ACCID.DEP,7.0
SRI4,2023,8,ALTO PARANÁ,PROG.DEP,0.896454665013048
SRI4,2023,8,ALTO PARANÁ,PROD.DEP,1465.33693600767
SRI4,2023,8,ALTO PARANÁ,TOTAL DEP,53391.3346023788
SRI4,2023,8,ALTO PARANÁ,ACCID.FEP,2.0
SRI4,2023,8,ALTO PARANÁ,PROG.FEP,0.483200065194552
SRI4,2023,8,ALTO PARANÁ,PROD.FEP,4189.40764004065
SRI4,2023,8,ALTO PARANÁ,TOTAL FEP,57685.4795473287
SRI4,2023,8,ALTO PARANÁ,ACCID.PENF,2.0
SRI4,2023,8,ALTO PARANÁ,PROG.PENF,0.478830620731979
SRI4,2023,8,ALTO PARANÁ,PROD.PENF,3159.06603282923
SRI4,2023,8,ALTO PARANÁ,TOTAL PENEF,67558.7988010155
ACY1,2023,10,ALTO PARANÁ,ACCID.DEP,0.0
ACY1,2023,10,ALTO PARANÁ,PROG.DEP,0.279143115216889
ACY1,2023,10,ALTO PARANÁ,PROD.DEP,2935.58085335584
ACY1,2023,10,ALTO PARANÁ,TOTAL DEP,68403.8034316454
ACY1,2023,10,ALTO PARANÁ,ACCID.FEP,7.0
ACY1,2023,10,ALTO PARANÁ,PROG.FEP,0.971855114050094
ACY1,2023,10,ALTO PARANÁ,PROD.FEP,1620.32385616115
ACY1,2023,10,ALTO PARANÁ,TOTAL FEP,51363.6773938913
ACY1,2023,10,ALTO PARANÁ,ACCID.PENF,4.0
ACY1,2023,10,ALTO PARANÁ,PROG.PENF,0.258265493611035
ACY1,2023,10,ALTO PARANÁ,PROD.PENF,1639.36109993929
ACY1,2023,10,ALTO PARANÁ,TOTAL PENEF,60141.8413659657
ACY2,2023,10,ALTO PARANÁ,ACCID.DEP,1.0
ACY2,2023,10,ALTO PARANÁ,PROG.DEP,0.983125074151456
ACY2,2023,10,ALTO PARANÁ,PROD.DEP,4861.414545171
SRI3,2023,8,ALTO PARANÁ,PROG.PENF,0.939109873427957
ACY2,2023,10,ALTO PARANÁ,ACCID.FEP,5.0
ACY2,2023,10,ALTO PARANÁ,PROG.FEP,0.504185515087322
ACY2,2023,10,ALTO PARANÁ,PROD.FEP,1920.00810926258
ACY2,2023,10,ALTO PARANÁ,TOTAL FEP,62175.1661948377
SRI3,2023,8,ALTO PARANÁ,TOTAL PENEF,50375.0673493655
ACY2,2023,10,ALTO PARANÁ,PROG.PENF,0.591143056468462
ACY2,2023,10,ALTO PARANÁ,PROD.PENF,2573.14821298329
ACY2,2023,10,ALTO PARANÁ,TOTAL PENEF,61415.1155669601
ACY3,2023,10,ALTO PARANÁ,ACCID.DEP,8.0
SRI3,2023,8,ALTO PARANÁ,PROD.PENF,2747.2840054354
ACY3,2023,10,ALTO PARANÁ,PROD.DEP,3209.4112541448
ACY3,2023,10,ALTO PARANÁ,TOTAL DEP,57651.153834095
ACY3,2023,10,ALTO PARANÁ,ACCID.FEP,6.0
ACY3,2023,10,ALTO PARANÁ,PROG.FEP,0.603356891183331
ACY3,2023,10,ALTO PARANÁ,PROD.FEP,1385.89488741877
ACY3,2023,10,ALTO PARANÁ,TOTAL FEP,58576.7316291328
ACY3,2023,10,ALTO PARANÁ,ACCID.PENF,4.0
ACY3,2023,10,ALTO PARANÁ,PROG.PENF,0.489568051924155
ACY3,2023,10,ALTO PARANÁ,PROD.PENF,1257.03958897292
ACY3,2023,10,ALTO PARANÁ,TOTAL PENEF,66050.7171210677
ACY4,2023,10,ALTO PARANÁ,ACCID.DEP,3.0
ACY4,2023,10,ALTO PARANÁ,PROG.DEP,0.433271867408588
ACY4,2023,10,ALTO PARANÁ,PROD.DEP,1676.87562953078
ACY4,2023,10,ALTO PARANÁ,TOTAL DEP,56477.1798947784
ACY4,2023,10,ALTO PARANÁ,ACCID.FEP,1.0
ACY4,2023,10,ALTO PARANÁ,PROG.FEP,0.561741616491536
ACY4,2023,10,ALTO PARANÁ,PROD.FEP,2226.80464449751
ACY4,2023,10,ALTO PARANÁ,TOTAL FEP,57848.9152494236
ACY4,2023,10,ALTO PARANÁ,ACCID.PENF,8.0
ACY4,2023,10,ALTO PARANÁ,PROG.PENF,0.998454758338251
ACY4,2023,10,ALTO PARANÁ,PROD.PENF,2104.19866275923
ACY4,2023,10,ALTO PARANÁ,TOTAL PENEF,53233.088406495
ACY5,2023,10,ALTO PARANÁ,ACCID.DEP,7.0
ACY5,2023,10,ALTO PARANÁ,PROG.DEP,0.652760732209401
ACY5,2023,10,ALTO PARANÁ,PROD.DEP,2998.57528384079
ACY5,2023,10,ALTO PARANÁ,TOTAL DEP,57298.7097477924
ACY5,2023,10,ALTO PARANÁ,ACCID.FEP,5.0
ACY5,2023,10,ALTO PARANÁ,PROG.FEP,0.647910532804545
ACY5,2023,10,ALTO PARANÁ,PROD.FEP,1822.99764184224
ACY5,2023,10,ALTO PARANÁ,TOTAL FEP,54559.1296736282
ACY5,2023,10,ALTO PARANÁ,ACCID.PENF,9.0
ACY5,2023,10,ALTO PARANÁ,PROG.PENF,0.852326806968011
ACY5,2023,10,ALTO PARANÁ,PROD.PENF,1956.92733533158
ACY5,2023,10,ALTO PARANÁ,TOTAL PENEF,56218.5827582268
ACY6,2023,10,ALTO PARANÁ,ACCID.DEP,3.0
ACY6,2023,10,ALTO PARANÁ,PROG.DEP,0.381751170935546
ACY6,2023,10,ALTO PARANÁ,PROD.DEP,1666.92406935367
ACY6,2023,10,ALTO PARANÁ,TOTAL DEP,55223.994779785
ACY6,2023,10,ALTO PARANÁ,ACCID.FEP,5.0
ACY6,2023,10,ALTO PARANÁ,PROD.FEP,2361.78282258248
ACY6,2023,10,ALTO PARANÁ,PROG.FEP,0.220789736343313
ACY6,2023,10,ALTO PARANÁ,TOTAL FEP,52556.3319564567
ACY6,2023,10,ALTO PARANÁ,ACCID.PENF,2.0
ACY6,2023,10,ALTO PARANÁ,PROG.PENF,0.98124380331896
ACY6,2023,10,ALTO PARANÁ,PROD.PENF,3697.8722203711
ACY6,2023,10,ALTO PARANÁ,TOTAL PENEF,65876.4901499662
ACY7,2023,10,ALTO PARANÁ,ACCID.DEP,2.0
ACY7,2023,10,ALTO PARANÁ,PROG.DEP,0.115798100700343
ACY7,2023,10,ALTO PARANÁ,PROD.DEP,3345.36154142511
ACY7,2023,10,ALTO PARANÁ,TOTAL DEP,69725.662060219
ACY7,2023,10,ALTO PARANÁ,ACCID.FEP,5.0
ACY7,2023,10,ALTO PARANÁ,PROG.FEP,0.341822188993672
ACY7,2023,10,ALTO PARANÁ,PROD.FEP,3132.68440669712
ACY7,2023,10,ALTO PARANÁ,TOTAL FEP,65500.2142006717
ACY7,2023,10,ALTO PARANÁ,ACCID.PENF,4.0
ACY7,2023,10,ALTO PARANÁ,PROG.PENF,0.593482708197703
ACY7,2023,10,ALTO PARANÁ,PROD.PENF,3866.1190386257
ACY7,2023,10,ALTO PARANÁ,TOTAL PENEF,57382.8611307584
ACY3,2023,10,ALTO PARANÁ,PROG.DEP,0.138489150814927
ACY2,2023,10,ALTO PARANÁ,TOTAL DEP,59554.8634068046
ACY2,2023,10,ALTO PARANÁ,ACCID.PENF,9.0
ACY8,2023,10,ALTO PARANÁ,PROG.DEP,0.894596843933588
ACY8,2023,10,ALTO PARANÁ,ACCID.DEP,3.0
ACY8,2023,10,ALTO PARANÁ,PROG.FEP,0.62396354011156
ACY8,2023,10,ALTO PARANÁ,PROD.FEP,3184.72922008988
ACY8,2023,10,ALTO PARANÁ,TOTAL FEP,52258.2555025502
ACY8,2023,10,ALTO PARANÁ,ACCID.PENF,5.0
ACY8,2023,10,ALTO PARANÁ,PROG.PENF,0.340274307668836
ACY8,2023,10,ALTO PARANÁ,PROD.PENF,3304.34003871368
ACY8,2023,10,ALTO PARANÁ,TOTAL PENEF,56476.215177949
ACY9,2023,10,ALTO PARANÁ,ACCID.DEP,7.0
ACY9,2023,10,ALTO PARANÁ,PROG.DEP,0.591889141707613
ACY9,2023,10,ALTO PARANÁ,PROD.DEP,2311.95502064923
ACY9,2023,10,ALTO PARANÁ,TOTAL DEP,53172.0374573743
ACY9,2023,10,ALTO PARANÁ,ACCID.FEP,9.0
ACY9,2023,10,ALTO PARANÁ,PROG.FEP,0.20087957209258
ACY9,2023,10,ALTO PARANÁ,PROD.FEP,4390.97223317014
ACY9,2023,10,ALTO PARANÁ,TOTAL FEP,59993.5906601238
ACY9,2023,10,ALTO PARANÁ,ACCID.PENF,9.0
ACY9,2023,10,ALTO PARANÁ,PROG.PENF,0.795360573434805
ACY9,2023,10,ALTO PARANÁ,PROD.PENF,1942.37521145094
ACY9,2023,10,ALTO PARANÁ,TOTAL PENEF,64779.6398835244
APR10,2023,10,ALTO PARANÁ,ACCID.DEP,8.0
APR10,2023,10,ALTO PARANÁ,PROG.DEP,0.982505408045239
APR10,2023,10,ALTO PARANÁ,PROD.DEP,4763.22214382146
APR10,2023,10,ALTO PARANÁ,TOTAL DEP,64314.7581526194
APR10,2023,10,ALTO PARANÁ,ACCID.FEP,8.0
APR10,2023,10,ALTO PARANÁ,PROG.FEP,0.61184551196937
APR10,2023,10,ALTO PARANÁ,PROD.FEP,4722.91882872025
APR10,2023,10,ALTO PARANÁ,TOTAL FEP,63951.0626835486
APR10,2023,10,ALTO PARANÁ,ACCID.PENF,9.0
APR10,2023,10,ALTO PARANÁ,PROG.PENF,0.213449117219294
APR10,2023,10,ALTO PARANÁ,PROD.PENF,2543.09736510514
APR10,2023,10,ALTO PARANÁ,TOTAL PENEF,52681.9214301657
APR11,2023,10,ALTO PARANÁ,ACCID.DEP,8.0
APR11,2023,10,ALTO PARANÁ,PROG.DEP,0.842926433352118
APR11,2023,10,ALTO PARANÁ,PROD.DEP,3330.01019151371
APR11,2023,10,ALTO PARANÁ,TOTAL DEP,56977.6943243054
APR11,2023,10,ALTO PARANÁ,ACCID.FEP,7.0
APR11,2023,10,ALTO PARANÁ,PROG.FEP,0.862430063712422
APR11,2023,10,ALTO PARANÁ,PROD.FEP,2301.97777591134
APR11,2023,10,ALTO PARANÁ,TOTAL FEP,54176.6971254985
APR11,2023,10,ALTO PARANÁ,ACCID.PENF,9.0
APR11,2023,10,ALTO PARANÁ,PROG.PENF,0.790464330931305
APR11,2023,10,ALTO PARANÁ,PROD.PENF,3705.90667938751
APR11,2023,10,ALTO PARANÁ,TOTAL PENEF,53051.288856869
APR12,2023,10,ALTO PARANÁ,ACCID.DEP,9.0
APR12,2023,10,ALTO PARANÁ,PROG.DEP,0.951528212567243
APR12,2023,10,ALTO PARANÁ,PROD.DEP,1298.52963618112
APR12,2023,10,ALTO PARANÁ,TOTAL DEP,51660.0297770715
APR12,2023,10,ALTO PARANÁ,ACCID.FEP,7.0
APR12,2023,10,ALTO PARANÁ,PROG.FEP,0.392973886182445
APR12,2023,10,ALTO PARANÁ,PROD.FEP,2097.04964068762
APR12,2023,10,ALTO PARANÁ,TOTAL FEP,58587.8548906118
APR12,2023,10,ALTO PARANÁ,ACCID.PENF,5.0
APR12,2023,10,ALTO PARANÁ,PROG.PENF,0.931559257493924
APR12,2023,10,ALTO PARANÁ,PROD.PENF,2265.4105243861
APR12,2023,10,ALTO PARANÁ,TOTAL PENEF,67445.9538164423
APR13,2023,10,ALTO PARANÁ,ACCID.DEP,8.0
APR13,2023,10,ALTO PARANÁ,PROG.DEP,0.882667073333157
APR13,2023,10,ALTO PARANÁ,PROD.DEP,4992.94661550592
APR13,2023,10,ALTO PARANÁ,TOTAL DEP,55270.1029400302
APR13,2023,10,ALTO PARANÁ,ACCID.FEP,7.0
APR13,2023,10,ALTO PARANÁ,PROG.FEP,0.765169947736325
APR13,2023,10,ALTO PARANÁ,PROD.FEP,3591.34752118395
APR13,2023,10,ALTO PARANÁ,TOTAL FEP,69377.1025623753
APR13,2023,10,ALTO PARANÁ,ACCID.PENF,9.0
APR13,2023,10,ALTO PARANÁ,PROG.PENF,0.176711936710768
APR13,2023,10,ALTO PARANÁ,PROD.PENF,3441.21287576351
APR13,2023,10,ALTO PARANÁ,TOTAL PENEF,51002.2581110157
APR14,2023,10,ALTO PARANÁ,ACCID.DEP,5.0
APR14,2023,10,ALTO PARANÁ,PROG.DEP,0.893912346024366
APR14,2023,10,ALTO PARANÁ,PROD.DEP,4329.67793262438
APR14,2023,10,ALTO PARANÁ,TOTAL DEP,65387.6970730883
APR14,2023,10,ALTO PARANÁ,ACCID.FEP,0.0
APR14,2023,10,ALTO PARANÁ,PROG.FEP,0.562277142921164
APR14,2023,10,ALTO PARANÁ,PROD.FEP,3062.01363190044
APR14,2023,10,ALTO PARANÁ,TOTAL FEP,59064.1795518044
APR14,2023,10,ALTO PARANÁ,ACCID.PENF,5.0
APR14,2023,10,ALTO PARANÁ,PROG.PENF,0.310847360348299
APR14,2023,10,ALTO PARANÁ,TOTAL PENEF,54219.428491136
APR2,2023,10,ALTO PARANÁ,ACCID.DEP,1.0
APR14,2023,10,ALTO PARANÁ,PROD.PENF,3126.63725784797
APR2,2023,10,ALTO PARANÁ,PROG.DEP,0.796731192140419
APR2,2023,10,ALTO PARANÁ,TOTAL DEP,61782.8150922087
APR2,2023,10,ALTO PARANÁ,ACCID.FEP,6.0
APR2,2023,10,ALTO PARANÁ,PROD.DEP,3321.8648975004
APR2,2023,10,ALTO PARANÁ,PROG.FEP,0.126080518326145
APR2,2023,10,ALTO PARANÁ,PROD.FEP,4206.93033709808
APR2,2023,10,ALTO PARANÁ,TOTAL FEP,63860.0837741122
APR2,2023,10,ALTO PARANÁ,ACCID.PENF,8.0
APR2,2023,10,ALTO PARANÁ,PROG.PENF,0.890409824835118
APR2,2023,10,ALTO PARANÁ,PROD.PENF,2581.55601623117
APR2,2023,10,ALTO PARANÁ,TOTAL PENEF,60543.1819250386
APR3,2023,10,ALTO PARANÁ,ACCID.DEP,9.0
APR3,2023,10,ALTO PARANÁ,PROG.DEP,0.992476248146502
APR3,2023,10,ALTO PARANÁ,PROD.DEP,2685.96667395186
APR3,2023,10,ALTO PARANÁ,TOTAL DEP,68615.5235068077
ACY8,2023,10,ALTO PARANÁ,PROD.DEP,1466.27311494791
ACY8,2023,10,ALTO PARANÁ,TOTAL DEP,56027.190077209
ACY8,2023,10,ALTO PARANÁ,ACCID.FEP,6.0
APR3,2023,10,ALTO PARANÁ,ACCID.FEP,3.0
APR3,2023,10,ALTO PARANÁ,ACCID.PENF,2.0
APR3,2023,10,ALTO PARANÁ,PROG.PENF,0.346981254833356
APR3,2023,10,ALTO PARANÁ,PROD.PENF,2414.05113411987
APR3,2023,10,ALTO PARANÁ,TOTAL PENEF,63486.2391709174
APR4,2023,10,ALTO PARANÁ,ACCID.DEP,2.0
APR4,2023,10,ALTO PARANÁ,PROG.DEP,0.863391905970061
APR4,2023,10,ALTO PARANÁ,PROD.DEP,4851.61882059368
APR4,2023,10,ALTO PARANÁ,TOTAL DEP,68305.5347755693
APR4,2023,10,ALTO PARANÁ,ACCID.FEP,2.0
APR4,2023,10,ALTO PARANÁ,PROG.FEP,0.299811651090272
APR4,2023,10,ALTO PARANÁ,PROD.FEP,2666.05905187298
APR4,2023,10,ALTO PARANÁ,TOTAL FEP,57842.9727823303
APR4,2023,10,ALTO PARANÁ,ACCID.PENF,9.0
APR4,2023,10,ALTO PARANÁ,PROG.PENF,0.624687828533293
APR4,2023,10,ALTO PARANÁ,PROD.PENF,1957.03285498789
APR4,2023,10,ALTO PARANÁ,TOTAL PENEF,62047.6508019515
APR5,2023,10,ALTO PARANÁ,ACCID.DEP,4.0
APR5,2023,10,ALTO PARANÁ,PROG.DEP,0.986706762037313
APR5,2023,10,ALTO PARANÁ,PROD.DEP,1603.05533949713
APR5,2023,10,ALTO PARANÁ,ACCID.FEP,3.0
APR5,2023,10,ALTO PARANÁ,PROG.FEP,0.961119614194987
APR5,2023,10,ALTO PARANÁ,TOTAL DEP,58519.4701166799
APR5,2023,10,ALTO PARANÁ,PROD.FEP,3218.75338253478
APR5,2023,10,ALTO PARANÁ,TOTAL FEP,69857.197079144
APR5,2023,10,ALTO PARANÁ,ACCID.PENF,8.0
APR5,2023,10,ALTO PARANÁ,PROG.PENF,0.147262795317176
APR5,2023,10,ALTO PARANÁ,PROD.PENF,3123.34553826467
APR5,2023,10,ALTO PARANÁ,TOTAL PENEF,61712.6515458664
APR6,2023,10,ALTO PARANÁ,ACCID.DEP,5.0
APR6,2023,10,ALTO PARANÁ,PROG.DEP,0.595186270236138
APR6,2023,10,ALTO PARANÁ,PROD.DEP,2028.42295963849
APR6,2023,10,ALTO PARANÁ,TOTAL DEP,51702.6635329553
APR6,2023,10,ALTO PARANÁ,ACCID.FEP,0.0
APR6,2023,10,ALTO PARANÁ,PROG.FEP,0.942639023994234
APR6,2023,10,ALTO PARANÁ,PROD.FEP,2372.38964788
APR6,2023,10,ALTO PARANÁ,TOTAL FEP,53286.4345835156
APR6,2023,10,ALTO PARANÁ,ACCID.PENF,3.0
APR6,2023,10,ALTO PARANÁ,PROG.PENF,0.614607109016848
APR6,2023,10,ALTO PARANÁ,PROD.PENF,1461.2034880799
APR6,2023,10,ALTO PARANÁ,TOTAL PENEF,69849.5494012456
APR8,2023,10,ALTO PARANÁ,ACCID.DEP,5.0
APR8,2023,10,ALTO PARANÁ,PROG.DEP,0.674404695917664
APR8,2023,10,ALTO PARANÁ,PROD.DEP,4261.04444323081
APR8,2023,10,ALTO PARANÁ,TOTAL DEP,50642.3842528198
APR8,2023,10,ALTO PARANÁ,ACCID.FEP,6.0
APR8,2023,10,ALTO PARANÁ,PROG.FEP,0.245525026586296
APR8,2023,10,ALTO PARANÁ,PROD.FEP,3499.61428550866
APR8,2023,10,ALTO PARANÁ,ACCID.PENF,5.0
APR8,2023,10,ALTO PARANÁ,TOTAL FEP,61528.2190183864
APR8,2023,10,ALTO PARANÁ,PROG.PENF,0.115836523454533
APR8,2023,10,ALTO PARANÁ,PROD.PENF,1582.33675788369
APR8,2023,10,ALTO PARANÁ,TOTAL PENEF,58242.3049981431
APR9,2023,10,ALTO PARANÁ,ACCID.DEP,2.0
APR9,2023,10,ALTO PARANÁ,PROG.DEP,0.181859756696845
APR9,2023,10,ALTO PARANÁ,PROD.DEP,3423.66923608588
APR9,2023,10,ALTO PARANÁ,TOTAL DEP,54443.7663695383
APR9,2023,10,ALTO PARANÁ,ACCID.FEP,1.0
APR9,2023,10,ALTO PARANÁ,PROG.FEP,0.211247195973191
APR9,2023,10,ALTO PARANÁ,PROD.FEP,3147.34254154691
APR9,2023,10,ALTO PARANÁ,TOTAL FEP,52820.2860320382
APR9,2023,10,ALTO PARANÁ,ACCID.PENF,8.0
APR9,2023,10,ALTO PARANÁ,PROG.PENF,0.496988251795648
APR9,2023,10,ALTO PARANÁ,PROD.PENF,3617.71068407726
APR9,2023,10,ALTO PARANÁ,TOTAL PENEF,69640.7250689502
APR3,2023,10,ALTO PARANÁ,PROD.FEP,3963.12326435718
CAT1,2023,10,CANINDEYU,PROG.DEP,0.562223874951023
CAT1,2023,10,CANINDEYU,PROD.DEP,3668.17025114506
CAT1,2023,10,CANINDEYU,TOTAL DEP,65183.6250338589
CAT1,2023,10,CANINDEYU,ACCID.FEP,5.0
CAT1,2023,10,CANINDEYU,PROG.FEP,0.188106741036455
CAT1,2023,10,CANINDEYU,PROD.FEP,2004.04494052508
CAT1,2023,10,CANINDEYU,TOTAL FEP,59149.2204025417
CAT1,2023,10,CANINDEYU,ACCID.PENF,9.0
CAT1,2023,10,CANINDEYU,PROG.PENF,0.681434060142206
CAT1,2023,10,CANINDEYU,PROD.PENF,1875.27964704373
CAT1,2023,10,CANINDEYU,ACCID.DEP,4.0
CAT10,2023,10,CANINDEYU,ACCID.DEP,0.0
CAT10,2023,10,CANINDEYU,PROG.DEP,0.293847898924429
CAT10,2023,10,CANINDEYU,PROD.DEP,1808.36343933895
CAT10,2023,10,CANINDEYU,TOTAL DEP,55868.1332975995
CAT10,2023,10,CANINDEYU,ACCID.FEP,4.0
CAT10,2023,10,CANINDEYU,PROG.FEP,0.403780811950281
CAT10,2023,10,CANINDEYU,PROD.FEP,3798.95477624197
CAT10,2023,10,CANINDEYU,TOTAL FEP,68474.9484918011
CAT10,2023,10,CANINDEYU,ACCID.PENF,7.0
CAT10,2023,10,CANINDEYU,PROG.PENF,0.282996506523321
CAT10,2023,10,CANINDEYU,PROD.PENF,1869.72131482614
CAT10,2023,10,CANINDEYU,TOTAL PENEF,65719.2511350223
CAT11,2023,10,CANINDEYU,ACCID.DEP,3.0
CAT11,2023,10,CANINDEYU,PROG.DEP,0.165925426384177
CAT11,2023,10,CANINDEYU,PROD.DEP,4530.3204848881
CAT11,2023,10,CANINDEYU,TOTAL DEP,69364.2950516681
CAT11,2023,10,CANINDEYU,ACCID.FEP,6.0
CAT11,2023,10,CANINDEYU,PROG.FEP,0.197329028169436
CAT11,2023,10,CANINDEYU,PROD.FEP,1762.2835862414
CAT11,2023,10,CANINDEYU,TOTAL FEP,60251.0491787961
APR3,2023,10,ALTO PARANÁ,TOTAL FEP,55991.1584790246
APR3,2023,10,ALTO PARANÁ,PROG.FEP,0.975087129463004
CAT1,2023,10,CANINDEYU,TOTAL PENEF,50513.5076011639
CAT11,2023,10,CANINDEYU,ACCID.PENF,4.0
CAT2,2023,10,CANINDEYU,ACCID.DEP,9.0
CAT2,2023,10,CANINDEYU,PROG.DEP,0.144321204584498
CAT2,2023,10,CANINDEYU,PROD.DEP,2046.36035363418
CAT2,2023,10,CANINDEYU,TOTAL DEP,62389.5211608423
CAT2,2023,10,CANINDEYU,ACCID.FEP,5.0
CAT2,2023,10,CANINDEYU,PROG.FEP,0.562768667545744
CAT2,2023,10,CANINDEYU,PROD.FEP,1436.13010458128
CAT2,2023,10,CANINDEYU,TOTAL FEP,58505.7972799315
CAT2,2023,10,CANINDEYU,ACCID.PENF,5.0
CAT2,2023,10,CANINDEYU,PROG.PENF,0.801002109390389
CAT2,2023,10,CANINDEYU,PROD.PENF,4941.30547591165
CAT2,2023,10,CANINDEYU,TOTAL PENEF,52920.3203155476
CAT3,2023,10,CANINDEYU,ACCID.DEP,6.0
CAT3,2023,10,CANINDEYU,PROG.DEP,0.251838420622586
CAT3,2023,10,CANINDEYU,PROD.DEP,2781.63859371372
CAT3,2023,10,CANINDEYU,TOTAL DEP,67459.0075603676
CAT3,2023,10,CANINDEYU,ACCID.FEP,9.0
CAT3,2023,10,CANINDEYU,PROG.FEP,0.890432493909001
CAT3,2023,10,CANINDEYU,PROD.FEP,4747.8422590203
CAT3,2023,10,CANINDEYU,TOTAL FEP,69227.1804164449
CAT3,2023,10,CANINDEYU,ACCID.PENF,5.0
CAT3,2023,10,CANINDEYU,PROG.PENF,0.719107148705237
CAT3,2023,10,CANINDEYU,PROD.PENF,2583.98547299271
CAT3,2023,10,CANINDEYU,TOTAL PENEF,54964.360994685
CAT4,2023,10,CANINDEYU,ACCID.DEP,7.0
CAT4,2023,10,CANINDEYU,PROG.DEP,0.893432767166082
CAT4,2023,10,CANINDEYU,PROD.DEP,3500.67662142601
CAT4,2023,10,CANINDEYU,TOTAL DEP,54822.5915060034
CAT4,2023,10,CANINDEYU,ACCID.FEP,8.0
CAT4,2023,10,CANINDEYU,PROG.FEP,0.404057011002941
CAT4,2023,10,CANINDEYU,PROD.FEP,4506.4775388164
CAT4,2023,10,CANINDEYU,TOTAL FEP,52267.1167093486
CAT4,2023,10,CANINDEYU,ACCID.PENF,9.0
CAT4,2023,10,CANINDEYU,PROG.PENF,0.253712867227643
CAT4,2023,10,CANINDEYU,PROD.PENF,1635.0788888465
CAT4,2023,10,CANINDEYU,TOTAL PENEF,68498.2703612704
CAT5,2023,10,CANINDEYU,ACCID.DEP,4.0
CAT5,2023,10,CANINDEYU,PROG.DEP,0.408635864133148
CAT5,2023,10,CANINDEYU,PROD.DEP,3297.1147277522
CAT5,2023,10,CANINDEYU,TOTAL DEP,53135.1874480884
CAT5,2023,10,CANINDEYU,ACCID.FEP,8.0
CAT5,2023,10,CANINDEYU,PROG.FEP,0.16536778615285
CAT5,2023,10,CANINDEYU,PROD.FEP,2844.79603730503
CAT5,2023,10,CANINDEYU,TOTAL FEP,69441.508618063
CAT5,2023,10,CANINDEYU,ACCID.PENF,0.0
CAT5,2023,10,CANINDEYU,PROG.PENF,0.89786599853164
CAT5,2023,10,CANINDEYU,PROD.PENF,2091.76237678882
CAT5,2023,10,CANINDEYU,TOTAL PENEF,51317.8914035824
CAT6,2023,10,CANINDEYU,ACCID.DEP,6.0
CAT6,2023,10,CANINDEYU,PROG.DEP,0.882604799640778
CAT6,2023,10,CANINDEYU,PROD.DEP,1329.20284795829
CAT6,2023,10,CANINDEYU,TOTAL DEP,62219.7636206692
CAT6,2023,10,CANINDEYU,ACCID.FEP,9.0
CAT6,2023,10,CANINDEYU,PROG.FEP,0.314819870384756
CAT6,2023,10,CANINDEYU,PROD.FEP,4075.9210737956
CAT6,2023,10,CANINDEYU,TOTAL FEP,60836.797835915
CAT6,2023,10,CANINDEYU,ACCID.PENF,9.0
CAT6,2023,10,CANINDEYU,PROG.PENF,0.841847051860312
CAT6,2023,10,CANINDEYU,PROD.PENF,2507.21562728662
CAT6,2023,10,CANINDEYU,TOTAL PENEF,63858.8857843221
CAT7,2023,10,CANINDEYU,ACCID.DEP,3.0
CAT7,2023,10,CANINDEYU,PROG.DEP,0.821909496607515
CAT7,2023,10,CANINDEYU,PROD.DEP,3154.71364980757
CAT7,2023,10,CANINDEYU,TOTAL DEP,58259.8308942759
CAT7,2023,10,CANINDEYU,ACCID.FEP,8.0
CAT7,2023,10,CANINDEYU,PROG.FEP,0.109488544216197
CAT7,2023,10,CANINDEYU,PROD.FEP,3710.57099222512
CAT7,2023,10,CANINDEYU,TOTAL FEP,51962.6467565998
CAT7,2023,10,CANINDEYU,ACCID.PENF,4.0
CAT11,2023,10,CANINDEYU,PROD.PENF,3302.01527510635
CAT7,2023,10,CANINDEYU,PROD.PENF,3882.84650759909
CAT7,2023,10,CANINDEYU,TOTAL PENEF,50304.7613072716
CAT8,2023,10,CANINDEYU,ACCID.DEP,1.0
CAT8,2023,10,CANINDEYU,PROG.DEP,0.603228069213392
CAT8,2023,10,CANINDEYU,PROD.DEP,1525.4600979458
CAT8,2023,10,CANINDEYU,TOTAL DEP,51531.8697420717
CAT8,2023,10,CANINDEYU,ACCID.FEP,0.0
CAT8,2023,10,CANINDEYU,PROG.FEP,0.733273915831794
CAT8,2023,10,CANINDEYU,PROD.FEP,2473.11209296287
CAT8,2023,10,CANINDEYU,TOTAL FEP,52025.7185729594
CAT8,2023,10,CANINDEYU,ACCID.PENF,0.0
CAT8,2023,10,CANINDEYU,PROG.PENF,0.970898671927342
CAT8,2023,10,CANINDEYU,PROD.PENF,4256.91616515561
CAT8,2023,10,CANINDEYU,TOTAL PENEF,54683.0442195918
CAT9,2023,10,CANINDEYU,ACCID.DEP,1.0
CAT9,2023,10,CANINDEYU,PROG.DEP,0.244900026494559
CAT9,2023,10,CANINDEYU,PROD.DEP,4445.25850754567
CAT9,2023,10,CANINDEYU,TOTAL DEP,58332.7260601991
CAT9,2023,10,CANINDEYU,ACCID.FEP,2.0
CAT9,2023,10,CANINDEYU,PROG.FEP,0.781819131128117
CAT9,2023,10,CANINDEYU,PROD.FEP,2760.13896363147
CAT9,2023,10,CANINDEYU,TOTAL FEP,68725.7560985117
CAT9,2023,10,CANINDEYU,ACCID.PENF,4.0
CAT9,2023,10,CANINDEYU,PROG.PENF,0.396523874082447
CAT9,2023,10,CANINDEYU,PROD.PENF,3848.59873885327
CAT9,2023,10,CANINDEYU,TOTAL PENEF,63665.118934547
CAT7,2023,10,CANINDEYU,PROG.PENF,0.750248642401731
CAT11,2023,10,CANINDEYU,TOTAL PENEF,50743.5849271466
CAT11,2023,10,CANINDEYU,PROG.PENF,0.555563780294016
CUR1,2023,10,CANINDEYU,ACCID.DEP,5.0
CUR1,2023,10,CANINDEYU,PROD.DEP,2586.07169356913
CUR1,2023,10,CANINDEYU,ACCID.FEP,3.0
CUR1,2023,10,CANINDEYU,PROD.FEP,4428.86492391513
CUR1,2023,10,CANINDEYU,TOTAL FEP,63776.7058147553
CUR1,2023,10,CANINDEYU,ACCID.PENF,0.0
CUR1,2023,10,CANINDEYU,PROG.PENF,0.573526211041976
CUR1,2023,10,CANINDEYU,PROD.PENF,3791.42960334547
CUR1,2023,10,CANINDEYU,TOTAL PENEF,68402.9106728919
CUR2,2023,10,CANINDEYU,ACCID.DEP,1.0
CUR2,2023,10,CANINDEYU,PROD.DEP,1207.80694546831
CUR2,2023,10,CANINDEYU,PROG.DEP,0.142061449661691
CUR2,2023,10,CANINDEYU,TOTAL DEP,53777.0276412978
CUR2,2023,10,CANINDEYU,ACCID.FEP,5.0
CUR2,2023,10,CANINDEYU,PROG.FEP,0.894438914864446
CUR2,2023,10,CANINDEYU,PROD.FEP,3320.30772406119
CUR2,2023,10,CANINDEYU,ACCID.PENF,4.0
CUR2,2023,10,CANINDEYU,TOTAL FEP,64832.8313186426
CUR2,2023,10,CANINDEYU,PROG.PENF,0.344722557144846
CUR2,2023,10,CANINDEYU,TOTAL PENEF,51790.9572895212
CUR3,2023,10,CANINDEYU,ACCID.DEP,7.0
CUR2,2023,10,CANINDEYU,PROD.PENF,4448.60889545805
CUR3,2023,10,CANINDEYU,PROG.DEP,0.396237999773699
CUR3,2023,10,CANINDEYU,PROD.DEP,4447.79554822561
CUR3,2023,10,CANINDEYU,TOTAL DEP,68661.3950711817
CUR3,2023,10,CANINDEYU,PROG.FEP,0.81674943893399
CUR3,2023,10,CANINDEYU,PROD.FEP,1223.42785343812
CUR3,2023,10,CANINDEYU,ACCID.FEP,5.0
CUR3,2023,10,CANINDEYU,TOTAL FEP,53154.5774802665
CUR3,2023,10,CANINDEYU,PROG.PENF,0.161212803708462
CUR3,2023,10,CANINDEYU,PROD.PENF,3775.23876834373
CUR3,2023,10,CANINDEYU,ACCID.PENF,7.0
CUR3,2023,10,CANINDEYU,TOTAL PENEF,61739.0861766477
CUR4,2023,10,CANINDEYU,PROG.DEP,0.663342380417356
CUR4,2023,10,CANINDEYU,ACCID.DEP,7.0
CUR4,2023,10,CANINDEYU,PROD.DEP,2740.64753012732
CUR4,2023,10,CANINDEYU,TOTAL DEP,63147.7868050491
CUR4,2023,10,CANINDEYU,PROG.FEP,0.19389071214828
CUR4,2023,10,CANINDEYU,ACCID.FEP,9.0
CUR4,2023,10,CANINDEYU,PROD.FEP,1688.70341981932
CUR4,2023,10,CANINDEYU,TOTAL FEP,52747.0564145894
CUR4,2023,10,CANINDEYU,ACCID.PENF,4.0
CUR4,2023,10,CANINDEYU,PROG.PENF,0.200677502701946
CUR4,2023,10,CANINDEYU,PROD.PENF,2458.85808922512
CUR4,2023,10,CANINDEYU,TOTAL PENEF,50634.1821875237
CUR5,2023,10,CANINDEYU,ACCID.DEP,0.0
CUR1,2023,10,CANINDEYU,PROG.DEP,0.613914853323716
CUR5,2023,10,CANINDEYU,TOTAL DEP,50674.2515864614
CUR5,2023,10,CANINDEYU,PROG.DEP,0.869163587806898
CUR5,2023,10,CANINDEYU,ACCID.FEP,8.0
CUR5,2023,10,CANINDEYU,PROG.FEP,0.578146620745829
CUR5,2023,10,CANINDEYU,PROD.FEP,3347.14307243574
CUR5,2023,10,CANINDEYU,TOTAL FEP,58315.1708948272
CUR5,2023,10,CANINDEYU,PROG.PENF,0.604784596815025
CUR5,2023,10,CANINDEYU,ACCID.PENF,4.0
CUR5,2023,10,CANINDEYU,TOTAL PENEF,66442.6999167112
CUR5,2023,10,CANINDEYU,PROD.PENF,3250.98331927515
DES10,2023,10,ALTO PARANÁ,ACCID.DEP,1.0
DES10,2023,10,ALTO PARANÁ,PROG.DEP,0.405447383923556
DES10,2023,10,ALTO PARANÁ,PROD.DEP,2758.64128697062
DES10,2023,10,ALTO PARANÁ,TOTAL DEP,69457.5831236903
DES10,2023,10,ALTO PARANÁ,ACCID.FEP,6.0
DES10,2023,10,ALTO PARANÁ,PROG.FEP,0.962544210510018
DES10,2023,10,ALTO PARANÁ,PROD.FEP,1987.88808887473
DES10,2023,10,ALTO PARANÁ,TOTAL FEP,63100.863525817
DES10,2023,10,ALTO PARANÁ,ACCID.PENF,9.0
DES10,2023,10,ALTO PARANÁ,PROG.PENF,0.427745670331634
DES10,2023,10,ALTO PARANÁ,PROD.PENF,1401.61833323472
DES10,2023,10,ALTO PARANÁ,TOTAL PENEF,68961.731700411
DES3,2023,10,ALTO PARANÁ,ACCID.DEP,4.0
DES3,2023,10,ALTO PARANÁ,PROG.DEP,0.1887437365304
DES3,2023,10,ALTO PARANÁ,PROD.DEP,2462.60892652238
DES3,2023,10,ALTO PARANÁ,TOTAL DEP,55332.6408646327
DES3,2023,10,ALTO PARANÁ,PROG.FEP,0.813820042842714
DES3,2023,10,ALTO PARANÁ,ACCID.FEP,4.0
DES3,2023,10,ALTO PARANÁ,PROD.FEP,4382.22474803176
DES3,2023,10,ALTO PARANÁ,TOTAL FEP,57589.4613493966
DES3,2023,10,ALTO PARANÁ,ACCID.PENF,6.0
DES3,2023,10,ALTO PARANÁ,PROG.PENF,0.727274751946405
DES3,2023,10,ALTO PARANÁ,PROD.PENF,4626.84535106697
DES3,2023,10,ALTO PARANÁ,TOTAL PENEF,53330.730058404
DES4,2023,10,ALTO PARANÁ,ACCID.DEP,5.0
DES4,2023,10,ALTO PARANÁ,PROG.DEP,0.476350598443949
DES4,2023,10,ALTO PARANÁ,PROD.DEP,4782.73965795145
DES4,2023,10,ALTO PARANÁ,ACCID.FEP,4.0
DES4,2023,10,ALTO PARANÁ,TOTAL DEP,54407.6268715624
DES4,2023,10,ALTO PARANÁ,PROG.FEP,0.297206893885907
DES4,2023,10,ALTO PARANÁ,TOTAL FEP,69151.8520315745
DES4,2023,10,ALTO PARANÁ,PROD.FEP,3831.97663727058
DES4,2023,10,ALTO PARANÁ,ACCID.PENF,6.0
DES4,2023,10,ALTO PARANÁ,PROD.PENF,3823.84333317744
DES4,2023,10,ALTO PARANÁ,TOTAL PENEF,66969.110646012
DES4,2023,10,ALTO PARANÁ,PROG.PENF,0.737687023003567
DES5,2023,10,ALTO PARANÁ,ACCID.DEP,6.0
DES5,2023,10,ALTO PARANÁ,PROG.DEP,0.735169049162871
DES5,2023,10,ALTO PARANÁ,PROD.DEP,1912.48568583651
DES5,2023,10,ALTO PARANÁ,TOTAL DEP,57116.1528477299
CUR5,2023,10,CANINDEYU,PROD.DEP,1400.58587645119
CUR1,2023,10,CANINDEYU,TOTAL DEP,60726.3536376279
CUR1,2023,10,CANINDEYU,PROG.FEP,0.75536270731549
DES5,2023,10,ALTO PARANÁ,ACCID.FEP,4.0
DES5,2023,10,ALTO PARANÁ,PROG.FEP,0.971219704196888
DES5,2023,10,ALTO PARANÁ,PROG.PENF,0.441804935457196
DES5,2023,10,ALTO PARANÁ,PROD.PENF,3270.97751152749
DES5,2023,10,ALTO PARANÁ,TOTAL PENEF,51581.5899177775
DES5,2023,10,ALTO PARANÁ,PROD.FEP,2119.81380499841
DES8,2023,10,ALTO PARANÁ,PROG.DEP,0.411831586266872
DES8,2023,10,ALTO PARANÁ,PROD.DEP,3520.57253994933
DES8,2023,10,ALTO PARANÁ,TOTAL DEP,65398.1691317736
DES8,2023,10,ALTO PARANÁ,ACCID.FEP,1.0
DES8,2023,10,ALTO PARANÁ,PROG.FEP,0.103901640295962
DES8,2023,10,ALTO PARANÁ,PROD.FEP,1103.92722465564
DES8,2023,10,ALTO PARANÁ,TOTAL FEP,63148.9603217104
DES8,2023,10,ALTO PARANÁ,ACCID.PENF,1.0
DES8,2023,10,ALTO PARANÁ,PROG.PENF,0.742810296341268
DES8,2023,10,ALTO PARANÁ,PROD.PENF,3805.60072611748
DES8,2023,10,ALTO PARANÁ,TOTAL PENEF,51139.9747036024
DES9,2023,10,ALTO PARANÁ,ACCID.DEP,4.0
DES9,2023,10,ALTO PARANÁ,PROG.DEP,0.285348074810209
DES9,2023,10,ALTO PARANÁ,PROD.DEP,4453.67793499332
DES9,2023,10,ALTO PARANÁ,TOTAL DEP,63952.942743521
DES9,2023,10,ALTO PARANÁ,ACCID.FEP,6.0
DES9,2023,10,ALTO PARANÁ,PROG.FEP,0.7440767761588
DES9,2023,10,ALTO PARANÁ,PROD.FEP,4254.25090463144
DES9,2023,10,ALTO PARANÁ,TOTAL FEP,56023.9915029799
DES9,2023,10,ALTO PARANÁ,ACCID.PENF,7.0
DES9,2023,10,ALTO PARANÁ,PROG.PENF,0.898837708930643
DES9,2023,10,ALTO PARANÁ,PROD.PENF,2343.6112471695
DES9,2023,10,ALTO PARANÁ,TOTAL PENEF,66202.1910553133
HER1,2023,10,ALTO PARANÁ,ACCID.DEP,2.0
HER1,2023,10,ALTO PARANÁ,PROG.DEP,0.923641950578748
HER1,2023,10,ALTO PARANÁ,PROD.DEP,2719.76507503376
HER1,2023,10,ALTO PARANÁ,TOTAL DEP,62032.175346546
HER1,2023,10,ALTO PARANÁ,ACCID.FEP,5.0
HER1,2023,10,ALTO PARANÁ,PROG.FEP,0.982557476984155
HER1,2023,10,ALTO PARANÁ,PROD.FEP,1997.01798547113
HER1,2023,10,ALTO PARANÁ,TOTAL FEP,60521.1095775563
HER1,2023,10,ALTO PARANÁ,ACCID.PENF,8.0
HER1,2023,10,ALTO PARANÁ,PROG.PENF,0.20368392970784
HER1,2023,10,ALTO PARANÁ,PROD.PENF,2057.24978802001
HER1,2023,10,ALTO PARANÁ,TOTAL PENEF,68158.4875912233
HER10,2023,10,ALTO PARANÁ,ACCID.DEP,7.0
HER10,2023,10,ALTO PARANÁ,PROG.DEP,0.683760045929317
HER10,2023,10,ALTO PARANÁ,PROD.DEP,2824.00912298271
HER10,2023,10,ALTO PARANÁ,TOTAL DEP,53933.3006824111
HER10,2023,10,ALTO PARANÁ,ACCID.FEP,7.0
HER10,2023,10,ALTO PARANÁ,PROG.FEP,0.902285419960194
HER10,2023,10,ALTO PARANÁ,PROD.FEP,2022.96515011744
HER10,2023,10,ALTO PARANÁ,TOTAL FEP,64922.3735397786
HER10,2023,10,ALTO PARANÁ,ACCID.PENF,3.0
HER10,2023,10,ALTO PARANÁ,PROG.PENF,0.722083377200136
HER10,2023,10,ALTO PARANÁ,PROD.PENF,4557.61340145397
HER10,2023,10,ALTO PARANÁ,TOTAL PENEF,66374.7442026807
HER11,2023,10,ALTO PARANÁ,ACCID.DEP,2.0
HER11,2023,10,ALTO PARANÁ,PROG.DEP,0.590607475794305
HER11,2023,10,ALTO PARANÁ,PROD.DEP,1165.79759191103
HER11,2023,10,ALTO PARANÁ,TOTAL DEP,60132.1768819527
HER11,2023,10,ALTO PARANÁ,ACCID.FEP,0.0
HER11,2023,10,ALTO PARANÁ,PROG.FEP,0.879569389810632
HER11,2023,10,ALTO PARANÁ,PROD.FEP,3853.4657616544
HER11,2023,10,ALTO PARANÁ,TOTAL FEP,59694.3928973292
HER11,2023,10,ALTO PARANÁ,ACCID.PENF,2.0
HER11,2023,10,ALTO PARANÁ,PROG.PENF,0.280497267764075
HER11,2023,10,ALTO PARANÁ,PROD.PENF,4402.45288124967
HER11,2023,10,ALTO PARANÁ,TOTAL PENEF,62988.997221275
HER2,2023,10,ALTO PARANÁ,ACCID.DEP,8.0
HER2,2023,10,ALTO PARANÁ,PROG.DEP,0.375921013671264
HER2,2023,10,ALTO PARANÁ,PROD.DEP,3789.76162451482
HER2,2023,10,ALTO PARANÁ,TOTAL DEP,56626.996175752
HER2,2023,10,ALTO PARANÁ,ACCID.FEP,1.0
HER2,2023,10,ALTO PARANÁ,PROG.FEP,0.373548868172293
HER2,2023,10,ALTO PARANÁ,PROD.FEP,2843.47873665838
HER2,2023,10,ALTO PARANÁ,ACCID.PENF,6.0
HER2,2023,10,ALTO PARANÁ,TOTAL FEP,62845.0953522384
HER2,2023,10,ALTO PARANÁ,PROG.PENF,0.443887673803482
HER2,2023,10,ALTO PARANÁ,TOTAL PENEF,54225.1848027301
HER2,2023,10,ALTO PARANÁ,PROD.PENF,1424.09625067718
HER7,2023,10,ALTO PARANÁ,ACCID.DEP,1.0
HER7,2023,10,ALTO PARANÁ,PROG.DEP,0.8121153334319
HER7,2023,10,ALTO PARANÁ,TOTAL DEP,50470.1969588805
HER7,2023,10,ALTO PARANÁ,PROD.DEP,1698.71658131688
HER7,2023,10,ALTO PARANÁ,ACCID.FEP,8.0
HER7,2023,10,ALTO PARANÁ,PROG.FEP,0.300454655127708
HER7,2023,10,ALTO PARANÁ,PROD.FEP,3469.00343782995
HER7,2023,10,ALTO PARANÁ,TOTAL FEP,51802.1409219952
HER7,2023,10,ALTO PARANÁ,ACCID.PENF,9.0
HER7,2023,10,ALTO PARANÁ,PROG.PENF,0.942693648307578
HER7,2023,10,ALTO PARANÁ,TOTAL PENEF,67331.8311237167
HER7,2023,10,ALTO PARANÁ,PROD.PENF,4091.57083875992
HER8,2023,10,ALTO PARANÁ,ACCID.DEP,4.0
HER8,2023,10,ALTO PARANÁ,PROG.DEP,0.901319733601247
HER8,2023,10,ALTO PARANÁ,PROD.DEP,1724.80376705265
HER8,2023,10,ALTO PARANÁ,TOTAL DEP,54395.9998133444
HER8,2023,10,ALTO PARANÁ,PROG.FEP,0.659654340977471
HER8,2023,10,ALTO PARANÁ,ACCID.FEP,1.0
HER8,2023,10,ALTO PARANÁ,PROD.FEP,3646.97842473774
HER8,2023,10,ALTO PARANÁ,TOTAL FEP,66487.9210743547
DES5,2023,10,ALTO PARANÁ,TOTAL FEP,63159.2221751487
DES5,2023,10,ALTO PARANÁ,ACCID.PENF,4.0
DES8,2023,10,ALTO PARANÁ,ACCID.DEP,5.0
HER8,2023,10,ALTO PARANÁ,ACCID.PENF,7.0
HER9,2023,10,ALTO PARANÁ,ACCID.DEP,2.0
HER9,2023,10,ALTO PARANÁ,PROG.DEP,0.367354954794772
HER9,2023,10,ALTO PARANÁ,PROD.DEP,3340.03681222148
HER9,2023,10,ALTO PARANÁ,TOTAL DEP,52648.5990748042
HER9,2023,10,ALTO PARANÁ,ACCID.FEP,7.0
HER9,2023,10,ALTO PARANÁ,PROG.FEP,0.886875394599141
HER9,2023,10,ALTO PARANÁ,PROD.FEP,1947.02785471288
HER9,2023,10,ALTO PARANÁ,TOTAL FEP,68756.3325776932
HER9,2023,10,ALTO PARANÁ,ACCID.PENF,5.0
HER9,2023,10,ALTO PARANÁ,PROG.PENF,0.884781822451724
HER9,2023,10,ALTO PARANÁ,PROD.PENF,1797.18040801046
HER9,2023,10,ALTO PARANÁ,TOTAL PENEF,53639.2849931988
IRY1,2023,10,ALTO PARANÁ,ACCID.DEP,0.0
IRY1,2023,10,ALTO PARANÁ,PROG.DEP,0.427354756355981
IRY1,2023,10,ALTO PARANÁ,PROD.DEP,3046.30700846482
IRY1,2023,10,ALTO PARANÁ,TOTAL DEP,66042.9097963255
IRY1,2023,10,ALTO PARANÁ,ACCID.FEP,5.0
IRY1,2023,10,ALTO PARANÁ,PROG.FEP,0.353926671025507
IRY1,2023,10,ALTO PARANÁ,PROD.FEP,1847.60756596666
IRY1,2023,10,ALTO PARANÁ,TOTAL FEP,64227.7307072074
IRY1,2023,10,ALTO PARANÁ,ACCID.PENF,8.0
IRY1,2023,10,ALTO PARANÁ,PROG.PENF,0.254352920172571
IRY1,2023,10,ALTO PARANÁ,PROD.PENF,1348.41387950417
IRY1,2023,10,ALTO PARANÁ,TOTAL PENEF,50615.6807606254
IRY2,2023,10,ALTO PARANÁ,ACCID.DEP,1.0
IRY2,2023,10,ALTO PARANÁ,PROG.DEP,0.70893735647219
IRY2,2023,10,ALTO PARANÁ,PROD.DEP,4751.14846133011
IRY2,2023,10,ALTO PARANÁ,TOTAL DEP,51869.1069892966
IRY2,2023,10,ALTO PARANÁ,ACCID.FEP,9.0
IRY2,2023,10,ALTO PARANÁ,PROG.FEP,0.598309098676308
IRY2,2023,10,ALTO PARANÁ,PROD.FEP,4245.14613900874
IRY2,2023,10,ALTO PARANÁ,TOTAL FEP,55273.7236167528
IRY2,2023,10,ALTO PARANÁ,ACCID.PENF,2.0
IRY2,2023,10,ALTO PARANÁ,PROG.PENF,0.224341239496906
IRY2,2023,10,ALTO PARANÁ,PROD.PENF,4322.75810620517
IRY2,2023,10,ALTO PARANÁ,TOTAL PENEF,58161.1648155621
IRY3,2023,10,ALTO PARANÁ,ACCID.DEP,4.0
IRY3,2023,10,ALTO PARANÁ,PROG.DEP,0.577703842790756
IRY3,2023,10,ALTO PARANÁ,PROD.DEP,4809.09448209898
IRY3,2023,10,ALTO PARANÁ,TOTAL DEP,53092.7570513091
IRY3,2023,10,ALTO PARANÁ,ACCID.FEP,2.0
IRY3,2023,10,ALTO PARANÁ,PROG.FEP,0.177686584044101
IRY3,2023,10,ALTO PARANÁ,PROD.FEP,1552.45278247253
IRY3,2023,10,ALTO PARANÁ,TOTAL FEP,51655.168835283
IRY3,2023,10,ALTO PARANÁ,ACCID.PENF,6.0
IRY3,2023,10,ALTO PARANÁ,PROG.PENF,0.808887826454517
IRY3,2023,10,ALTO PARANÁ,PROD.PENF,2623.50850796476
IRY3,2023,10,ALTO PARANÁ,TOTAL PENEF,61941.8983778206
IRY4,2023,10,ALTO PARANÁ,ACCID.DEP,0.0
IRY4,2023,10,ALTO PARANÁ,PROG.DEP,0.270907208540736
IRY4,2023,10,ALTO PARANÁ,PROD.DEP,3231.27350587048
IRY4,2023,10,ALTO PARANÁ,TOTAL DEP,64761.0521561502
IRY4,2023,10,ALTO PARANÁ,ACCID.FEP,0.0
IRY4,2023,10,ALTO PARANÁ,PROG.FEP,0.434599025051049
IRY4,2023,10,ALTO PARANÁ,PROD.FEP,2256.26663993029
IRY4,2023,10,ALTO PARANÁ,TOTAL FEP,52216.56340252
IRY4,2023,10,ALTO PARANÁ,ACCID.PENF,7.0
IRY4,2023,10,ALTO PARANÁ,PROG.PENF,0.96009603894073
IRY4,2023,10,ALTO PARANÁ,PROD.PENF,1327.11322715076
IRY4,2023,10,ALTO PARANÁ,TOTAL PENEF,52606.832395223
JEP1,2023,10,CANINDEYU,ACCID.DEP,5.0
JEP1,2023,10,CANINDEYU,PROG.DEP,0.852541637553027
JEP1,2023,10,CANINDEYU,PROD.DEP,2538.15230954582
JEP1,2023,10,CANINDEYU,TOTAL DEP,62958.1902231763
JEP1,2023,10,CANINDEYU,ACCID.FEP,6.0
JEP1,2023,10,CANINDEYU,PROG.FEP,0.230357194023969
JEP1,2023,10,CANINDEYU,PROD.FEP,1469.40453251206
JEP1,2023,10,CANINDEYU,TOTAL FEP,56258.3957148837
JEP1,2023,10,CANINDEYU,ACCID.PENF,9.0
JEP1,2023,10,CANINDEYU,PROG.PENF,0.811566926427313
JEP1,2023,10,CANINDEYU,TOTAL PENEF,57382.8923287024
JEP1,2023,10,CANINDEYU,PROD.PENF,1842.15814063905
JEP2,2023,10,CANINDEYU,ACCID.DEP,9.0
JEP2,2023,10,CANINDEYU,PROG.DEP,0.466192633687064
JEP2,2023,10,CANINDEYU,PROD.DEP,4587.94136899152
JEP2,2023,10,CANINDEYU,TOTAL DEP,58072.6192413426
JEP2,2023,10,CANINDEYU,ACCID.FEP,6.0
JEP2,2023,10,CANINDEYU,PROG.FEP,0.962905921216746
JEP2,2023,10,CANINDEYU,PROD.FEP,1437.07054252557
JEP2,2023,10,CANINDEYU,TOTAL FEP,54823.2861162461
JEP2,2023,10,CANINDEYU,ACCID.PENF,9.0
JEP2,2023,10,CANINDEYU,PROG.PENF,0.318578673031199
JEP2,2023,10,CANINDEYU,PROD.PENF,2481.90952535637
HER8,2023,10,ALTO PARANÁ,PROG.PENF,0.762217328039432
JEP3,2023,10,CANINDEYU,ACCID.DEP,9.0
JEP3,2023,10,CANINDEYU,PROG.DEP,0.163014775384241
JEP3,2023,10,CANINDEYU,PROD.DEP,2515.71874984253
JEP3,2023,10,CANINDEYU,TOTAL DEP,63757.3283999942
JEP3,2023,10,CANINDEYU,ACCID.FEP,4.0
JEP3,2023,10,CANINDEYU,PROG.FEP,0.391632576040201
JEP3,2023,10,CANINDEYU,PROD.FEP,1453.41882568021
JEP3,2023,10,CANINDEYU,TOTAL FEP,69348.658848078
JEP3,2023,10,CANINDEYU,ACCID.PENF,9.0
JEP3,2023,10,CANINDEYU,PROG.PENF,0.560376238274639
JEP3,2023,10,CANINDEYU,PROD.PENF,2680.86579595674
JEP3,2023,10,CANINDEYU,TOTAL PENEF,58422.3926317223
HER8,2023,10,ALTO PARANÁ,PROD.PENF,2733.52071397817
HER8,2023,10,ALTO PARANÁ,TOTAL PENEF,64628.3119731538
JEP2,2023,10,CANINDEYU,TOTAL PENEF,59076.00076754
JEP4,2023,10,CANINDEYU,ACCID.DEP,7.0
JEP4,2023,10,CANINDEYU,PROG.DEP,0.725352895537589
JEP4,2023,10,CANINDEYU,PROG.FEP,0.459129588508296
JEP4,2023,10,CANINDEYU,PROD.FEP,1240.73355027612
JEP4,2023,10,CANINDEYU,TOTAL FEP,54612.9520448684
JEP4,2023,10,CANINDEYU,ACCID.PENF,9.0
JEP4,2023,10,CANINDEYU,PROG.PENF,0.365562892114945
JEP4,2023,10,CANINDEYU,PROD.PENF,1316.14476750306
JEP4,2023,10,CANINDEYU,TOTAL PENEF,57504.7427391704
JLM1,2023,10,ALTO PARANÁ,ACCID.DEP,9.0
JLM1,2023,10,ALTO PARANÁ,PROG.DEP,0.664241531317395
JLM1,2023,10,ALTO PARANÁ,PROD.DEP,4315.92013618625
JLM1,2023,10,ALTO PARANÁ,TOTAL DEP,54655.6456370123
JLM1,2023,10,ALTO PARANÁ,ACCID.FEP,1.0
JLM1,2023,10,ALTO PARANÁ,PROG.FEP,0.905602759963667
JLM1,2023,10,ALTO PARANÁ,PROD.FEP,2943.62530900336
JLM1,2023,10,ALTO PARANÁ,TOTAL FEP,55325.0238058964
JLM1,2023,10,ALTO PARANÁ,ACCID.PENF,2.0
JLM1,2023,10,ALTO PARANÁ,PROG.PENF,0.439417899993163
JLM1,2023,10,ALTO PARANÁ,PROD.PENF,4165.38980812484
JLM1,2023,10,ALTO PARANÁ,TOTAL PENEF,54398.4522141766
JLM2,2023,10,ALTO PARANÁ,ACCID.DEP,6.0
JLM2,2023,10,ALTO PARANÁ,PROG.DEP,0.771247504784873
JLM2,2023,10,ALTO PARANÁ,PROD.DEP,3243.94488793471
JLM2,2023,10,ALTO PARANÁ,TOTAL DEP,58386.6580777779
JLM2,2023,10,ALTO PARANÁ,ACCID.FEP,2.0
JLM2,2023,10,ALTO PARANÁ,PROG.FEP,0.717836602483539
JLM2,2023,10,ALTO PARANÁ,TOTAL FEP,69560.9118566011
JLM2,2023,10,ALTO PARANÁ,PROD.FEP,2370.82075059703
JLM2,2023,10,ALTO PARANÁ,ACCID.PENF,9.0
JLM2,2023,10,ALTO PARANÁ,PROG.PENF,0.218598765719277
JLM2,2023,10,ALTO PARANÁ,PROD.PENF,2801.21885457164
JLM2,2023,10,ALTO PARANÁ,TOTAL PENEF,54854.6252851057
JLM3,2023,10,ALTO PARANÁ,ACCID.DEP,9.0
JLM3,2023,10,ALTO PARANÁ,PROG.DEP,0.358911119158364
JLM3,2023,10,ALTO PARANÁ,PROD.DEP,4680.67759209625
JLM3,2023,10,ALTO PARANÁ,TOTAL DEP,65910.2545080356
JLM3,2023,10,ALTO PARANÁ,ACCID.FEP,4.0
JLM3,2023,10,ALTO PARANÁ,PROG.FEP,0.261981780367594
JLM3,2023,10,ALTO PARANÁ,PROD.FEP,2377.0542393921
JLM3,2023,10,ALTO PARANÁ,TOTAL FEP,68361.6366722659
JLM3,2023,10,ALTO PARANÁ,ACCID.PENF,3.0
JLM3,2023,10,ALTO PARANÁ,PROG.PENF,0.184579132684608
JLM3,2023,10,ALTO PARANÁ,PROD.PENF,1915.71496068241
JLM3,2023,10,ALTO PARANÁ,TOTAL PENEF,63836.7547424278
K152,2023,10,ALTO PARANÁ,ACCID.DEP,5.0
K152,2023,10,ALTO PARANÁ,PROG.DEP,0.578415293301365
K152,2023,10,ALTO PARANÁ,PROD.DEP,1285.29839510255
K152,2023,10,ALTO PARANÁ,TOTAL DEP,51461.7598884387
K152,2023,10,ALTO PARANÁ,ACCID.FEP,7.0
K152,2023,10,ALTO PARANÁ,PROG.FEP,0.587676899349001
K152,2023,10,ALTO PARANÁ,PROD.FEP,3710.00270611054
K152,2023,10,ALTO PARANÁ,TOTAL FEP,58764.6659460458
K152,2023,10,ALTO PARANÁ,ACCID.PENF,5.0
K152,2023,10,ALTO PARANÁ,PROG.PENF,0.838838849824118
K152,2023,10,ALTO PARANÁ,PROD.PENF,3868.84734530894
K152,2023,10,ALTO PARANÁ,TOTAL PENEF,60158.4813716486
K153,2023,10,ALTO PARANÁ,ACCID.DEP,7.0
K153,2023,10,ALTO PARANÁ,PROG.DEP,0.993645823023414
K153,2023,10,ALTO PARANÁ,PROD.DEP,4596.09777300368
K153,2023,10,ALTO PARANÁ,TOTAL DEP,52096.3287610526
K153,2023,10,ALTO PARANÁ,ACCID.FEP,2.0
K153,2023,10,ALTO PARANÁ,PROG.FEP,0.576407922727428
K153,2023,10,ALTO PARANÁ,PROD.FEP,2170.94421046452
K153,2023,10,ALTO PARANÁ,TOTAL FEP,69122.7083813062
K153,2023,10,ALTO PARANÁ,ACCID.PENF,8.0
K153,2023,10,ALTO PARANÁ,PROG.PENF,0.892621922267082
K153,2023,10,ALTO PARANÁ,PROD.PENF,3898.9713413142
K153,2023,10,ALTO PARANÁ,TOTAL PENEF,56082.5326028627
K154,2023,10,ALTO PARANÁ,ACCID.DEP,6.0
K154,2023,10,ALTO PARANÁ,PROG.DEP,0.573478384943687
K154,2023,10,ALTO PARANÁ,TOTAL DEP,60617.5700077116
K154,2023,10,ALTO PARANÁ,PROD.DEP,3062.16788792915
K154,2023,10,ALTO PARANÁ,ACCID.FEP,8.0
K154,2023,10,ALTO PARANÁ,PROG.FEP,0.617003383516226
K154,2023,10,ALTO PARANÁ,PROD.FEP,3753.8800226052
K154,2023,10,ALTO PARANÁ,TOTAL FEP,67843.8109842705
K154,2023,10,ALTO PARANÁ,ACCID.PENF,2.0
K154,2023,10,ALTO PARANÁ,PROG.PENF,0.526777849854892
K154,2023,10,ALTO PARANÁ,PROD.PENF,3559.91391997694
K154,2023,10,ALTO PARANÁ,TOTAL PENEF,66308.6534518877
K155,2023,10,ALTO PARANÁ,ACCID.DEP,0.0
K155,2023,10,ALTO PARANÁ,PROG.DEP,0.367401069880533
K155,2023,10,ALTO PARANÁ,PROD.DEP,2420.25761248321
K155,2023,10,ALTO PARANÁ,TOTAL DEP,69240.3695050168
K155,2023,10,ALTO PARANÁ,ACCID.FEP,1.0
K155,2023,10,ALTO PARANÁ,PROG.FEP,0.139925629380148
K155,2023,10,ALTO PARANÁ,PROD.FEP,3076.02340892089
K155,2023,10,ALTO PARANÁ,TOTAL FEP,69256.9243347515
K155,2023,10,ALTO PARANÁ,ACCID.PENF,5.0
K155,2023,10,ALTO PARANÁ,PROD.PENF,4060.95539793977
K155,2023,10,ALTO PARANÁ,TOTAL PENEF,61143.5145586191
K155,2023,10,ALTO PARANÁ,PROG.PENF,0.957203017334954
K156,2023,10,ALTO PARANÁ,ACCID.DEP,3.0
K156,2023,10,ALTO PARANÁ,PROG.DEP,0.151622933758442
K156,2023,10,ALTO PARANÁ,PROD.DEP,4444.90847421793
K156,2023,10,ALTO PARANÁ,TOTAL DEP,69434.9531277267
JEP4,2023,10,CANINDEYU,PROD.DEP,2647.59221264927
JEP4,2023,10,CANINDEYU,TOTAL DEP,58467.5049579636
JEP4,2023,10,CANINDEYU,ACCID.FEP,6.0
K156,2023,10,ALTO PARANÁ,ACCID.FEP,6.0
K156,2023,10,ALTO PARANÁ,ACCID.PENF,5.0
K156,2023,10,ALTO PARANÁ,PROG.PENF,0.372996681621695
K156,2023,10,ALTO PARANÁ,PROD.PENF,3948.9786036846
K156,2023,10,ALTO PARANÁ,TOTAL PENEF,60948.1703976639
K157,2023,10,ALTO PARANÁ,ACCID.DEP,0.0
K157,2023,10,ALTO PARANÁ,PROG.DEP,0.630949715619361
K157,2023,10,ALTO PARANÁ,PROD.DEP,4056.60976213933
K157,2023,10,ALTO PARANÁ,TOTAL DEP,55020.1632534963
K157,2023,10,ALTO PARANÁ,ACCID.FEP,0.0
K157,2023,10,ALTO PARANÁ,PROG.FEP,0.214086844828085
K157,2023,10,ALTO PARANÁ,PROD.FEP,4733.62438671182
K157,2023,10,ALTO PARANÁ,TOTAL FEP,69952.1522399821
K157,2023,10,ALTO PARANÁ,ACCID.PENF,8.0
K157,2023,10,ALTO PARANÁ,PROG.PENF,0.985535253943263
K157,2023,10,ALTO PARANÁ,PROD.PENF,4023.94483505195
K157,2023,10,ALTO PARANÁ,TOTAL PENEF,60175.4134178981
K158,2023,10,ALTO PARANÁ,ACCID.DEP,7.0
K158,2023,10,ALTO PARANÁ,PROG.DEP,0.539649924052183
K158,2023,10,ALTO PARANÁ,PROD.DEP,4212.66508747556
K158,2023,10,ALTO PARANÁ,TOTAL DEP,68498.5455530947
K158,2023,10,ALTO PARANÁ,ACCID.FEP,4.0
K158,2023,10,ALTO PARANÁ,PROG.FEP,0.32673977375515
K158,2023,10,ALTO PARANÁ,PROD.FEP,1147.87302979897
K158,2023,10,ALTO PARANÁ,TOTAL FEP,50603.3690152011
K158,2023,10,ALTO PARANÁ,ACCID.PENF,2.0
K158,2023,10,ALTO PARANÁ,PROG.PENF,0.394801922500313
K158,2023,10,ALTO PARANÁ,PROD.PENF,2283.06497450935
K158,2023,10,ALTO PARANÁ,TOTAL PENEF,59677.5900767865
K159,2023,10,ALTO PARANÁ,ACCID.DEP,7.0
K159,2023,10,ALTO PARANÁ,PROG.DEP,0.206086824482505
K159,2023,10,ALTO PARANÁ,PROD.DEP,4681.19445336971
K156,2023,10,ALTO PARANÁ,PROG.FEP,0.38436958566562
K159,2023,10,ALTO PARANÁ,ACCID.FEP,8.0
K159,2023,10,ALTO PARANÁ,PROG.FEP,0.77094237536358
K159,2023,10,ALTO PARANÁ,PROD.FEP,4677.36555965169
K159,2023,10,ALTO PARANÁ,TOTAL FEP,66021.8443775816
K159,2023,10,ALTO PARANÁ,ACCID.PENF,4.0
K159,2023,10,ALTO PARANÁ,PROG.PENF,0.677073521721585
K159,2023,10,ALTO PARANÁ,PROD.PENF,1563.91190051935
K159,2023,10,ALTO PARANÁ,TOTAL PENEF,50947.5601843816
K301,2023,10,ALTO PARANÁ,ACCID.DEP,9.0
K301,2023,10,ALTO PARANÁ,PROG.DEP,0.244656879147314
K301,2023,10,ALTO PARANÁ,PROD.DEP,4363.71233505915
K301,2023,10,ALTO PARANÁ,TOTAL DEP,53885.654954883
K301,2023,10,ALTO PARANÁ,ACCID.FEP,1.0
K301,2023,10,ALTO PARANÁ,PROG.FEP,0.143576253323586
K301,2023,10,ALTO PARANÁ,PROD.FEP,2040.51371974961
K301,2023,10,ALTO PARANÁ,TOTAL FEP,65547.8681059868
K301,2023,10,ALTO PARANÁ,ACCID.PENF,3.0
K301,2023,10,ALTO PARANÁ,PROG.PENF,0.955096219382806
K301,2023,10,ALTO PARANÁ,PROD.PENF,1508.0464081689
K301,2023,10,ALTO PARANÁ,TOTAL PENEF,68374.093105438
K302,2023,10,ALTO PARANÁ,ACCID.DEP,3.0
K302,2023,10,ALTO PARANÁ,PROG.DEP,0.111940626652508
K302,2023,10,ALTO PARANÁ,PROD.DEP,1723.70454967544
K302,2023,10,ALTO PARANÁ,TOTAL DEP,63775.0525748861
K302,2023,10,ALTO PARANÁ,ACCID.FEP,8.0
K302,2023,10,ALTO PARANÁ,PROG.FEP,0.687415249097265
K302,2023,10,ALTO PARANÁ,PROD.FEP,3108.98626349762
K302,2023,10,ALTO PARANÁ,TOTAL FEP,66471.5050461438
K302,2023,10,ALTO PARANÁ,ACCID.PENF,1.0
K302,2023,10,ALTO PARANÁ,PROG.PENF,0.362072046718013
K302,2023,10,ALTO PARANÁ,PROD.PENF,3521.16916800348
K302,2023,10,ALTO PARANÁ,TOTAL PENEF,65407.0190982238
K303,2023,10,ALTO PARANÁ,ACCID.DEP,5.0
K303,2023,10,ALTO PARANÁ,PROG.DEP,0.589889253248214
K303,2023,10,ALTO PARANÁ,PROD.DEP,1200.72984747981
K303,2023,10,ALTO PARANÁ,TOTAL DEP,52837.587928591
K303,2023,10,ALTO PARANÁ,ACCID.FEP,0.0
K303,2023,10,ALTO PARANÁ,PROG.FEP,0.695069049360609
K303,2023,10,ALTO PARANÁ,PROD.FEP,2182.25998646926
K303,2023,10,ALTO PARANÁ,TOTAL FEP,55809.7688174435
K303,2023,10,ALTO PARANÁ,ACCID.PENF,7.0
K303,2023,10,ALTO PARANÁ,PROG.PENF,0.522035717254469
K303,2023,10,ALTO PARANÁ,PROD.PENF,2218.30223858522
K303,2023,10,ALTO PARANÁ,TOTAL PENEF,64747.4468612722
K156,2023,10,ALTO PARANÁ,PROD.FEP,1138.7309913719
K304,2023,10,ALTO PARANÁ,PROG.DEP,0.691995191504096
K304,2023,10,ALTO PARANÁ,PROD.DEP,3838.17962772348
K304,2023,10,ALTO PARANÁ,TOTAL DEP,61473.5568976894
K304,2023,10,ALTO PARANÁ,ACCID.FEP,1.0
K304,2023,10,ALTO PARANÁ,PROG.FEP,0.521621367998559
K304,2023,10,ALTO PARANÁ,PROD.FEP,4471.67287496031
K304,2023,10,ALTO PARANÁ,TOTAL FEP,53657.0776165791
K304,2023,10,ALTO PARANÁ,ACCID.PENF,1.0
K304,2023,10,ALTO PARANÁ,PROG.PENF,0.384282756829615
K304,2023,10,ALTO PARANÁ,PROD.PENF,3529.62534223099
K304,2023,10,ALTO PARANÁ,TOTAL PENEF,63931.0700018761
K305,2023,10,ALTO PARANÁ,ACCID.DEP,5.0
K305,2023,10,ALTO PARANÁ,PROG.DEP,0.874392680412301
K305,2023,10,ALTO PARANÁ,PROD.DEP,4921.99499239411
K305,2023,10,ALTO PARANÁ,TOTAL DEP,59339.2188922248
K305,2023,10,ALTO PARANÁ,ACCID.FEP,6.0
K305,2023,10,ALTO PARANÁ,PROG.FEP,0.837198290135345
K305,2023,10,ALTO PARANÁ,PROD.FEP,2474.65192705639
K305,2023,10,ALTO PARANÁ,TOTAL FEP,50316.7117746529
K156,2023,10,ALTO PARANÁ,TOTAL FEP,58473.8831790461
K159,2023,10,ALTO PARANÁ,TOTAL DEP,64461.6027304811
K304,2023,10,ALTO PARANÁ,ACCID.DEP,7.0
K305,2023,10,ALTO PARANÁ,ACCID.PENF,2.0
K306,2023,10,ALTO PARANÁ,ACCID.DEP,6.0
K306,2023,10,ALTO PARANÁ,PROG.DEP,0.371315498991013
K306,2023,10,ALTO PARANÁ,PROD.DEP,4341.64627022816
K306,2023,10,ALTO PARANÁ,TOTAL DEP,56973.5616604028
K306,2023,10,ALTO PARANÁ,ACCID.FEP,7.0
K306,2023,10,ALTO PARANÁ,PROG.FEP,0.432377914568772
K306,2023,10,ALTO PARANÁ,PROD.FEP,4117.60767338609
K306,2023,10,ALTO PARANÁ,TOTAL FEP,53298.5727787822
K306,2023,10,ALTO PARANÁ,ACCID.PENF,4.0
K306,2023,10,ALTO PARANÁ,PROG.PENF,0.639390288236016
K306,2023,10,ALTO PARANÁ,PROD.PENF,4802.54222214513
K306,2023,10,ALTO PARANÁ,TOTAL PENEF,52654.6127702565
K307,2023,10,ALTO PARANÁ,ACCID.DEP,1.0
K307,2023,10,ALTO PARANÁ,PROG.DEP,0.384838089495248
K307,2023,10,ALTO PARANÁ,PROD.DEP,3253.56190422859
K307,2023,10,ALTO PARANÁ,TOTAL DEP,54367.0677286531
K307,2023,10,ALTO PARANÁ,ACCID.FEP,7.0
K307,2023,10,ALTO PARANÁ,PROG.FEP,0.989418900382422
K307,2023,10,ALTO PARANÁ,PROD.FEP,1915.56265507363
K307,2023,10,ALTO PARANÁ,TOTAL FEP,68856.9799019005
K305,2023,10,ALTO PARANÁ,PROD.PENF,3102.24971119217
K307,2023,10,ALTO PARANÁ,PROG.PENF,0.328956174042269
K307,2023,10,ALTO PARANÁ,PROD.PENF,3313.99408672085
K307,2023,10,ALTO PARANÁ,TOTAL PENEF,69701.0711681099
K308,2023,10,ALTO PARANÁ,ACCID.DEP,2.0
K308,2023,10,ALTO PARANÁ,PROG.DEP,0.319292039813394
K308,2023,10,ALTO PARANÁ,PROD.DEP,1639.87881064643
K308,2023,10,ALTO PARANÁ,TOTAL DEP,66644.9874976339
K308,2023,10,ALTO PARANÁ,ACCID.FEP,3.0
K308,2023,10,ALTO PARANÁ,PROG.FEP,0.670425405983943
K308,2023,10,ALTO PARANÁ,PROD.FEP,4239.22072543975
K308,2023,10,ALTO PARANÁ,TOTAL FEP,56505.5352290473
K308,2023,10,ALTO PARANÁ,ACCID.PENF,3.0
K308,2023,10,ALTO PARANÁ,PROG.PENF,0.404546952062802
K308,2023,10,ALTO PARANÁ,PROD.PENF,3827.12206860531
K308,2023,10,ALTO PARANÁ,TOTAL PENEF,66829.920309966
K309,2023,10,ALTO PARANÁ,ACCID.DEP,0.0
K309,2023,10,ALTO PARANÁ,PROG.DEP,0.168900785009183
K309,2023,10,ALTO PARANÁ,PROD.DEP,3284.54141606357
K309,2023,10,ALTO PARANÁ,TOTAL DEP,68751.6723728147
K309,2023,10,ALTO PARANÁ,ACCID.FEP,6.0
K309,2023,10,ALTO PARANÁ,PROG.FEP,0.910768993347117
K309,2023,10,ALTO PARANÁ,PROD.FEP,4930.91235936452
K309,2023,10,ALTO PARANÁ,TOTAL FEP,63390.5642332789
K309,2023,10,ALTO PARANÁ,ACCID.PENF,4.0
K309,2023,10,ALTO PARANÁ,PROG.PENF,0.285270467754321
K309,2023,10,ALTO PARANÁ,PROD.PENF,3460.70616989557
K309,2023,10,ALTO PARANÁ,TOTAL PENEF,64257.3526472877
MCE1,2023,10,ALTO PARANÁ,ACCID.DEP,6.0
MCE1,2023,10,ALTO PARANÁ,PROG.DEP,0.813933856949437
MCE1,2023,10,ALTO PARANÁ,PROD.DEP,4438.26518060156
MCE1,2023,10,ALTO PARANÁ,TOTAL DEP,55671.6379479354
MCE1,2023,10,ALTO PARANÁ,ACCID.FEP,5.0
MCE1,2023,10,ALTO PARANÁ,PROG.FEP,0.990095806148007
MCE1,2023,10,ALTO PARANÁ,PROD.FEP,2057.80849576803
MCE1,2023,10,ALTO PARANÁ,TOTAL FEP,54957.0238770179
MCE1,2023,10,ALTO PARANÁ,ACCID.PENF,4.0
MCE1,2023,10,ALTO PARANÁ,PROG.PENF,0.609064684130724
MCE1,2023,10,ALTO PARANÁ,PROD.PENF,1683.64183095353
MCE1,2023,10,ALTO PARANÁ,TOTAL PENEF,67742.2746278721
MCE2,2023,10,ALTO PARANÁ,ACCID.DEP,6.0
MCE2,2023,10,ALTO PARANÁ,PROG.DEP,0.889589186310996
MCE2,2023,10,ALTO PARANÁ,PROD.DEP,1078.88664051799
MCE2,2023,10,ALTO PARANÁ,TOTAL DEP,66863.0199348478
MCE2,2023,10,ALTO PARANÁ,ACCID.FEP,9.0
MCE2,2023,10,ALTO PARANÁ,PROG.FEP,0.828444618692709
MCE2,2023,10,ALTO PARANÁ,PROD.FEP,3748.20782858617
MCE2,2023,10,ALTO PARANÁ,TOTAL FEP,68494.2020141502
MCE2,2023,10,ALTO PARANÁ,ACCID.PENF,8.0
MCE2,2023,10,ALTO PARANÁ,PROG.PENF,0.525133503502715
MCE2,2023,10,ALTO PARANÁ,PROD.PENF,4308.36977658394
MCE2,2023,10,ALTO PARANÁ,TOTAL PENEF,62072.0367304195
MCE3,2023,10,ALTO PARANÁ,ACCID.DEP,5.0
MCE3,2023,10,ALTO PARANÁ,PROG.DEP,0.205555766284115
MCE3,2023,10,ALTO PARANÁ,PROD.DEP,4461.2938388076
MCE3,2023,10,ALTO PARANÁ,TOTAL DEP,55978.6118475799
MCE3,2023,10,ALTO PARANÁ,ACCID.FEP,1.0
MCE3,2023,10,ALTO PARANÁ,PROG.FEP,0.269679902498798
MCE3,2023,10,ALTO PARANÁ,PROD.FEP,4017.17608484577
MCE3,2023,10,ALTO PARANÁ,TOTAL FEP,51032.9579970284
MCE3,2023,10,ALTO PARANÁ,ACCID.PENF,4.0
MCE3,2023,10,ALTO PARANÁ,PROG.PENF,0.84537404364988
MCE3,2023,10,ALTO PARANÁ,PROD.PENF,3686.06568510935
MCE3,2023,10,ALTO PARANÁ,TOTAL PENEF,67628.2124422897
MCE4,2023,10,ALTO PARANÁ,ACCID.DEP,2.0
MCE4,2023,10,ALTO PARANÁ,PROG.DEP,0.510794345793752
MCE4,2023,10,ALTO PARANÁ,PROD.DEP,1894.31049241107
MCE4,2023,10,ALTO PARANÁ,TOTAL DEP,51349.2425962011
MCE4,2023,10,ALTO PARANÁ,ACCID.FEP,1.0
MCE4,2023,10,ALTO PARANÁ,PROG.FEP,0.618531261021881
MCE4,2023,10,ALTO PARANÁ,PROD.FEP,1769.72128119535
MCE4,2023,10,ALTO PARANÁ,TOTAL FEP,65222.8149855764
MCE4,2023,10,ALTO PARANÁ,ACCID.PENF,0.0
MCE4,2023,10,ALTO PARANÁ,PROG.PENF,0.51154180963344
MCE4,2023,10,ALTO PARANÁ,PROD.PENF,3880.56508803964
MCE4,2023,10,ALTO PARANÁ,TOTAL PENEF,55962.3205756932
K305,2023,10,ALTO PARANÁ,TOTAL PENEF,55661.6824534356
K305,2023,10,ALTO PARANÁ,PROG.PENF,0.886832114825671
K307,2023,10,ALTO PARANÁ,ACCID.PENF,6.0
MCE5,2023,10,ALTO PARANÁ,ACCID.DEP,0.0
MCE5,2023,10,ALTO PARANÁ,PROG.DEP,0.139032119429719
MCE5,2023,10,ALTO PARANÁ,PROG.FEP,0.998559327383232
MCE5,2023,10,ALTO PARANÁ,PROD.FEP,1505.46495026263
MCE5,2023,10,ALTO PARANÁ,TOTAL FEP,53387.0767483387
MCE5,2023,10,ALTO PARANÁ,ACCID.PENF,2.0
MCE5,2023,10,ALTO PARANÁ,PROG.PENF,0.822276045716101
MCE5,2023,10,ALTO PARANÁ,TOTAL DEP,52274.731632918
MCE5,2023,10,ALTO PARANÁ,TOTAL PENEF,68783.7913632956
MCE6,2023,10,ALTO PARANÁ,ACCID.DEP,1.0
MCE6,2023,10,ALTO PARANÁ,PROG.DEP,0.628698615398862
MCE6,2023,10,ALTO PARANÁ,PROD.DEP,2888.13581036584
MCE6,2023,10,ALTO PARANÁ,TOTAL DEP,59087.3398901222
MCE6,2023,10,ALTO PARANÁ,ACCID.FEP,5.0
MCE6,2023,10,ALTO PARANÁ,PROG.FEP,0.490723779224623
MCE6,2023,10,ALTO PARANÁ,PROD.FEP,3305.15024835498
MCE6,2023,10,ALTO PARANÁ,TOTAL FEP,58520.251677087
MCE6,2023,10,ALTO PARANÁ,ACCID.PENF,4.0
MCE6,2023,10,ALTO PARANÁ,PROG.PENF,0.83125781525168
MCE6,2023,10,ALTO PARANÁ,PROD.PENF,3098.04260104726
MCE6,2023,10,ALTO PARANÁ,TOTAL PENEF,51001.6473623131
MCE7,2023,10,ALTO PARANÁ,ACCID.DEP,1.0
MCE7,2023,10,ALTO PARANÁ,PROG.DEP,0.768219330405141
MCE7,2023,10,ALTO PARANÁ,PROD.DEP,1306.96227277773
MCE7,2023,10,ALTO PARANÁ,TOTAL DEP,66010.9171390556
MCE7,2023,10,ALTO PARANÁ,ACCID.FEP,8.0
MCE7,2023,10,ALTO PARANÁ,PROG.FEP,0.120549065966946
MCE7,2023,10,ALTO PARANÁ,PROD.FEP,2223.23879597115
MCE7,2023,10,ALTO PARANÁ,TOTAL FEP,65809.1008830064
MCE7,2023,10,ALTO PARANÁ,ACCID.PENF,2.0
MCE7,2023,10,ALTO PARANÁ,PROG.PENF,0.593547385213095
MCE7,2023,10,ALTO PARANÁ,PROD.PENF,1861.398670765
MCE7,2023,10,ALTO PARANÁ,TOTAL PENEF,65688.9473235047
MPO1,2023,10,ALTO PARANÁ,ACCID.DEP,1.0
MPO1,2023,10,ALTO PARANÁ,PROG.DEP,0.592882346355484
MPO1,2023,10,ALTO PARANÁ,PROD.DEP,3886.11656354314
MPO1,2023,10,ALTO PARANÁ,TOTAL DEP,60572.5257453989
MPO1,2023,10,ALTO PARANÁ,ACCID.FEP,1.0
MPO1,2023,10,ALTO PARANÁ,PROG.FEP,0.131122168546725
MPO1,2023,10,ALTO PARANÁ,PROD.FEP,3975.58336621264
MPO1,2023,10,ALTO PARANÁ,TOTAL FEP,56067.9077647639
MPO1,2023,10,ALTO PARANÁ,ACCID.PENF,3.0
MPO1,2023,10,ALTO PARANÁ,PROG.PENF,0.576213074834576
MPO1,2023,10,ALTO PARANÁ,PROD.PENF,3795.86908151311
MPO1,2023,10,ALTO PARANÁ,TOTAL PENEF,54742.9252526045
MPO2,2023,10,CANINDEYU,ACCID.DEP,9.0
MPO2,2023,10,CANINDEYU,PROG.DEP,0.290829288550323
MPO2,2023,10,CANINDEYU,PROD.DEP,2381.25873781493
MPO2,2023,10,CANINDEYU,TOTAL DEP,59434.6582601207
MPO2,2023,10,CANINDEYU,ACCID.FEP,7.0
MPO2,2023,10,CANINDEYU,PROG.FEP,0.979868221333233
MPO2,2023,10,CANINDEYU,PROD.FEP,2770.79781998868
MPO2,2023,10,CANINDEYU,TOTAL FEP,58503.5870204598
MPO2,2023,10,CANINDEYU,ACCID.PENF,1.0
MPO2,2023,10,CANINDEYU,PROG.PENF,0.164412214400091
MPO2,2023,10,CANINDEYU,PROD.PENF,2039.31448690734
MPO2,2023,10,CANINDEYU,TOTAL PENEF,62204.9875271886
MPO3,2023,10,ALTO PARANÁ,ACCID.DEP,3.0
MPO3,2023,10,ALTO PARANÁ,PROG.DEP,0.69540838091876
MPO3,2023,10,ALTO PARANÁ,PROD.DEP,4625.95612420216
MPO3,2023,10,ALTO PARANÁ,TOTAL DEP,50555.8163515012
MPO3,2023,10,ALTO PARANÁ,ACCID.FEP,6.0
MPO3,2023,10,ALTO PARANÁ,PROG.FEP,0.739900726836018
MPO3,2023,10,ALTO PARANÁ,PROD.FEP,1257.87450299444
MPO3,2023,10,ALTO PARANÁ,TOTAL FEP,57795.1378120058
MPO3,2023,10,ALTO PARANÁ,ACCID.PENF,9.0
MPO3,2023,10,ALTO PARANÁ,PROG.PENF,0.989700475096122
MPO3,2023,10,ALTO PARANÁ,PROD.PENF,1705.02911235935
MPO3,2023,10,ALTO PARANÁ,TOTAL PENEF,68785.4722186382
NAR2,2023,10,ALTO PARANÁ,ACCID.DEP,5.0
NAR2,2023,10,ALTO PARANÁ,PROG.DEP,0.980921608822881
NAR2,2023,10,ALTO PARANÁ,PROD.DEP,4745.68778040692
NAR2,2023,10,ALTO PARANÁ,TOTAL DEP,68810.193295892
NAR2,2023,10,ALTO PARANÁ,ACCID.FEP,3.0
NAR2,2023,10,ALTO PARANÁ,PROG.FEP,0.170884851259517
NAR2,2023,10,ALTO PARANÁ,PROD.FEP,2754.41703898879
NAR2,2023,10,ALTO PARANÁ,TOTAL FEP,55985.9661105681
NAR2,2023,10,ALTO PARANÁ,ACCID.PENF,2.0
NAR2,2023,10,ALTO PARANÁ,PROG.PENF,0.368450422718144
NAR2,2023,10,ALTO PARANÁ,PROD.PENF,1301.25049713108
NAR2,2023,10,ALTO PARANÁ,TOTAL PENEF,57636.0159985
NAR4,2023,10,ALTO PARANÁ,ACCID.DEP,6.0
NAR4,2023,10,ALTO PARANÁ,PROG.DEP,0.821456203761773
NAR4,2023,10,ALTO PARANÁ,PROD.DEP,4200.73967902919
NAR4,2023,10,ALTO PARANÁ,TOTAL DEP,53259.9739016027
NAR4,2023,10,ALTO PARANÁ,ACCID.FEP,4.0
NAR4,2023,10,ALTO PARANÁ,PROG.FEP,0.674139712696837
NAR4,2023,10,ALTO PARANÁ,PROD.FEP,2154.61092453618
NAR4,2023,10,ALTO PARANÁ,TOTAL FEP,62315.1194214343
NAR4,2023,10,ALTO PARANÁ,ACCID.PENF,6.0
NAR4,2023,10,ALTO PARANÁ,PROG.PENF,0.701201334969616
NAR4,2023,10,ALTO PARANÁ,PROD.PENF,2062.05429208946
NAR4,2023,10,ALTO PARANÁ,TOTAL PENEF,61889.0462893212
NAR5,2023,10,ALTO PARANÁ,ACCID.DEP,1.0
NAR5,2023,10,ALTO PARANÁ,PROG.DEP,0.967901175505183
NAR5,2023,10,ALTO PARANÁ,PROD.DEP,3593.43980392114
NAR5,2023,10,ALTO PARANÁ,TOTAL DEP,63699.5982797348
MCE5,2023,10,ALTO PARANÁ,PROD.DEP,3421.99829525081
MCE5,2023,10,ALTO PARANÁ,PROD.PENF,3403.73023889332
MCE5,2023,10,ALTO PARANÁ,ACCID.FEP,0.0
NAR5,2023,10,ALTO PARANÁ,ACCID.FEP,5.0
NAR5,2023,10,ALTO PARANÁ,ACCID.PENF,4.0
NAR5,2023,10,ALTO PARANÁ,PROG.PENF,0.539931264607322
NAR5,2023,10,ALTO PARANÁ,PROD.PENF,2308.86567966218
NAR5,2023,10,ALTO PARANÁ,TOTAL PENEF,51919.4417303906
NAR6,2023,10,ALTO PARANÁ,ACCID.DEP,4.0
NAR6,2023,10,ALTO PARANÁ,PROG.DEP,0.284472183011813
NAR6,2023,10,ALTO PARANÁ,PROD.DEP,3422.16294723573
NAR6,2023,10,ALTO PARANÁ,TOTAL DEP,64958.8133396606
NAR5,2023,10,ALTO PARANÁ,PROD.FEP,2021.49362324807
NAR5,2023,10,ALTO PARANÁ,TOTAL FEP,56081.032043403
NAR6,2023,10,ALTO PARANÁ,PROD.FEP,3474.12327477999
NAR6,2023,10,ALTO PARANÁ,ACCID.FEP,1.0
NAR6,2023,10,ALTO PARANÁ,ACCID.PENF,3.0
NAR6,2023,10,ALTO PARANÁ,PROG.PENF,0.648336318748267
NAR6,2023,10,ALTO PARANÁ,PROD.PENF,2893.11063215472
NAR6,2023,10,ALTO PARANÁ,TOTAL PENEF,66686.4304922072
NAR8,2023,10,ALTO PARANÁ,ACCID.DEP,8.0
NAR8,2023,10,ALTO PARANÁ,PROG.DEP,0.720451325610693
NAR8,2023,10,ALTO PARANÁ,PROD.DEP,4520.84575182802
NAR6,2023,10,ALTO PARANÁ,TOTAL FEP,60774.5762985865
NAR8,2023,10,ALTO PARANÁ,ACCID.FEP,1.0
NAR8,2023,10,ALTO PARANÁ,PROG.FEP,0.765776751227862
NAR8,2023,10,ALTO PARANÁ,PROD.FEP,1964.55842886805
NAR8,2023,10,ALTO PARANÁ,TOTAL FEP,54215.8334439228
NAR8,2023,10,ALTO PARANÁ,ACCID.PENF,6.0
NAR8,2023,10,ALTO PARANÁ,PROG.PENF,0.291944522562739
NAR8,2023,10,ALTO PARANÁ,PROD.PENF,3292.95026112276
NAR8,2023,10,ALTO PARANÁ,TOTAL PENEF,55928.1776824506
PBU1,2023,10,ALTO PARANÁ,ACCID.DEP,8.0
PBU1,2023,10,ALTO PARANÁ,PROG.DEP,0.76700756308241
PBU1,2023,10,ALTO PARANÁ,PROD.DEP,2500.88178600335
PBU1,2023,10,ALTO PARANÁ,TOTAL DEP,55419.0244610461
PBU1,2023,10,ALTO PARANÁ,ACCID.FEP,8.0
PBU1,2023,10,ALTO PARANÁ,PROG.FEP,0.473440200520841
PBU1,2023,10,ALTO PARANÁ,PROD.FEP,2295.50070590932
PBU1,2023,10,ALTO PARANÁ,TOTAL FEP,57704.6712702885
PBU1,2023,10,ALTO PARANÁ,ACCID.PENF,8.0
PBU1,2023,10,ALTO PARANÁ,PROG.PENF,0.374316144800469
PBU1,2023,10,ALTO PARANÁ,PROD.PENF,4446.84384586017
PBU1,2023,10,ALTO PARANÁ,TOTAL PENEF,57617.7238218784
PBU2,2023,10,ALTO PARANÁ,ACCID.DEP,6.0
PBU2,2023,10,ALTO PARANÁ,PROG.DEP,0.295545461444804
PBU2,2023,10,ALTO PARANÁ,PROD.DEP,2029.15188148894
PBU2,2023,10,ALTO PARANÁ,TOTAL DEP,61125.4333718299
PBU2,2023,10,ALTO PARANÁ,ACCID.FEP,8.0
PBU2,2023,10,ALTO PARANÁ,PROG.FEP,0.655164563537753
PBU2,2023,10,ALTO PARANÁ,PROD.FEP,4648.18269346343
PBU2,2023,10,ALTO PARANÁ,TOTAL FEP,50212.6871623793
PBU2,2023,10,ALTO PARANÁ,ACCID.PENF,5.0
PBU2,2023,10,ALTO PARANÁ,PROG.PENF,0.654901200799261
PBU2,2023,10,ALTO PARANÁ,PROD.PENF,4158.60689854644
PBU2,2023,10,ALTO PARANÁ,TOTAL PENEF,64969.143647867
PBU3,2023,10,ALTO PARANÁ,ACCID.DEP,8.0
PBU3,2023,10,ALTO PARANÁ,PROG.DEP,0.36597719556534
PBU3,2023,10,ALTO PARANÁ,PROD.DEP,4913.51860910727
PBU3,2023,10,ALTO PARANÁ,TOTAL DEP,65483.5259158055
PBU3,2023,10,ALTO PARANÁ,ACCID.FEP,1.0
PBU3,2023,10,ALTO PARANÁ,PROG.FEP,0.538201139022551
PBU3,2023,10,ALTO PARANÁ,PROD.FEP,1008.65621053919
PBU3,2023,10,ALTO PARANÁ,TOTAL FEP,51965.6381476752
PBU3,2023,10,ALTO PARANÁ,ACCID.PENF,8.0
PBU3,2023,10,ALTO PARANÁ,PROG.PENF,0.193838248708703
PBU3,2023,10,ALTO PARANÁ,PROD.PENF,1029.15610001214
PBU3,2023,10,ALTO PARANÁ,TOTAL PENEF,57875.4579987036
PBU4,2023,10,ALTO PARANÁ,ACCID.DEP,7.0
PBU4,2023,10,ALTO PARANÁ,PROG.DEP,0.671220771752641
PBU4,2023,10,ALTO PARANÁ,PROD.DEP,2755.62116407827
PBU4,2023,10,ALTO PARANÁ,TOTAL DEP,62803.7391767517
PBU4,2023,10,ALTO PARANÁ,ACCID.FEP,1.0
PBU4,2023,10,ALTO PARANÁ,PROG.FEP,0.23396589887769
PBU4,2023,10,ALTO PARANÁ,PROD.FEP,4708.62383295305
PBU4,2023,10,ALTO PARANÁ,TOTAL FEP,50875.1577180687
PBU4,2023,10,ALTO PARANÁ,ACCID.PENF,3.0
PBU4,2023,10,ALTO PARANÁ,PROG.PENF,0.705346356666438
PBU4,2023,10,ALTO PARANÁ,PROD.PENF,3625.72592128621
PBU4,2023,10,ALTO PARANÁ,TOTAL PENEF,66429.4648154282
PBU5,2023,10,ALTO PARANÁ,ACCID.DEP,8.0
PBU5,2023,10,ALTO PARANÁ,PROD.DEP,3009.39823619563
PBU5,2023,10,ALTO PARANÁ,TOTAL DEP,57638.4096235607
PBU5,2023,10,ALTO PARANÁ,PROG.DEP,0.968386313752438
PBU5,2023,10,ALTO PARANÁ,ACCID.FEP,4.0
PBU5,2023,10,ALTO PARANÁ,PROG.FEP,0.875042351968166
PBU5,2023,10,ALTO PARANÁ,PROD.FEP,1106.01746335497
PBU5,2023,10,ALTO PARANÁ,TOTAL FEP,64024.2419507897
PBU5,2023,10,ALTO PARANÁ,ACCID.PENF,8.0
PBU5,2023,10,ALTO PARANÁ,PROG.PENF,0.152474452203009
NAR5,2023,10,ALTO PARANÁ,PROG.FEP,0.753282831853054
PBU5,2023,10,ALTO PARANÁ,TOTAL PENEF,51695.8800195012
PFO1,2023,10,ALTO PARANÁ,ACCID.DEP,6.0
PFO1,2023,10,ALTO PARANÁ,PROG.DEP,0.83351940133558
PFO1,2023,10,ALTO PARANÁ,PROD.DEP,4342.44423148261
PFO1,2023,10,ALTO PARANÁ,TOTAL DEP,51211.8435911954
PFO1,2023,10,ALTO PARANÁ,ACCID.FEP,0.0
PFO1,2023,10,ALTO PARANÁ,PROG.FEP,0.54368656198334
PFO1,2023,10,ALTO PARANÁ,PROD.FEP,1317.71392710548
PFO1,2023,10,ALTO PARANÁ,TOTAL FEP,58574.6336693502
NAR6,2023,10,ALTO PARANÁ,PROG.FEP,0.238341514264785
PBU5,2023,10,ALTO PARANÁ,PROD.PENF,1093.27664855662
NAR8,2023,10,ALTO PARANÁ,TOTAL DEP,66177.4538243413
PFO1,2023,10,ALTO PARANÁ,ACCID.PENF,2.0
PFO10,2023,10,ALTO PARANÁ,ACCID.DEP,0.0
PFO10,2023,10,ALTO PARANÁ,PROG.DEP,0.636704835358014
PFO10,2023,10,ALTO PARANÁ,PROD.DEP,2911.73881766767
PFO10,2023,10,ALTO PARANÁ,TOTAL DEP,62627.8597425976
PFO10,2023,10,ALTO PARANÁ,ACCID.FEP,9.0
PFO10,2023,10,ALTO PARANÁ,PROG.FEP,0.383961501505526
PFO10,2023,10,ALTO PARANÁ,PROD.FEP,2143.6109208189
PFO10,2023,10,ALTO PARANÁ,TOTAL FEP,68509.0421617487
PFO10,2023,10,ALTO PARANÁ,ACCID.PENF,4.0
PFO10,2023,10,ALTO PARANÁ,PROG.PENF,0.912134094159815
PFO10,2023,10,ALTO PARANÁ,PROD.PENF,3340.59864108207
PFO10,2023,10,ALTO PARANÁ,TOTAL PENEF,59156.4107685579
PFO11,2023,10,ALTO PARANÁ,ACCID.DEP,7.0
PFO11,2023,10,ALTO PARANÁ,PROG.DEP,0.613572444039296
PFO11,2023,10,ALTO PARANÁ,PROD.DEP,1659.34729398419
PFO11,2023,10,ALTO PARANÁ,TOTAL DEP,56502.6472053446
PFO11,2023,10,ALTO PARANÁ,ACCID.FEP,8.0
PFO11,2023,10,ALTO PARANÁ,PROG.FEP,0.728010827971025
PFO11,2023,10,ALTO PARANÁ,PROD.FEP,1366.68987582892
PFO11,2023,10,ALTO PARANÁ,TOTAL FEP,50324.4081321039
PFO11,2023,10,ALTO PARANÁ,ACCID.PENF,6.0
PFO11,2023,10,ALTO PARANÁ,PROG.PENF,0.764543473043324
PFO11,2023,10,ALTO PARANÁ,PROD.PENF,2413.0565013967
PFO11,2023,10,ALTO PARANÁ,TOTAL PENEF,56962.4441719467
PFO12,2023,10,ALTO PARANÁ,ACCID.DEP,6.0
PFO12,2023,10,ALTO PARANÁ,PROG.DEP,0.157602251610098
PFO12,2023,10,ALTO PARANÁ,PROD.DEP,1005.51164011268
PFO12,2023,10,ALTO PARANÁ,TOTAL DEP,50757.0459836465
PFO12,2023,10,ALTO PARANÁ,ACCID.FEP,9.0
PFO12,2023,10,ALTO PARANÁ,PROG.FEP,0.268059585467843
PFO12,2023,10,ALTO PARANÁ,PROD.FEP,2782.21638033951
PFO12,2023,10,ALTO PARANÁ,TOTAL FEP,58661.6663924654
PFO12,2023,10,ALTO PARANÁ,ACCID.PENF,9.0
PFO12,2023,10,ALTO PARANÁ,PROG.PENF,0.799200634542417
PFO12,2023,10,ALTO PARANÁ,PROD.PENF,1300.84001803538
PFO12,2023,10,ALTO PARANÁ,TOTAL PENEF,59211.0767985462
PFO14,2023,10,ALTO PARANÁ,ACCID.DEP,7.0
PFO14,2023,10,ALTO PARANÁ,PROG.DEP,0.992888207067925
PFO14,2023,10,ALTO PARANÁ,PROD.DEP,2059.22102783277
PFO14,2023,10,ALTO PARANÁ,TOTAL DEP,56185.7927412765
PFO14,2023,10,ALTO PARANÁ,ACCID.FEP,5.0
PFO14,2023,10,ALTO PARANÁ,PROG.FEP,0.3211310615992
PFO14,2023,10,ALTO PARANÁ,PROD.FEP,3616.72975348809
PFO14,2023,10,ALTO PARANÁ,TOTAL FEP,53568.9442249802
PFO14,2023,10,ALTO PARANÁ,ACCID.PENF,8.0
PFO14,2023,10,ALTO PARANÁ,PROG.PENF,0.266844652144372
PFO14,2023,10,ALTO PARANÁ,PROD.PENF,4535.82290008292
PFO14,2023,10,ALTO PARANÁ,TOTAL PENEF,60712.6647618329
PFO15,2023,10,ALTO PARANÁ,ACCID.DEP,1.0
PFO15,2023,10,ALTO PARANÁ,PROG.DEP,0.120914746528877
PFO15,2023,10,ALTO PARANÁ,PROD.DEP,3172.30108948777
PFO15,2023,10,ALTO PARANÁ,TOTAL DEP,68072.4296873074
PFO15,2023,10,ALTO PARANÁ,ACCID.FEP,1.0
PFO15,2023,10,ALTO PARANÁ,PROG.FEP,0.583535154147867
PFO15,2023,10,ALTO PARANÁ,PROD.FEP,2197.65943536962
PFO15,2023,10,ALTO PARANÁ,TOTAL FEP,57294.5871245251
PFO15,2023,10,ALTO PARANÁ,ACCID.PENF,7.0
PFO15,2023,10,ALTO PARANÁ,PROG.PENF,0.245930603646601
PFO15,2023,10,ALTO PARANÁ,PROD.PENF,3962.09153467781
PFO15,2023,10,ALTO PARANÁ,TOTAL PENEF,62563.5199691467
PFO16,2023,10,ALTO PARANÁ,ACCID.DEP,9.0
PFO16,2023,10,ALTO PARANÁ,PROG.DEP,0.676615603888129
PFO16,2023,10,ALTO PARANÁ,PROD.DEP,2814.62151210097
PFO16,2023,10,ALTO PARANÁ,TOTAL DEP,60334.437679506
PFO16,2023,10,ALTO PARANÁ,ACCID.FEP,4.0
PFO16,2023,10,ALTO PARANÁ,PROG.FEP,0.909591535380289
PFO16,2023,10,ALTO PARANÁ,PROD.FEP,3229.33292818139
PFO16,2023,10,ALTO PARANÁ,TOTAL FEP,57404.3112074847
PFO16,2023,10,ALTO PARANÁ,ACCID.PENF,1.0
PFO16,2023,10,ALTO PARANÁ,PROG.PENF,0.258102955848964
PFO16,2023,10,ALTO PARANÁ,PROD.PENF,1910.21931101016
PFO16,2023,10,ALTO PARANÁ,TOTAL PENEF,63979.9347918877
PFO17,2023,10,ALTO PARANÁ,ACCID.DEP,9.0
PFO17,2023,10,ALTO PARANÁ,PROG.DEP,0.287119107503247
PFO17,2023,10,ALTO PARANÁ,PROD.DEP,4808.31300571213
PFO17,2023,10,ALTO PARANÁ,TOTAL DEP,65865.1257824485
PFO17,2023,10,ALTO PARANÁ,ACCID.FEP,2.0
PFO17,2023,10,ALTO PARANÁ,PROG.FEP,0.485386182734
PFO17,2023,10,ALTO PARANÁ,PROD.FEP,1519.21580835605
PFO17,2023,10,ALTO PARANÁ,TOTAL FEP,67037.7769199477
PFO17,2023,10,ALTO PARANÁ,ACCID.PENF,5.0
PFO17,2023,10,ALTO PARANÁ,PROG.PENF,0.818952241668754
PFO17,2023,10,ALTO PARANÁ,PROD.PENF,1961.86516106789
PFO17,2023,10,ALTO PARANÁ,TOTAL PENEF,65217.7124077089
PFO2,2023,10,ALTO PARANÁ,ACCID.DEP,8.0
PFO2,2023,10,ALTO PARANÁ,PROG.DEP,0.343209345342063
PFO2,2023,10,ALTO PARANÁ,PROD.DEP,2500.3460732676
PFO2,2023,10,ALTO PARANÁ,TOTAL DEP,56590.7369689662
PFO2,2023,10,ALTO PARANÁ,ACCID.FEP,7.0
PFO2,2023,10,ALTO PARANÁ,PROG.FEP,0.911952524879602
PFO2,2023,10,ALTO PARANÁ,PROD.FEP,1532.24920344944
PFO2,2023,10,ALTO PARANÁ,TOTAL FEP,50198.8310221053
PFO2,2023,10,ALTO PARANÁ,ACCID.PENF,0.0
PFO2,2023,10,ALTO PARANÁ,PROG.PENF,0.638401372608851
PFO2,2023,10,ALTO PARANÁ,PROD.PENF,3175.30586372759
PFO2,2023,10,ALTO PARANÁ,TOTAL PENEF,64849.2376138514
PFO1,2023,10,ALTO PARANÁ,PROD.PENF,4161.70358553467
PFO1,2023,10,ALTO PARANÁ,TOTAL PENEF,50022.245533782
PFO1,2023,10,ALTO PARANÁ,PROG.PENF,0.438584112997424
PFO3,2023,10,ALTO PARANÁ,ACCID.DEP,8.0
PFO3,2023,10,ALTO PARANÁ,ACCID.FEP,0.0
PFO3,2023,10,ALTO PARANÁ,PROG.FEP,0.513612696175182
PFO3,2023,10,ALTO PARANÁ,PROD.FEP,2378.53157376929
PFO3,2023,10,ALTO PARANÁ,TOTAL FEP,63435.2029985686
PFO3,2023,10,ALTO PARANÁ,ACCID.PENF,1.0
PFO3,2023,10,ALTO PARANÁ,PROG.PENF,0.748790338154198
PFO3,2023,10,ALTO PARANÁ,PROD.PENF,4700.79873871587
PFO3,2023,10,ALTO PARANÁ,TOTAL PENEF,61727.8212523901
PFO4,2023,10,ALTO PARANÁ,ACCID.DEP,7.0
PFO4,2023,10,ALTO PARANÁ,PROG.DEP,0.636390284159728
PFO4,2023,10,ALTO PARANÁ,PROD.DEP,3296.25549102655
PFO4,2023,10,ALTO PARANÁ,TOTAL DEP,58044.882832259
PFO4,2023,10,ALTO PARANÁ,ACCID.FEP,9.0
PFO4,2023,10,ALTO PARANÁ,PROG.FEP,0.343123671673457
PFO4,2023,10,ALTO PARANÁ,PROD.FEP,2343.88205020842
PFO4,2023,10,ALTO PARANÁ,TOTAL FEP,65871.5506643961
PFO4,2023,10,ALTO PARANÁ,ACCID.PENF,2.0
PFO4,2023,10,ALTO PARANÁ,PROG.PENF,0.763300129061048
PFO4,2023,10,ALTO PARANÁ,PROD.PENF,3088.96351245762
PFO4,2023,10,ALTO PARANÁ,TOTAL PENEF,51889.7894134699
PFO5,2023,10,ALTO PARANÁ,ACCID.DEP,5.0
PFO5,2023,10,ALTO PARANÁ,PROG.DEP,0.540611185305449
PFO5,2023,10,ALTO PARANÁ,PROD.DEP,2816.08750588939
PFO5,2023,10,ALTO PARANÁ,TOTAL DEP,68053.8461959906
PFO3,2023,10,ALTO PARANÁ,PROD.DEP,3420.99716116921
PFO5,2023,10,ALTO PARANÁ,PROG.FEP,0.286002106290995
PFO5,2023,10,ALTO PARANÁ,PROD.FEP,1806.91939171159
PFO5,2023,10,ALTO PARANÁ,TOTAL FEP,68759.7440865372
PFO5,2023,10,ALTO PARANÁ,ACCID.PENF,6.0
PFO5,2023,10,ALTO PARANÁ,PROG.PENF,0.532827551539952
PFO5,2023,10,ALTO PARANÁ,PROD.PENF,2922.56624805478
PFO5,2023,10,ALTO PARANÁ,TOTAL PENEF,56201.9450911728
PFO6,2023,10,ALTO PARANÁ,ACCID.DEP,5.0
PFO6,2023,10,ALTO PARANÁ,PROG.DEP,0.581709647743109
PFO6,2023,10,ALTO PARANÁ,PROD.DEP,4985.15410488497
PFO6,2023,10,ALTO PARANÁ,TOTAL DEP,53153.9448941167
PFO6,2023,10,ALTO PARANÁ,ACCID.FEP,4.0
PFO6,2023,10,ALTO PARANÁ,PROG.FEP,0.151836943989516
PFO6,2023,10,ALTO PARANÁ,PROD.FEP,4818.07972902981
PFO6,2023,10,ALTO PARANÁ,TOTAL FEP,63382.1876504021
PFO6,2023,10,ALTO PARANÁ,ACCID.PENF,1.0
PFO6,2023,10,ALTO PARANÁ,PROG.PENF,0.760316850302155
PFO6,2023,10,ALTO PARANÁ,PROD.PENF,4287.29216948613
PFO6,2023,10,ALTO PARANÁ,TOTAL PENEF,58390.7056119162
PFO7,2023,10,ALTO PARANÁ,ACCID.DEP,2.0
PFO7,2023,10,ALTO PARANÁ,PROG.DEP,0.562708506218529
PFO7,2023,10,ALTO PARANÁ,PROD.DEP,3419.60486259328
PFO7,2023,10,ALTO PARANÁ,TOTAL DEP,60931.6124270504
PFO7,2023,10,ALTO PARANÁ,ACCID.FEP,7.0
PFO7,2023,10,ALTO PARANÁ,PROG.FEP,0.471582311719855
PFO7,2023,10,ALTO PARANÁ,PROD.FEP,1570.56880762681
PFO7,2023,10,ALTO PARANÁ,TOTAL FEP,63542.8187290657
PFO7,2023,10,ALTO PARANÁ,ACCID.PENF,7.0
PFO7,2023,10,ALTO PARANÁ,PROG.PENF,0.128615889821668
PFO7,2023,10,ALTO PARANÁ,PROD.PENF,4531.86232583832
PFO7,2023,10,ALTO PARANÁ,TOTAL PENEF,58324.6409954127
PFO8,2023,10,ALTO PARANÁ,ACCID.DEP,0.0
PFO8,2023,10,ALTO PARANÁ,PROG.DEP,0.105047321728601
PFO8,2023,10,ALTO PARANÁ,PROD.DEP,4242.48401781518
PFO8,2023,10,ALTO PARANÁ,TOTAL DEP,56558.8155118475
PFO8,2023,10,ALTO PARANÁ,ACCID.FEP,9.0
PFO8,2023,10,ALTO PARANÁ,PROG.FEP,0.512790232558689
PFO8,2023,10,ALTO PARANÁ,PROD.FEP,3605.05539513567
PFO8,2023,10,ALTO PARANÁ,TOTAL FEP,54832.7801940891
PFO8,2023,10,ALTO PARANÁ,ACCID.PENF,6.0
PFO8,2023,10,ALTO PARANÁ,PROG.PENF,0.223664609268249
PFO8,2023,10,ALTO PARANÁ,PROD.PENF,4657.60106717461
PFO8,2023,10,ALTO PARANÁ,TOTAL PENEF,53112.1500607798
PFO9,2023,10,ALTO PARANÁ,ACCID.DEP,6.0
PFO9,2023,10,ALTO PARANÁ,PROG.DEP,0.585769404345127
PFO9,2023,10,ALTO PARANÁ,PROD.DEP,4611.47297120305
PFO9,2023,10,ALTO PARANÁ,TOTAL DEP,50306.213934879
PFO9,2023,10,ALTO PARANÁ,ACCID.FEP,8.0
PFO9,2023,10,ALTO PARANÁ,PROG.FEP,0.871369088163309
PFO9,2023,10,ALTO PARANÁ,PROD.FEP,2524.33366230082
PFO9,2023,10,ALTO PARANÁ,TOTAL FEP,55031.5999472551
PFO9,2023,10,ALTO PARANÁ,ACCID.PENF,3.0
PFO9,2023,10,ALTO PARANÁ,PROG.PENF,0.419939076663201
PFO9,2023,10,ALTO PARANÁ,PROD.PENF,4995.80379407319
PFO9,2023,10,ALTO PARANÁ,TOTAL PENEF,64209.8857587861
PIH1,2023,10,ALTO PARANÁ,ACCID.DEP,7.0
PIH1,2023,10,ALTO PARANÁ,PROG.DEP,0.686601115570226
PIH1,2023,10,ALTO PARANÁ,PROD.DEP,4730.93603346477
PIH1,2023,10,ALTO PARANÁ,TOTAL DEP,54168.3017954276
PIH1,2023,10,ALTO PARANÁ,ACCID.FEP,6.0
PIH1,2023,10,ALTO PARANÁ,PROG.FEP,0.942568271633959
PIH1,2023,10,ALTO PARANÁ,PROD.FEP,3600.53964981223
PIH1,2023,10,ALTO PARANÁ,TOTAL FEP,66798.8100531779
PIH1,2023,10,ALTO PARANÁ,ACCID.PENF,6.0
PIH1,2023,10,ALTO PARANÁ,PROG.PENF,0.942590061328864
PIH1,2023,10,ALTO PARANÁ,PROD.PENF,3836.71138446594
PIH1,2023,10,ALTO PARANÁ,TOTAL PENEF,56138.8446828934
PIH2,2023,10,ALTO PARANÁ,ACCID.DEP,0.0
PIH2,2023,10,ALTO PARANÁ,PROG.DEP,0.851740420115448
PIH2,2023,10,ALTO PARANÁ,PROD.DEP,2713.96049473047
PIH2,2023,10,ALTO PARANÁ,TOTAL DEP,59003.5815104474
PFO3,2023,10,ALTO PARANÁ,TOTAL DEP,66442.9874435527
PFO3,2023,10,ALTO PARANÁ,PROG.DEP,0.194720573418426
PFO5,2023,10,ALTO PARANÁ,ACCID.FEP,5.0
PIH2,2023,10,ALTO PARANÁ,ACCID.FEP,0.0
PIH2,2023,10,ALTO PARANÁ,ACCID.PENF,2.0
PIH2,2023,10,ALTO PARANÁ,PROG.PENF,0.903043162556447
PIH2,2023,10,ALTO PARANÁ,PROD.PENF,3920.68881569365
PIH2,2023,10,ALTO PARANÁ,TOTAL PENEF,63751.8928805863
PIH3,2023,10,ALTO PARANÁ,ACCID.DEP,8.0
PIH3,2023,10,ALTO PARANÁ,PROG.DEP,0.558492839260688
PIH3,2023,10,ALTO PARANÁ,PROD.DEP,2019.99237865964
PIH3,2023,10,ALTO PARANÁ,TOTAL DEP,67538.8506364397
PIH3,2023,10,ALTO PARANÁ,ACCID.FEP,0.0
PIH3,2023,10,ALTO PARANÁ,PROG.FEP,0.870119416942319
PIH3,2023,10,ALTO PARANÁ,PROD.FEP,3169.32741510491
PIH3,2023,10,ALTO PARANÁ,TOTAL FEP,64832.8683899444
PIH3,2023,10,ALTO PARANÁ,ACCID.PENF,9.0
PIH3,2023,10,ALTO PARANÁ,PROG.PENF,0.962262245144186
PIH3,2023,10,ALTO PARANÁ,PROD.PENF,1121.25115729085
PIH3,2023,10,ALTO PARANÁ,TOTAL PENEF,63706.2272239735
PIH4,2023,10,ALTO PARANÁ,ACCID.DEP,2.0
PIH4,2023,10,ALTO PARANÁ,PROG.DEP,0.64080361338112
PIH4,2023,10,ALTO PARANÁ,PROD.DEP,2147.7527078249
PIH4,2023,10,ALTO PARANÁ,TOTAL DEP,63200.1578094411
PIH4,2023,10,ALTO PARANÁ,ACCID.FEP,5.0
PIH4,2023,10,ALTO PARANÁ,PROG.FEP,0.7401024824945
PIH4,2023,10,ALTO PARANÁ,PROD.FEP,2850.02580535334
PIH4,2023,10,ALTO PARANÁ,TOTAL FEP,67701.0372551251
PIH4,2023,10,ALTO PARANÁ,ACCID.PENF,7.0
PIH4,2023,10,ALTO PARANÁ,PROG.PENF,0.776328755813604
PIH4,2023,10,ALTO PARANÁ,PROD.PENF,4210.11151605344
PIH4,2023,10,ALTO PARANÁ,TOTAL PENEF,68258.7096527486
PIH5,2023,10,ALTO PARANÁ,ACCID.DEP,5.0
PIH5,2023,10,ALTO PARANÁ,PROG.DEP,0.130080272457126
PIH5,2023,10,ALTO PARANÁ,PROD.DEP,1784.14377260455
PIH5,2023,10,ALTO PARANÁ,TOTAL DEP,58488.169780291
PIH5,2023,10,ALTO PARANÁ,ACCID.FEP,5.0
PIH5,2023,10,ALTO PARANÁ,PROG.FEP,0.905790633062095
PIH5,2023,10,ALTO PARANÁ,PROD.FEP,2388.48983134106
PIH5,2023,10,ALTO PARANÁ,TOTAL FEP,63503.4014398586
PIH5,2023,10,ALTO PARANÁ,ACCID.PENF,0.0
PIH5,2023,10,ALTO PARANÁ,PROG.PENF,0.297417299048221
PIH5,2023,10,ALTO PARANÁ,PROD.PENF,2672.51172699389
PIH5,2023,10,ALTO PARANÁ,TOTAL PENEF,64844.7058832283
PIH6,2023,10,ALTO PARANÁ,ACCID.DEP,0.0
PIH6,2023,10,ALTO PARANÁ,PROG.DEP,0.438599684799292
PIH6,2023,10,ALTO PARANÁ,PROD.DEP,4082.39350728233
PIH6,2023,10,ALTO PARANÁ,TOTAL DEP,51779.7486839958
PIH6,2023,10,ALTO PARANÁ,ACCID.FEP,2.0
PIH6,2023,10,ALTO PARANÁ,PROG.FEP,0.943046058769252
PIH6,2023,10,ALTO PARANÁ,PROD.FEP,3192.6013535714
PIH6,2023,10,ALTO PARANÁ,TOTAL FEP,65750.7578470923
PIH6,2023,10,ALTO PARANÁ,ACCID.PENF,0.0
PIH6,2023,10,ALTO PARANÁ,PROG.PENF,0.989668261467559
PIH6,2023,10,ALTO PARANÁ,PROD.PENF,4338.32891960979
PIH6,2023,10,ALTO PARANÁ,TOTAL PENEF,58830.8748009722
SGA1,2023,10,CANINDEYU,ACCID.DEP,5.0
SGA1,2023,10,CANINDEYU,PROG.DEP,0.131615197462092
SGA1,2023,10,CANINDEYU,PROD.DEP,3312.44807968394
SGA1,2023,10,CANINDEYU,TOTAL DEP,66729.9397024142
SGA1,2023,10,CANINDEYU,ACCID.FEP,8.0
SGA1,2023,10,CANINDEYU,PROG.FEP,0.21169202157074
SGA1,2023,10,CANINDEYU,PROD.FEP,3501.11886563357
SGA1,2023,10,CANINDEYU,TOTAL FEP,66892.7703045887
SGA1,2023,10,CANINDEYU,ACCID.PENF,4.0
SGA1,2023,10,CANINDEYU,PROG.PENF,0.894413379938571
SGA1,2023,10,CANINDEYU,PROD.PENF,3916.9808579753
SGA1,2023,10,CANINDEYU,TOTAL PENEF,54970.7159862961
SGA2,2023,10,CANINDEYU,ACCID.DEP,0.0
SGA2,2023,10,CANINDEYU,PROG.DEP,0.857875099863253
SGA2,2023,10,CANINDEYU,PROD.DEP,2473.95970517776
SGA2,2023,10,CANINDEYU,TOTAL DEP,53191.3319334313
SGA2,2023,10,CANINDEYU,ACCID.FEP,3.0
SGA2,2023,10,CANINDEYU,PROG.FEP,0.488584612538911
SGA2,2023,10,CANINDEYU,PROD.FEP,2598.78604094109
SGA2,2023,10,CANINDEYU,TOTAL FEP,69355.2517836385
SGA2,2023,10,CANINDEYU,ACCID.PENF,0.0
SGA2,2023,10,CANINDEYU,PROG.PENF,0.364259677309107
SGA2,2023,10,CANINDEYU,PROD.PENF,4657.43955105869
SGA2,2023,10,CANINDEYU,TOTAL PENEF,67980.0445503818
SGA3,2023,10,CANINDEYU,ACCID.DEP,2.0
SGA3,2023,10,CANINDEYU,PROG.DEP,0.998363136676182
SGA3,2023,10,CANINDEYU,PROD.DEP,3126.77347242256
SGA3,2023,10,CANINDEYU,TOTAL DEP,62198.8199249945
SGA3,2023,10,CANINDEYU,ACCID.FEP,4.0
SGA3,2023,10,CANINDEYU,PROG.FEP,0.249657698121139
SGA3,2023,10,CANINDEYU,PROD.FEP,1090.89005138978
SGA3,2023,10,CANINDEYU,TOTAL FEP,59661.2246791995
SGA3,2023,10,CANINDEYU,ACCID.PENF,4.0
SGA3,2023,10,CANINDEYU,PROG.PENF,0.44331754271714
SGA3,2023,10,CANINDEYU,PROD.PENF,4151.73238424366
SGA3,2023,10,CANINDEYU,TOTAL PENEF,57483.5323527885
SGA4,2023,10,CANINDEYU,ACCID.DEP,7.0
SGA4,2023,10,CANINDEYU,PROG.DEP,0.366642992216305
SGA4,2023,10,CANINDEYU,PROD.DEP,2450.64822362774
SGA4,2023,10,CANINDEYU,TOTAL DEP,60324.0503665757
SGA4,2023,10,CANINDEYU,ACCID.FEP,8.0
SGA4,2023,10,CANINDEYU,PROG.FEP,0.901190498818569
SGA4,2023,10,CANINDEYU,PROD.FEP,3444.91322856531
SGA4,2023,10,CANINDEYU,TOTAL FEP,69051.0532706906
PIH2,2023,10,ALTO PARANÁ,PROD.FEP,4174.13811337616
PIH2,2023,10,ALTO PARANÁ,TOTAL FEP,68921.327095525
PIH2,2023,10,ALTO PARANÁ,PROG.FEP,0.708585240903924
SGA4,2023,10,CANINDEYU,ACCID.PENF,5.0
SGA4,2023,10,CANINDEYU,PROG.PENF,0.735137496608928
SGA5,2023,10,CANINDEYU,PROG.DEP,0.117771580127415
SGA5,2023,10,CANINDEYU,PROD.DEP,3313.10469970719
SGA5,2023,10,CANINDEYU,TOTAL DEP,52870.423102085
SGA5,2023,10,CANINDEYU,ACCID.FEP,7.0
SGA5,2023,10,CANINDEYU,PROG.FEP,0.103115611488478
SGA5,2023,10,CANINDEYU,PROD.FEP,4913.75697464146
SGA5,2023,10,CANINDEYU,TOTAL FEP,57789.021964829
SGA5,2023,10,CANINDEYU,ACCID.PENF,3.0
SGA5,2023,10,CANINDEYU,PROG.PENF,0.664566544604882
SGA5,2023,10,CANINDEYU,PROD.PENF,1485.29287383562
SGA5,2023,10,CANINDEYU,TOTAL PENEF,57144.1576342052
SGA6,2023,10,CANINDEYU,ACCID.DEP,8.0
SGA6,2023,10,CANINDEYU,PROG.DEP,0.573695818496922
SGA6,2023,10,CANINDEYU,PROD.DEP,4197.38751387181
SGA6,2023,10,CANINDEYU,TOTAL DEP,68180.3742299171
SGA6,2023,10,CANINDEYU,ACCID.FEP,0.0
SGA6,2023,10,CANINDEYU,PROG.FEP,0.382855972223246
SGA6,2023,10,CANINDEYU,PROD.FEP,4755.57882725091
SGA6,2023,10,CANINDEYU,TOTAL FEP,62720.9902087591
SGA6,2023,10,CANINDEYU,ACCID.PENF,4.0
SGA6,2023,10,CANINDEYU,PROG.PENF,0.487943631954924
SGA6,2023,10,CANINDEYU,PROD.PENF,3702.84495525374
SGA6,2023,10,CANINDEYU,TOTAL PENEF,64862.2595949063
SRI1,2023,10,ALTO PARANÁ,ACCID.DEP,4.0
SRI1,2023,10,ALTO PARANÁ,PROG.DEP,0.45773809373027
SRI1,2023,10,ALTO PARANÁ,PROD.DEP,4806.15662266772
SRI1,2023,10,ALTO PARANÁ,TOTAL DEP,57202.3219839858
SRI1,2023,10,ALTO PARANÁ,ACCID.FEP,2.0
SRI1,2023,10,ALTO PARANÁ,PROG.FEP,0.468446088402443
SRI1,2023,10,ALTO PARANÁ,PROD.FEP,3835.49289853828
SRI1,2023,10,ALTO PARANÁ,TOTAL FEP,69096.9351844028
SRI1,2023,10,ALTO PARANÁ,ACCID.PENF,4.0
SRI1,2023,10,ALTO PARANÁ,PROG.PENF,0.850903868695335
SRI1,2023,10,ALTO PARANÁ,PROD.PENF,4374.85144832165
SRI1,2023,10,ALTO PARANÁ,TOTAL PENEF,58307.7273539842
SRI2,2023,10,ALTO PARANÁ,ACCID.DEP,2.0
SRI2,2023,10,ALTO PARANÁ,PROG.DEP,0.948860107534907
SRI2,2023,10,ALTO PARANÁ,PROD.DEP,1611.53837095558
SRI2,2023,10,ALTO PARANÁ,TOTAL DEP,56324.61434825
SRI2,2023,10,ALTO PARANÁ,ACCID.FEP,0.0
SRI2,2023,10,ALTO PARANÁ,PROG.FEP,0.437296262679353
SRI2,2023,10,ALTO PARANÁ,PROD.FEP,4127.12937412801
SGA5,2023,10,CANINDEYU,ACCID.DEP,3.0
SRI2,2023,10,ALTO PARANÁ,ACCID.PENF,4.0
SRI2,2023,10,ALTO PARANÁ,PROG.PENF,0.457193563156373
SRI2,2023,10,ALTO PARANÁ,PROD.PENF,3071.16871147678
SRI2,2023,10,ALTO PARANÁ,TOTAL PENEF,58359.1831840434
SRI3,2023,10,ALTO PARANÁ,ACCID.DEP,1.0
SRI3,2023,10,ALTO PARANÁ,PROG.DEP,0.798434621749253
SRI3,2023,10,ALTO PARANÁ,PROD.DEP,4092.55131820405
SRI3,2023,10,ALTO PARANÁ,TOTAL DEP,60374.8381840134
SRI3,2023,10,ALTO PARANÁ,ACCID.FEP,7.0
SRI3,2023,10,ALTO PARANÁ,PROG.FEP,0.180669727678103
SRI3,2023,10,ALTO PARANÁ,PROD.FEP,4496.51861347883
SRI3,2023,10,ALTO PARANÁ,TOTAL FEP,65111.3129439321
SRI3,2023,10,ALTO PARANÁ,ACCID.PENF,2.0
SRI3,2023,10,ALTO PARANÁ,PROG.PENF,0.854638021707857
SRI3,2023,10,ALTO PARANÁ,PROD.PENF,4128.5544053053
SRI3,2023,10,ALTO PARANÁ,TOTAL PENEF,57714.8501838394
SRI4,2023,10,ALTO PARANÁ,ACCID.DEP,5.0
SRI4,2023,10,ALTO PARANÁ,PROG.DEP,0.152339652584658
SRI4,2023,10,ALTO PARANÁ,PROD.DEP,3370.69803261532
SRI4,2023,10,ALTO PARANÁ,TOTAL DEP,61672.0081515222
SRI4,2023,10,ALTO PARANÁ,ACCID.FEP,2.0
SRI4,2023,10,ALTO PARANÁ,PROG.FEP,0.103576851461365
SRI4,2023,10,ALTO PARANÁ,PROD.FEP,2298.74726104615
SRI4,2023,10,ALTO PARANÁ,TOTAL FEP,50455.9906553459
SRI4,2023,10,ALTO PARANÁ,ACCID.PENF,6.0
SRI4,2023,10,ALTO PARANÁ,PROG.PENF,0.881632342675656
SRI4,2023,10,ALTO PARANÁ,PROD.PENF,3056.09082807314
SRI4,2023,10,ALTO PARANÁ,TOTAL PENEF,60657.7750077503
ACY1,2023,11,ALTO PARANÁ,ACCID.DEP,8.0
ACY1,2023,11,ALTO PARANÁ,PROG.DEP,0.217431987043802
ACY1,2023,11,ALTO PARANÁ,PROD.DEP,4307.9314989147
ACY1,2023,11,ALTO PARANÁ,TOTAL DEP,61126.5432529412
ACY1,2023,11,ALTO PARANÁ,ACCID.FEP,4.0
ACY1,2023,11,ALTO PARANÁ,PROG.FEP,0.9862591513883
SGA4,2023,10,CANINDEYU,TOTAL PENEF,62900.979903684
ACY1,2023,11,ALTO PARANÁ,TOTAL FEP,60350.9637460467
ACY1,2023,11,ALTO PARANÁ,ACCID.PENF,4.0
ACY1,2023,11,ALTO PARANÁ,PROG.PENF,0.867613367737211
ACY1,2023,11,ALTO PARANÁ,PROD.PENF,2203.46733630335
ACY1,2023,11,ALTO PARANÁ,TOTAL PENEF,60496.5044654369
ACY2,2023,11,ALTO PARANÁ,ACCID.DEP,6.0
ACY2,2023,11,ALTO PARANÁ,PROG.DEP,0.250462720647021
ACY2,2023,11,ALTO PARANÁ,PROD.DEP,4640.68191609041
ACY2,2023,11,ALTO PARANÁ,TOTAL DEP,60324.254705714
ACY2,2023,11,ALTO PARANÁ,ACCID.FEP,3.0
ACY2,2023,11,ALTO PARANÁ,PROG.FEP,0.500245299681577
ACY2,2023,11,ALTO PARANÁ,PROD.FEP,3069.99043542658
ACY2,2023,11,ALTO PARANÁ,TOTAL FEP,63014.6296620814
ACY2,2023,11,ALTO PARANÁ,ACCID.PENF,1.0
ACY2,2023,11,ALTO PARANÁ,PROG.PENF,0.646538829958659
ACY1,2023,11,ALTO PARANÁ,PROD.FEP,2929.09038288726
ACY2,2023,11,ALTO PARANÁ,TOTAL PENEF,53423.130026315
SGA4,2023,10,CANINDEYU,PROD.PENF,1556.6570517163
ACY2,2023,11,ALTO PARANÁ,PROD.PENF,3138.92054666014
SRI2,2023,10,ALTO PARANÁ,TOTAL FEP,54873.6013951502
ACY3,2023,11,ALTO PARANÁ,ACCID.DEP,3.0
ACY3,2023,11,ALTO PARANÁ,PROG.DEP,0.810234746170007
ACY3,2023,11,ALTO PARANÁ,PROG.FEP,0.390201476860243
ACY3,2023,11,ALTO PARANÁ,PROD.FEP,4879.30506613794
ACY3,2023,11,ALTO PARANÁ,TOTAL FEP,51721.1240231258
ACY3,2023,11,ALTO PARANÁ,ACCID.PENF,9.0
ACY3,2023,11,ALTO PARANÁ,PROG.PENF,0.873679664966141
ACY3,2023,11,ALTO PARANÁ,PROD.PENF,1832.30496825153
ACY3,2023,11,ALTO PARANÁ,TOTAL PENEF,55083.6984094317
ACY4,2023,11,ALTO PARANÁ,ACCID.DEP,2.0
ACY4,2023,11,ALTO PARANÁ,PROG.DEP,0.82474700634451
ACY4,2023,11,ALTO PARANÁ,PROD.DEP,2243.30126165314
ACY4,2023,11,ALTO PARANÁ,TOTAL DEP,55098.6498684246
ACY4,2023,11,ALTO PARANÁ,ACCID.FEP,9.0
ACY4,2023,11,ALTO PARANÁ,PROG.FEP,0.159189348682525
ACY4,2023,11,ALTO PARANÁ,PROD.FEP,4037.90626682899
ACY4,2023,11,ALTO PARANÁ,TOTAL FEP,67577.498427367
ACY4,2023,11,ALTO PARANÁ,ACCID.PENF,8.0
ACY4,2023,11,ALTO PARANÁ,PROG.PENF,0.774708769441631
ACY4,2023,11,ALTO PARANÁ,PROD.PENF,1824.60230014404
ACY4,2023,11,ALTO PARANÁ,TOTAL PENEF,67186.1536879192
ACY5,2023,11,ALTO PARANÁ,ACCID.DEP,1.0
ACY5,2023,11,ALTO PARANÁ,PROG.DEP,0.29808239658369
ACY5,2023,11,ALTO PARANÁ,PROD.DEP,1738.34381401962
ACY5,2023,11,ALTO PARANÁ,TOTAL DEP,51686.4716014374
ACY5,2023,11,ALTO PARANÁ,ACCID.FEP,0.0
ACY5,2023,11,ALTO PARANÁ,PROG.FEP,0.293818693972953
ACY5,2023,11,ALTO PARANÁ,PROD.FEP,2420.57437961148
ACY5,2023,11,ALTO PARANÁ,TOTAL FEP,56977.2749069975
ACY5,2023,11,ALTO PARANÁ,ACCID.PENF,3.0
ACY5,2023,11,ALTO PARANÁ,PROG.PENF,0.262836702557861
ACY5,2023,11,ALTO PARANÁ,PROD.PENF,1444.94406788492
ACY5,2023,11,ALTO PARANÁ,TOTAL PENEF,52473.5836452589
ACY6,2023,11,ALTO PARANÁ,ACCID.DEP,7.0
ACY6,2023,11,ALTO PARANÁ,PROG.DEP,0.501752173844432
ACY6,2023,11,ALTO PARANÁ,PROD.DEP,3093.01528488078
ACY3,2023,11,ALTO PARANÁ,ACCID.FEP,4.0
ACY6,2023,11,ALTO PARANÁ,ACCID.FEP,4.0
ACY6,2023,11,ALTO PARANÁ,PROG.FEP,0.424624352043186
ACY6,2023,11,ALTO PARANÁ,PROD.FEP,1948.61129519786
ACY6,2023,11,ALTO PARANÁ,TOTAL FEP,61913.2828024569
ACY6,2023,11,ALTO PARANÁ,ACCID.PENF,3.0
ACY6,2023,11,ALTO PARANÁ,PROG.PENF,0.626476894284909
ACY3,2023,11,ALTO PARANÁ,PROD.DEP,2988.46898702428
ACY6,2023,11,ALTO PARANÁ,TOTAL PENEF,62636.7623662966
ACY7,2023,11,ALTO PARANÁ,ACCID.DEP,9.0
ACY7,2023,11,ALTO PARANÁ,PROG.DEP,0.470374777997665
ACY7,2023,11,ALTO PARANÁ,PROD.DEP,3775.08936003646
ACY7,2023,11,ALTO PARANÁ,TOTAL DEP,51769.2704350034
ACY7,2023,11,ALTO PARANÁ,ACCID.FEP,3.0
ACY7,2023,11,ALTO PARANÁ,PROG.FEP,0.678576722865673
ACY7,2023,11,ALTO PARANÁ,PROD.FEP,3039.00074619426
ACY7,2023,11,ALTO PARANÁ,TOTAL FEP,51702.0158762691
ACY3,2023,11,ALTO PARANÁ,TOTAL DEP,57649.7172411852
ACY7,2023,11,ALTO PARANÁ,PROG.PENF,0.98179451257466
ACY7,2023,11,ALTO PARANÁ,PROD.PENF,2210.74144219355
ACY7,2023,11,ALTO PARANÁ,TOTAL PENEF,51073.4790011816
ACY8,2023,11,ALTO PARANÁ,ACCID.DEP,2.0
ACY8,2023,11,ALTO PARANÁ,PROG.DEP,0.313447301485654
ACY8,2023,11,ALTO PARANÁ,PROD.DEP,2763.35976828043
ACY8,2023,11,ALTO PARANÁ,TOTAL DEP,62133.9508074927
ACY6,2023,11,ALTO PARANÁ,PROD.PENF,4948.50115337017
ACY8,2023,11,ALTO PARANÁ,PROG.FEP,0.96591068650361
ACY8,2023,11,ALTO PARANÁ,PROD.FEP,2030.56206377507
ACY8,2023,11,ALTO PARANÁ,TOTAL FEP,65905.8606264083
ACY8,2023,11,ALTO PARANÁ,ACCID.PENF,3.0
ACY8,2023,11,ALTO PARANÁ,PROG.PENF,0.578187027665388
ACY8,2023,11,ALTO PARANÁ,PROD.PENF,3666.36050303058
ACY8,2023,11,ALTO PARANÁ,TOTAL PENEF,57135.2350149231
ACY9,2023,11,ALTO PARANÁ,ACCID.DEP,3.0
ACY9,2023,11,ALTO PARANÁ,PROG.DEP,0.206615133115187
ACY9,2023,11,ALTO PARANÁ,PROD.DEP,1599.74357043144
ACY9,2023,11,ALTO PARANÁ,TOTAL DEP,56813.2840005478
ACY9,2023,11,ALTO PARANÁ,ACCID.FEP,2.0
ACY9,2023,11,ALTO PARANÁ,PROG.FEP,0.447081068662037
ACY9,2023,11,ALTO PARANÁ,PROD.FEP,4836.26111387771
ACY9,2023,11,ALTO PARANÁ,TOTAL FEP,56796.5430185091
ACY9,2023,11,ALTO PARANÁ,ACCID.PENF,8.0
ACY9,2023,11,ALTO PARANÁ,PROG.PENF,0.283133580244041
ACY9,2023,11,ALTO PARANÁ,PROD.PENF,3708.80476558551
ACY9,2023,11,ALTO PARANÁ,TOTAL PENEF,67424.7104512838
APR10,2023,11,ALTO PARANÁ,ACCID.DEP,3.0
APR10,2023,11,ALTO PARANÁ,PROG.DEP,0.821578090819926
APR10,2023,11,ALTO PARANÁ,PROD.DEP,1975.71355989086
APR10,2023,11,ALTO PARANÁ,TOTAL DEP,64903.0549597064
APR10,2023,11,ALTO PARANÁ,ACCID.FEP,7.0
APR10,2023,11,ALTO PARANÁ,PROG.FEP,0.265974895358699
APR10,2023,11,ALTO PARANÁ,PROD.FEP,4986.42130106864
APR10,2023,11,ALTO PARANÁ,TOTAL FEP,69082.515346684
APR10,2023,11,ALTO PARANÁ,ACCID.PENF,5.0
APR10,2023,11,ALTO PARANÁ,PROG.PENF,0.64987526237656
APR10,2023,11,ALTO PARANÁ,PROD.PENF,4696.09877913569
APR10,2023,11,ALTO PARANÁ,TOTAL PENEF,64052.249819288
APR11,2023,11,ALTO PARANÁ,ACCID.DEP,8.0
APR11,2023,11,ALTO PARANÁ,PROG.DEP,0.416647993398603
APR11,2023,11,ALTO PARANÁ,PROD.DEP,1494.29016243047
APR11,2023,11,ALTO PARANÁ,TOTAL DEP,56336.9872112073
ACY6,2023,11,ALTO PARANÁ,TOTAL DEP,60730.7738801239
ACY7,2023,11,ALTO PARANÁ,ACCID.PENF,3.0
ACY8,2023,11,ALTO PARANÁ,ACCID.FEP,8.0
APR11,2023,11,ALTO PARANÁ,ACCID.FEP,8.0
APR11,2023,11,ALTO PARANÁ,ACCID.PENF,6.0
APR11,2023,11,ALTO PARANÁ,PROG.PENF,0.708262339022202
APR11,2023,11,ALTO PARANÁ,PROD.PENF,4186.51379251293
APR11,2023,11,ALTO PARANÁ,TOTAL PENEF,59457.5002780035
APR12,2023,11,ALTO PARANÁ,ACCID.DEP,3.0
APR12,2023,11,ALTO PARANÁ,PROG.DEP,0.16366686661457
APR12,2023,11,ALTO PARANÁ,PROD.DEP,1037.86387753749
APR12,2023,11,ALTO PARANÁ,TOTAL DEP,68587.8085867727
APR12,2023,11,ALTO PARANÁ,ACCID.FEP,2.0
APR12,2023,11,ALTO PARANÁ,PROG.FEP,0.515191882009528
APR12,2023,11,ALTO PARANÁ,PROD.FEP,2513.26721604804
APR12,2023,11,ALTO PARANÁ,TOTAL FEP,67345.7092863975
APR12,2023,11,ALTO PARANÁ,ACCID.PENF,8.0
APR12,2023,11,ALTO PARANÁ,PROG.PENF,0.356298639993443
APR12,2023,11,ALTO PARANÁ,PROD.PENF,4382.76550456278
APR12,2023,11,ALTO PARANÁ,TOTAL PENEF,65854.428657026
APR13,2023,11,ALTO PARANÁ,ACCID.DEP,7.0
APR13,2023,11,ALTO PARANÁ,PROG.DEP,0.480798190399662
APR13,2023,11,ALTO PARANÁ,PROD.DEP,4820.45286320391
APR13,2023,11,ALTO PARANÁ,TOTAL DEP,68291.233656431
APR13,2023,11,ALTO PARANÁ,ACCID.FEP,5.0
APR13,2023,11,ALTO PARANÁ,PROG.FEP,0.505071934363118
APR13,2023,11,ALTO PARANÁ,PROD.FEP,2850.63675043946
APR13,2023,11,ALTO PARANÁ,TOTAL FEP,52337.0196728987
APR13,2023,11,ALTO PARANÁ,ACCID.PENF,1.0
APR13,2023,11,ALTO PARANÁ,PROG.PENF,0.70893146492857
APR13,2023,11,ALTO PARANÁ,PROD.PENF,1248.6503361948
APR13,2023,11,ALTO PARANÁ,TOTAL PENEF,63774.8290836281
APR14,2023,11,ALTO PARANÁ,ACCID.DEP,7.0
APR14,2023,11,ALTO PARANÁ,PROG.DEP,0.354107360090218
APR14,2023,11,ALTO PARANÁ,PROD.DEP,1230.87310219041
APR14,2023,11,ALTO PARANÁ,TOTAL DEP,61487.2260906992
APR14,2023,11,ALTO PARANÁ,ACCID.FEP,3.0
APR14,2023,11,ALTO PARANÁ,PROG.FEP,0.283827100681973
APR14,2023,11,ALTO PARANÁ,PROD.FEP,1174.6503629454
APR14,2023,11,ALTO PARANÁ,TOTAL FEP,64408.6325824429
APR14,2023,11,ALTO PARANÁ,ACCID.PENF,6.0
APR14,2023,11,ALTO PARANÁ,PROG.PENF,0.252991076622398
APR14,2023,11,ALTO PARANÁ,PROD.PENF,3340.92145710748
APR14,2023,11,ALTO PARANÁ,TOTAL PENEF,59928.6598084912
APR2,2023,11,ALTO PARANÁ,ACCID.DEP,7.0
APR2,2023,11,ALTO PARANÁ,PROG.DEP,0.535803365218788
APR2,2023,11,ALTO PARANÁ,PROD.DEP,3236.63721561624
APR2,2023,11,ALTO PARANÁ,TOTAL DEP,64711.2090198381
APR2,2023,11,ALTO PARANÁ,ACCID.FEP,2.0
APR2,2023,11,ALTO PARANÁ,PROG.FEP,0.842506391368003
APR2,2023,11,ALTO PARANÁ,PROD.FEP,4191.61861379325
APR2,2023,11,ALTO PARANÁ,TOTAL FEP,64062.222657368
APR2,2023,11,ALTO PARANÁ,ACCID.PENF,4.0
APR2,2023,11,ALTO PARANÁ,PROG.PENF,0.823589728137409
APR2,2023,11,ALTO PARANÁ,PROD.PENF,3704.85784437018
APR3,2023,11,ALTO PARANÁ,ACCID.DEP,8.0
APR2,2023,11,ALTO PARANÁ,TOTAL PENEF,50029.4619226625
APR3,2023,11,ALTO PARANÁ,PROG.DEP,0.37155978163262
APR3,2023,11,ALTO PARANÁ,PROD.DEP,4012.96737332248
APR3,2023,11,ALTO PARANÁ,TOTAL DEP,60695.3597539127
APR3,2023,11,ALTO PARANÁ,ACCID.FEP,4.0
APR3,2023,11,ALTO PARANÁ,PROG.FEP,0.541051562000273
APR3,2023,11,ALTO PARANÁ,PROD.FEP,3365.65523733332
APR3,2023,11,ALTO PARANÁ,TOTAL FEP,64403.072169845
APR3,2023,11,ALTO PARANÁ,ACCID.PENF,3.0
APR3,2023,11,ALTO PARANÁ,PROG.PENF,0.376512217178582
APR3,2023,11,ALTO PARANÁ,PROD.PENF,3529.82506233252
APR3,2023,11,ALTO PARANÁ,TOTAL PENEF,60516.5992102086
APR4,2023,11,ALTO PARANÁ,ACCID.DEP,2.0
APR4,2023,11,ALTO PARANÁ,PROG.DEP,0.632328919576753
APR4,2023,11,ALTO PARANÁ,PROD.DEP,2045.32951404099
APR4,2023,11,ALTO PARANÁ,TOTAL DEP,61471.4533774688
APR4,2023,11,ALTO PARANÁ,ACCID.FEP,0.0
APR4,2023,11,ALTO PARANÁ,PROG.FEP,0.606276929585698
APR4,2023,11,ALTO PARANÁ,PROD.FEP,4809.16375179686
APR4,2023,11,ALTO PARANÁ,TOTAL FEP,56540.8353548837
APR4,2023,11,ALTO PARANÁ,ACCID.PENF,6.0
APR11,2023,11,ALTO PARANÁ,TOTAL FEP,62247.8947172928
APR4,2023,11,ALTO PARANÁ,PROD.PENF,2785.62080974391
APR4,2023,11,ALTO PARANÁ,TOTAL PENEF,66045.0747970954
APR5,2023,11,ALTO PARANÁ,ACCID.DEP,9.0
APR5,2023,11,ALTO PARANÁ,PROG.DEP,0.182621178989069
APR5,2023,11,ALTO PARANÁ,PROD.DEP,4988.31034859758
APR5,2023,11,ALTO PARANÁ,TOTAL DEP,62612.2505374802
APR5,2023,11,ALTO PARANÁ,ACCID.FEP,8.0
APR5,2023,11,ALTO PARANÁ,PROG.FEP,0.72623924118621
APR5,2023,11,ALTO PARANÁ,PROD.FEP,3266.93962877594
APR5,2023,11,ALTO PARANÁ,TOTAL FEP,68098.0939099056
APR5,2023,11,ALTO PARANÁ,ACCID.PENF,3.0
APR5,2023,11,ALTO PARANÁ,PROG.PENF,0.590920449994796
APR5,2023,11,ALTO PARANÁ,PROD.PENF,1667.92199379456
APR5,2023,11,ALTO PARANÁ,TOTAL PENEF,57656.0014569248
APR6,2023,11,ALTO PARANÁ,ACCID.DEP,4.0
APR6,2023,11,ALTO PARANÁ,PROG.DEP,0.939695894359615
APR6,2023,11,ALTO PARANÁ,PROD.DEP,1430.96233403372
APR6,2023,11,ALTO PARANÁ,TOTAL DEP,69001.3337739132
APR6,2023,11,ALTO PARANÁ,ACCID.FEP,8.0
APR6,2023,11,ALTO PARANÁ,PROG.FEP,0.276901353159449
APR6,2023,11,ALTO PARANÁ,PROD.FEP,2353.58750011499
APR6,2023,11,ALTO PARANÁ,TOTAL FEP,50098.4916621456
APR4,2023,11,ALTO PARANÁ,PROG.PENF,0.247815518694046
APR11,2023,11,ALTO PARANÁ,PROD.FEP,1305.00517933996
APR11,2023,11,ALTO PARANÁ,PROG.FEP,0.806258028594164
APR6,2023,11,ALTO PARANÁ,ACCID.PENF,9.0
APR8,2023,11,ALTO PARANÁ,ACCID.DEP,7.0
APR8,2023,11,ALTO PARANÁ,PROD.DEP,2727.29939181123
APR8,2023,11,ALTO PARANÁ,PROG.DEP,0.797140179925067
APR8,2023,11,ALTO PARANÁ,TOTAL DEP,66237.1597353776
APR8,2023,11,ALTO PARANÁ,ACCID.FEP,7.0
APR8,2023,11,ALTO PARANÁ,PROG.FEP,0.688865989128817
APR8,2023,11,ALTO PARANÁ,PROD.FEP,1320.41171151858
APR8,2023,11,ALTO PARANÁ,TOTAL FEP,55422.0770913934
APR8,2023,11,ALTO PARANÁ,ACCID.PENF,2.0
APR8,2023,11,ALTO PARANÁ,PROG.PENF,0.544460106738749
APR8,2023,11,ALTO PARANÁ,PROD.PENF,3942.78456823948
APR8,2023,11,ALTO PARANÁ,TOTAL PENEF,55237.5137916587
APR9,2023,11,ALTO PARANÁ,ACCID.DEP,2.0
APR9,2023,11,ALTO PARANÁ,PROG.DEP,0.830207017277534
APR9,2023,11,ALTO PARANÁ,PROD.DEP,1758.40556955353
APR9,2023,11,ALTO PARANÁ,TOTAL DEP,66042.3161945996
APR9,2023,11,ALTO PARANÁ,ACCID.FEP,9.0
APR9,2023,11,ALTO PARANÁ,PROG.FEP,0.103707373528513
APR9,2023,11,ALTO PARANÁ,PROD.FEP,1306.3854705779
APR9,2023,11,ALTO PARANÁ,TOTAL FEP,65964.6341093604
APR9,2023,11,ALTO PARANÁ,ACCID.PENF,2.0
APR9,2023,11,ALTO PARANÁ,PROG.PENF,0.522620005112672
APR9,2023,11,ALTO PARANÁ,PROD.PENF,4579.45673585041
APR9,2023,11,ALTO PARANÁ,TOTAL PENEF,62670.6010014696
CAT1,2023,11,CANINDEYU,ACCID.DEP,8.0
CAT1,2023,11,CANINDEYU,PROG.DEP,0.827348320939684
CAT1,2023,11,CANINDEYU,PROD.DEP,4718.2144987867
CAT1,2023,11,CANINDEYU,TOTAL DEP,50641.6873180714
CAT1,2023,11,CANINDEYU,ACCID.FEP,2.0
CAT1,2023,11,CANINDEYU,PROG.FEP,0.856700931950508
CAT1,2023,11,CANINDEYU,PROD.FEP,4595.64688650638
CAT1,2023,11,CANINDEYU,TOTAL FEP,63696.4049790609
CAT1,2023,11,CANINDEYU,ACCID.PENF,0.0
CAT1,2023,11,CANINDEYU,PROG.PENF,0.962663680709095
CAT1,2023,11,CANINDEYU,TOTAL PENEF,66119.24924942
CAT1,2023,11,CANINDEYU,PROD.PENF,2294.95115917717
CAT10,2023,11,CANINDEYU,ACCID.DEP,8.0
CAT10,2023,11,CANINDEYU,PROG.DEP,0.932004859952781
CAT10,2023,11,CANINDEYU,PROD.DEP,2929.73540230531
CAT10,2023,11,CANINDEYU,TOTAL DEP,59768.6765541496
CAT10,2023,11,CANINDEYU,ACCID.FEP,5.0
CAT10,2023,11,CANINDEYU,PROG.FEP,0.603563434147871
CAT10,2023,11,CANINDEYU,PROD.FEP,1413.79023224355
CAT10,2023,11,CANINDEYU,TOTAL FEP,51357.566156945
CAT10,2023,11,CANINDEYU,ACCID.PENF,1.0
CAT10,2023,11,CANINDEYU,PROG.PENF,0.446146945514576
CAT10,2023,11,CANINDEYU,PROD.PENF,3963.7536767723
CAT10,2023,11,CANINDEYU,TOTAL PENEF,59342.4741207312
CAT11,2023,11,CANINDEYU,ACCID.DEP,6.0
CAT11,2023,11,CANINDEYU,PROG.DEP,0.114662001867282
CAT11,2023,11,CANINDEYU,PROD.DEP,4549.6703825501
CAT11,2023,11,CANINDEYU,TOTAL DEP,54111.2085022
CAT11,2023,11,CANINDEYU,ACCID.FEP,8.0
CAT11,2023,11,CANINDEYU,PROG.FEP,0.796595771988519
CAT11,2023,11,CANINDEYU,PROD.FEP,3304.57474476414
CAT11,2023,11,CANINDEYU,TOTAL FEP,69539.6272768972
CAT11,2023,11,CANINDEYU,ACCID.PENF,3.0
CAT11,2023,11,CANINDEYU,PROG.PENF,0.416265373143282
CAT11,2023,11,CANINDEYU,PROD.PENF,3413.8748922721
CAT11,2023,11,CANINDEYU,TOTAL PENEF,50203.9092879969
CAT2,2023,11,CANINDEYU,ACCID.DEP,5.0
CAT2,2023,11,CANINDEYU,PROG.DEP,0.629750668140469
CAT2,2023,11,CANINDEYU,PROD.DEP,3014.4527406927
CAT2,2023,11,CANINDEYU,TOTAL DEP,56411.5792915599
CAT2,2023,11,CANINDEYU,ACCID.FEP,4.0
CAT2,2023,11,CANINDEYU,PROG.FEP,0.68258111138368
CAT2,2023,11,CANINDEYU,PROD.FEP,3532.67882417568
CAT2,2023,11,CANINDEYU,TOTAL FEP,55619.171264618
CAT2,2023,11,CANINDEYU,ACCID.PENF,8.0
CAT2,2023,11,CANINDEYU,PROG.PENF,0.85046290564529
CAT2,2023,11,CANINDEYU,PROD.PENF,2797.95859464595
CAT2,2023,11,CANINDEYU,TOTAL PENEF,56692.6955040263
CAT3,2023,11,CANINDEYU,ACCID.DEP,6.0
CAT3,2023,11,CANINDEYU,PROG.DEP,0.623638585826783
CAT3,2023,11,CANINDEYU,PROD.DEP,2099.08643009252
CAT3,2023,11,CANINDEYU,TOTAL DEP,69801.2737913048
CAT3,2023,11,CANINDEYU,ACCID.FEP,6.0
CAT3,2023,11,CANINDEYU,PROG.FEP,0.330105869317167
CAT3,2023,11,CANINDEYU,PROD.FEP,4667.83818873624
CAT3,2023,11,CANINDEYU,TOTAL FEP,68077.0880306035
CAT3,2023,11,CANINDEYU,ACCID.PENF,6.0
CAT3,2023,11,CANINDEYU,PROG.PENF,0.645835413813961
CAT3,2023,11,CANINDEYU,PROD.PENF,4207.2185997684
CAT3,2023,11,CANINDEYU,TOTAL PENEF,63131.3848316979
CAT4,2023,11,CANINDEYU,ACCID.DEP,8.0
CAT4,2023,11,CANINDEYU,PROG.DEP,0.292930893026094
CAT4,2023,11,CANINDEYU,PROD.DEP,2795.30219894667
CAT4,2023,11,CANINDEYU,TOTAL DEP,62685.5180258716
CAT4,2023,11,CANINDEYU,ACCID.FEP,0.0
CAT4,2023,11,CANINDEYU,PROG.FEP,0.722773961967037
CAT4,2023,11,CANINDEYU,PROD.FEP,1807.45344385958
CAT4,2023,11,CANINDEYU,TOTAL FEP,59048.6477441504
CAT4,2023,11,CANINDEYU,ACCID.PENF,8.0
CAT4,2023,11,CANINDEYU,PROG.PENF,0.419744847260511
CAT4,2023,11,CANINDEYU,PROD.PENF,1441.40652717561
CAT4,2023,11,CANINDEYU,TOTAL PENEF,62277.0210689643
APR6,2023,11,ALTO PARANÁ,PROD.PENF,2499.2470118941
APR6,2023,11,ALTO PARANÁ,TOTAL PENEF,69096.2677329743
APR6,2023,11,ALTO PARANÁ,PROG.PENF,0.96845554418054
CAT5,2023,11,CANINDEYU,ACCID.DEP,7.0
CAT5,2023,11,CANINDEYU,ACCID.FEP,1.0
CAT5,2023,11,CANINDEYU,PROG.FEP,0.673347738653075
CAT5,2023,11,CANINDEYU,PROD.FEP,4038.15665626315
CAT5,2023,11,CANINDEYU,TOTAL FEP,53918.4935698333
CAT5,2023,11,CANINDEYU,ACCID.PENF,3.0
CAT5,2023,11,CANINDEYU,PROG.PENF,0.93905308449171
CAT5,2023,11,CANINDEYU,PROD.PENF,4521.290899215
CAT5,2023,11,CANINDEYU,TOTAL PENEF,66862.430201287
CAT6,2023,11,CANINDEYU,ACCID.DEP,2.0
CAT6,2023,11,CANINDEYU,PROG.DEP,0.8579729791173
CAT6,2023,11,CANINDEYU,PROD.DEP,1746.0702950247
CAT6,2023,11,CANINDEYU,TOTAL DEP,65831.7022259637
CAT6,2023,11,CANINDEYU,ACCID.FEP,9.0
CAT6,2023,11,CANINDEYU,PROG.FEP,0.588120381457397
CAT6,2023,11,CANINDEYU,PROD.FEP,3597.79350786423
CAT6,2023,11,CANINDEYU,TOTAL FEP,53031.952477573
CAT6,2023,11,CANINDEYU,ACCID.PENF,0.0
CAT6,2023,11,CANINDEYU,PROG.PENF,0.602940328821304
CAT6,2023,11,CANINDEYU,PROD.PENF,4548.03485640024
CAT6,2023,11,CANINDEYU,TOTAL PENEF,50213.8624957663
CAT7,2023,11,CANINDEYU,ACCID.DEP,3.0
CAT7,2023,11,CANINDEYU,PROG.DEP,0.811350119520597
CAT7,2023,11,CANINDEYU,PROD.DEP,1124.78288801349
CAT7,2023,11,CANINDEYU,TOTAL DEP,61943.0883737329
CAT7,2023,11,CANINDEYU,ACCID.FEP,5.0
CAT7,2023,11,CANINDEYU,PROG.FEP,0.523120553923182
CAT7,2023,11,CANINDEYU,PROD.FEP,3254.14535391871
CAT7,2023,11,CANINDEYU,TOTAL FEP,58340.4076364589
CAT7,2023,11,CANINDEYU,ACCID.PENF,4.0
CAT7,2023,11,CANINDEYU,PROG.PENF,0.693102260252392
CAT7,2023,11,CANINDEYU,PROD.PENF,1113.6421276031
CAT7,2023,11,CANINDEYU,TOTAL PENEF,54371.9401212053
CAT8,2023,11,CANINDEYU,ACCID.DEP,3.0
CAT8,2023,11,CANINDEYU,PROG.DEP,0.213934799718843
CAT8,2023,11,CANINDEYU,PROD.DEP,3075.48856428693
CAT8,2023,11,CANINDEYU,TOTAL DEP,56962.8977553249
CAT8,2023,11,CANINDEYU,ACCID.FEP,5.0
CAT8,2023,11,CANINDEYU,PROG.FEP,0.103764729608026
CAT8,2023,11,CANINDEYU,PROD.FEP,4948.27006605272
CAT8,2023,11,CANINDEYU,TOTAL FEP,56682.0756359804
CAT8,2023,11,CANINDEYU,ACCID.PENF,4.0
CAT8,2023,11,CANINDEYU,PROG.PENF,0.342127773359551
CAT8,2023,11,CANINDEYU,PROD.PENF,3261.39101034214
CAT8,2023,11,CANINDEYU,TOTAL PENEF,59726.5662635108
CAT9,2023,11,CANINDEYU,ACCID.DEP,2.0
CAT9,2023,11,CANINDEYU,PROG.DEP,0.506260915853954
CAT9,2023,11,CANINDEYU,PROD.DEP,1458.21205123711
CAT9,2023,11,CANINDEYU,TOTAL DEP,58041.5225792282
CAT9,2023,11,CANINDEYU,ACCID.FEP,3.0
CAT9,2023,11,CANINDEYU,PROG.FEP,0.186978908729995
CAT9,2023,11,CANINDEYU,PROD.FEP,1766.03050499965
CAT9,2023,11,CANINDEYU,TOTAL FEP,58379.1476766019
CAT9,2023,11,CANINDEYU,ACCID.PENF,5.0
CAT9,2023,11,CANINDEYU,PROG.PENF,0.947402315484287
CAT9,2023,11,CANINDEYU,PROD.PENF,1982.07776558401
CAT9,2023,11,CANINDEYU,TOTAL PENEF,60870.6051573614
CUR1,2023,11,CANINDEYU,ACCID.DEP,3.0
CUR1,2023,11,CANINDEYU,PROG.DEP,0.47530785000731
CUR1,2023,11,CANINDEYU,PROD.DEP,4397.20435137374
CUR1,2023,11,CANINDEYU,TOTAL DEP,60034.7428383019
CUR1,2023,11,CANINDEYU,ACCID.FEP,4.0
CUR1,2023,11,CANINDEYU,PROG.FEP,0.78856567298678
CUR1,2023,11,CANINDEYU,PROD.FEP,2038.1278964973
CUR1,2023,11,CANINDEYU,TOTAL FEP,66142.8625792843
CUR1,2023,11,CANINDEYU,ACCID.PENF,7.0
CUR1,2023,11,CANINDEYU,PROG.PENF,0.648908343153949
CUR1,2023,11,CANINDEYU,PROD.PENF,4744.85049127305
CUR1,2023,11,CANINDEYU,TOTAL PENEF,56195.197671395
CUR2,2023,11,CANINDEYU,ACCID.DEP,6.0
CUR2,2023,11,CANINDEYU,PROG.DEP,0.385725052040512
CUR2,2023,11,CANINDEYU,PROD.DEP,3988.56613435644
CUR2,2023,11,CANINDEYU,TOTAL DEP,52102.0316044063
CUR2,2023,11,CANINDEYU,ACCID.FEP,9.0
CUR2,2023,11,CANINDEYU,PROG.FEP,0.490443651417082
CUR2,2023,11,CANINDEYU,PROD.FEP,4137.78414354568
CUR2,2023,11,CANINDEYU,TOTAL FEP,53514.188631864
CUR2,2023,11,CANINDEYU,ACCID.PENF,5.0
CUR2,2023,11,CANINDEYU,PROG.PENF,0.801937363992861
CUR2,2023,11,CANINDEYU,PROD.PENF,1128.88779280507
CUR2,2023,11,CANINDEYU,TOTAL PENEF,53619.8565528267
CUR3,2023,11,CANINDEYU,ACCID.DEP,4.0
CUR3,2023,11,CANINDEYU,PROG.DEP,0.374537408838456
CUR3,2023,11,CANINDEYU,PROD.DEP,4600.28163649454
CUR3,2023,11,CANINDEYU,TOTAL DEP,60102.8803845653
CUR3,2023,11,CANINDEYU,ACCID.FEP,6.0
CUR3,2023,11,CANINDEYU,PROG.FEP,0.579696523207379
CUR3,2023,11,CANINDEYU,PROD.FEP,2884.53784889392
CUR3,2023,11,CANINDEYU,TOTAL FEP,51282.2386671883
CUR3,2023,11,CANINDEYU,ACCID.PENF,0.0
CUR3,2023,11,CANINDEYU,PROG.PENF,0.470183196478439
CUR3,2023,11,CANINDEYU,PROD.PENF,1110.1967973419
CUR3,2023,11,CANINDEYU,TOTAL PENEF,65343.5317625924
CUR4,2023,11,CANINDEYU,ACCID.DEP,5.0
CUR4,2023,11,CANINDEYU,PROG.DEP,0.810436542151386
CUR4,2023,11,CANINDEYU,PROD.DEP,1263.71399984654
CAT5,2023,11,CANINDEYU,PROG.DEP,0.323624122930656
CAT5,2023,11,CANINDEYU,PROD.DEP,3448.35219493432
CAT5,2023,11,CANINDEYU,TOTAL DEP,55464.2341179489
CUR4,2023,11,CANINDEYU,TOTAL DEP,54659.4140202578
CUR4,2023,11,CANINDEYU,ACCID.FEP,9.0
CUR4,2023,11,CANINDEYU,PROG.FEP,0.221675403898497
CUR4,2023,11,CANINDEYU,PROG.PENF,0.262374806576936
CUR4,2023,11,CANINDEYU,PROD.PENF,1366.42318172813
CUR4,2023,11,CANINDEYU,TOTAL PENEF,62037.5195451254
CUR5,2023,11,CANINDEYU,ACCID.DEP,4.0
CUR5,2023,11,CANINDEYU,PROG.DEP,0.271716604415342
CUR5,2023,11,CANINDEYU,PROD.DEP,3325.08459501992
CUR5,2023,11,CANINDEYU,TOTAL DEP,53805.3436529178
CUR5,2023,11,CANINDEYU,ACCID.FEP,1.0
CUR5,2023,11,CANINDEYU,PROG.FEP,0.700483694401206
CUR5,2023,11,CANINDEYU,PROD.FEP,2145.43570737131
CUR5,2023,11,CANINDEYU,TOTAL FEP,67773.8428116605
CUR5,2023,11,CANINDEYU,ACCID.PENF,5.0
CUR5,2023,11,CANINDEYU,PROG.PENF,0.195695255085831
CUR5,2023,11,CANINDEYU,PROD.PENF,3145.40053540728
CUR5,2023,11,CANINDEYU,TOTAL PENEF,54270.254716935
DES10,2023,11,ALTO PARANÁ,ACCID.DEP,0.0
DES10,2023,11,ALTO PARANÁ,PROG.DEP,0.749218777218413
DES10,2023,11,ALTO PARANÁ,PROD.DEP,3420.05359018931
DES10,2023,11,ALTO PARANÁ,TOTAL DEP,66162.6194106511
DES10,2023,11,ALTO PARANÁ,ACCID.FEP,1.0
DES10,2023,11,ALTO PARANÁ,PROG.FEP,0.831615663369038
DES10,2023,11,ALTO PARANÁ,PROD.FEP,3737.5757007207
DES10,2023,11,ALTO PARANÁ,TOTAL FEP,54850.1330728331
DES10,2023,11,ALTO PARANÁ,ACCID.PENF,9.0
DES10,2023,11,ALTO PARANÁ,PROG.PENF,0.178967110042621
DES10,2023,11,ALTO PARANÁ,PROD.PENF,2685.30397530613
DES10,2023,11,ALTO PARANÁ,TOTAL PENEF,56047.7976572068
DES3,2023,11,ALTO PARANÁ,ACCID.DEP,2.0
DES3,2023,11,ALTO PARANÁ,PROG.DEP,0.987047884201857
DES3,2023,11,ALTO PARANÁ,PROD.DEP,1295.36192193518
DES3,2023,11,ALTO PARANÁ,TOTAL DEP,69308.6316582457
DES3,2023,11,ALTO PARANÁ,ACCID.FEP,9.0
DES3,2023,11,ALTO PARANÁ,PROG.FEP,0.24302678048378
DES3,2023,11,ALTO PARANÁ,PROD.FEP,1472.84119963223
DES3,2023,11,ALTO PARANÁ,TOTAL FEP,56688.8794624501
DES3,2023,11,ALTO PARANÁ,ACCID.PENF,0.0
DES3,2023,11,ALTO PARANÁ,PROG.PENF,0.18042907019559
DES3,2023,11,ALTO PARANÁ,PROD.PENF,3308.68030130721
DES3,2023,11,ALTO PARANÁ,TOTAL PENEF,60372.4527535802
DES4,2023,11,ALTO PARANÁ,ACCID.DEP,9.0
DES4,2023,11,ALTO PARANÁ,PROG.DEP,0.277878989244495
DES4,2023,11,ALTO PARANÁ,PROD.DEP,3317.72627006193
DES4,2023,11,ALTO PARANÁ,TOTAL DEP,61125.8892029723
DES4,2023,11,ALTO PARANÁ,ACCID.FEP,0.0
DES4,2023,11,ALTO PARANÁ,PROG.FEP,0.714917361316515
DES4,2023,11,ALTO PARANÁ,PROD.FEP,3217.91515586804
DES4,2023,11,ALTO PARANÁ,TOTAL FEP,66978.0301516292
DES4,2023,11,ALTO PARANÁ,ACCID.PENF,2.0
DES4,2023,11,ALTO PARANÁ,PROG.PENF,0.972890923604091
DES4,2023,11,ALTO PARANÁ,PROD.PENF,3525.59679902943
DES4,2023,11,ALTO PARANÁ,TOTAL PENEF,52341.1494876854
DES5,2023,11,ALTO PARANÁ,ACCID.DEP,7.0
DES5,2023,11,ALTO PARANÁ,PROG.DEP,0.692444938964582
DES5,2023,11,ALTO PARANÁ,PROD.DEP,2723.65497823728
DES5,2023,11,ALTO PARANÁ,TOTAL DEP,59086.5843240435
DES5,2023,11,ALTO PARANÁ,ACCID.FEP,5.0
DES5,2023,11,ALTO PARANÁ,PROG.FEP,0.147740417222878
DES5,2023,11,ALTO PARANÁ,PROD.FEP,4631.93532201212
DES5,2023,11,ALTO PARANÁ,TOTAL FEP,64748.9794453212
DES5,2023,11,ALTO PARANÁ,ACCID.PENF,5.0
DES5,2023,11,ALTO PARANÁ,PROG.PENF,0.781156635248995
DES5,2023,11,ALTO PARANÁ,PROD.PENF,1606.13984971085
DES5,2023,11,ALTO PARANÁ,TOTAL PENEF,54662.1033237177
DES8,2023,11,ALTO PARANÁ,ACCID.DEP,4.0
DES8,2023,11,ALTO PARANÁ,PROD.DEP,3296.96790944085
DES8,2023,11,ALTO PARANÁ,PROG.DEP,0.998967039595367
DES8,2023,11,ALTO PARANÁ,TOTAL DEP,55187.3807499751
DES8,2023,11,ALTO PARANÁ,ACCID.FEP,8.0
DES8,2023,11,ALTO PARANÁ,PROG.FEP,0.357927427066547
DES8,2023,11,ALTO PARANÁ,PROD.FEP,3527.79304787238
DES8,2023,11,ALTO PARANÁ,TOTAL FEP,64937.3439984339
DES8,2023,11,ALTO PARANÁ,ACCID.PENF,1.0
DES8,2023,11,ALTO PARANÁ,PROG.PENF,0.293109455384624
DES8,2023,11,ALTO PARANÁ,PROD.PENF,2492.84861267334
DES8,2023,11,ALTO PARANÁ,TOTAL PENEF,51910.4181330163
DES9,2023,11,ALTO PARANÁ,ACCID.DEP,2.0
DES9,2023,11,ALTO PARANÁ,PROG.DEP,0.423812687664505
DES9,2023,11,ALTO PARANÁ,PROD.DEP,4432.76727832017
DES9,2023,11,ALTO PARANÁ,TOTAL DEP,69832.8148802577
DES9,2023,11,ALTO PARANÁ,ACCID.FEP,2.0
DES9,2023,11,ALTO PARANÁ,PROG.FEP,0.741930297101734
DES9,2023,11,ALTO PARANÁ,PROD.FEP,1586.37803614772
DES9,2023,11,ALTO PARANÁ,TOTAL FEP,63358.493390754
DES9,2023,11,ALTO PARANÁ,ACCID.PENF,0.0
DES9,2023,11,ALTO PARANÁ,PROG.PENF,0.954596780675086
DES9,2023,11,ALTO PARANÁ,PROD.PENF,3000.79749548369
DES9,2023,11,ALTO PARANÁ,TOTAL PENEF,61854.4051483508
HER1,2023,11,ALTO PARANÁ,ACCID.DEP,4.0
HER1,2023,11,ALTO PARANÁ,PROG.DEP,0.897438239378336
HER1,2023,11,ALTO PARANÁ,PROD.DEP,4434.24574775187
HER1,2023,11,ALTO PARANÁ,TOTAL DEP,58201.7786976409
HER1,2023,11,ALTO PARANÁ,ACCID.FEP,6.0
HER1,2023,11,ALTO PARANÁ,PROG.FEP,0.704008947846642
HER1,2023,11,ALTO PARANÁ,PROD.FEP,1503.63595736108
HER1,2023,11,ALTO PARANÁ,TOTAL FEP,65054.5675612943
CUR4,2023,11,CANINDEYU,PROD.FEP,3735.21485835176
CUR4,2023,11,CANINDEYU,TOTAL FEP,67527.5768329958
CUR4,2023,11,CANINDEYU,ACCID.PENF,6.0
HER1,2023,11,ALTO PARANÁ,PROD.PENF,2791.360878911
HER10,2023,11,ALTO PARANÁ,ACCID.DEP,2.0
HER10,2023,11,ALTO PARANÁ,PROG.DEP,0.59559484213511
HER10,2023,11,ALTO PARANÁ,PROD.DEP,1384.68113773324
HER10,2023,11,ALTO PARANÁ,TOTAL DEP,55928.8546398377
HER10,2023,11,ALTO PARANÁ,ACCID.FEP,0.0
HER10,2023,11,ALTO PARANÁ,PROG.FEP,0.564119018548227
HER10,2023,11,ALTO PARANÁ,PROD.FEP,4973.47378577181
HER10,2023,11,ALTO PARANÁ,TOTAL FEP,55736.423015054
HER10,2023,11,ALTO PARANÁ,ACCID.PENF,0.0
HER10,2023,11,ALTO PARANÁ,PROG.PENF,0.964475608358332
HER10,2023,11,ALTO PARANÁ,PROD.PENF,2957.71104089983
HER10,2023,11,ALTO PARANÁ,TOTAL PENEF,54957.1555095391
HER11,2023,11,ALTO PARANÁ,ACCID.DEP,6.0
HER11,2023,11,ALTO PARANÁ,PROG.DEP,0.474489054655558
HER11,2023,11,ALTO PARANÁ,PROD.DEP,3325.28701776011
HER11,2023,11,ALTO PARANÁ,TOTAL DEP,57343.7086089449
HER11,2023,11,ALTO PARANÁ,ACCID.FEP,7.0
HER11,2023,11,ALTO PARANÁ,PROG.FEP,0.849601265862112
HER11,2023,11,ALTO PARANÁ,PROD.FEP,3389.67607353514
HER11,2023,11,ALTO PARANÁ,TOTAL FEP,64495.1437810128
HER11,2023,11,ALTO PARANÁ,ACCID.PENF,0.0
HER11,2023,11,ALTO PARANÁ,PROG.PENF,0.912415071181324
HER11,2023,11,ALTO PARANÁ,PROD.PENF,3761.97064444975
HER11,2023,11,ALTO PARANÁ,TOTAL PENEF,55831.7091824963
HER2,2023,11,ALTO PARANÁ,ACCID.DEP,2.0
HER2,2023,11,ALTO PARANÁ,PROG.DEP,0.339679437906344
HER2,2023,11,ALTO PARANÁ,PROD.DEP,3909.50761688243
HER2,2023,11,ALTO PARANÁ,TOTAL DEP,50720.4722532008
HER2,2023,11,ALTO PARANÁ,ACCID.FEP,2.0
HER2,2023,11,ALTO PARANÁ,PROG.FEP,0.181522885507707
HER2,2023,11,ALTO PARANÁ,PROD.FEP,4790.73889203569
HER1,2023,11,ALTO PARANÁ,ACCID.PENF,0.0
HER2,2023,11,ALTO PARANÁ,PROG.PENF,0.388795877951772
HER2,2023,11,ALTO PARANÁ,ACCID.PENF,7.0
HER2,2023,11,ALTO PARANÁ,PROD.PENF,2196.31704300642
HER2,2023,11,ALTO PARANÁ,TOTAL PENEF,51242.6722879635
HER7,2023,11,ALTO PARANÁ,ACCID.DEP,1.0
HER7,2023,11,ALTO PARANÁ,PROG.DEP,0.402747842938039
HER7,2023,11,ALTO PARANÁ,PROD.DEP,3143.44879524399
HER7,2023,11,ALTO PARANÁ,TOTAL DEP,57653.2643919006
HER7,2023,11,ALTO PARANÁ,ACCID.FEP,8.0
HER7,2023,11,ALTO PARANÁ,PROG.FEP,0.874539926740715
HER7,2023,11,ALTO PARANÁ,PROD.FEP,3377.55186382826
HER7,2023,11,ALTO PARANÁ,TOTAL FEP,52338.5032414588
HER7,2023,11,ALTO PARANÁ,ACCID.PENF,3.0
HER7,2023,11,ALTO PARANÁ,PROG.PENF,0.919742260808614
HER7,2023,11,ALTO PARANÁ,PROD.PENF,4080.404039931
HER7,2023,11,ALTO PARANÁ,TOTAL PENEF,58963.1351708126
HER8,2023,11,ALTO PARANÁ,ACCID.DEP,1.0
HER8,2023,11,ALTO PARANÁ,PROG.DEP,0.415292083108953
HER8,2023,11,ALTO PARANÁ,PROD.DEP,4758.19287451225
HER8,2023,11,ALTO PARANÁ,TOTAL DEP,58641.6120054634
HER8,2023,11,ALTO PARANÁ,ACCID.FEP,1.0
HER8,2023,11,ALTO PARANÁ,PROG.FEP,0.6969315008066
HER8,2023,11,ALTO PARANÁ,PROD.FEP,3246.69657698374
HER8,2023,11,ALTO PARANÁ,TOTAL FEP,58301.9549795816
HER8,2023,11,ALTO PARANÁ,ACCID.PENF,1.0
HER8,2023,11,ALTO PARANÁ,PROG.PENF,0.22844566804257
HER8,2023,11,ALTO PARANÁ,PROD.PENF,2902.7316393046
HER8,2023,11,ALTO PARANÁ,TOTAL PENEF,68713.1850680467
HER9,2023,11,ALTO PARANÁ,ACCID.DEP,5.0
HER9,2023,11,ALTO PARANÁ,PROG.DEP,0.489096370422309
HER9,2023,11,ALTO PARANÁ,PROD.DEP,2425.85692468285
HER9,2023,11,ALTO PARANÁ,TOTAL DEP,57049.8286170512
HER9,2023,11,ALTO PARANÁ,ACCID.FEP,6.0
HER9,2023,11,ALTO PARANÁ,PROG.FEP,0.267675920891571
HER9,2023,11,ALTO PARANÁ,PROD.FEP,1332.01483713416
HER9,2023,11,ALTO PARANÁ,TOTAL FEP,57593.477626656
HER9,2023,11,ALTO PARANÁ,ACCID.PENF,4.0
HER9,2023,11,ALTO PARANÁ,PROG.PENF,0.907679330500114
HER9,2023,11,ALTO PARANÁ,PROD.PENF,4318.61080837447
HER9,2023,11,ALTO PARANÁ,TOTAL PENEF,55131.0192090837
IRY1,2023,11,ALTO PARANÁ,ACCID.DEP,4.0
IRY1,2023,11,ALTO PARANÁ,PROG.DEP,0.438791998706547
IRY1,2023,11,ALTO PARANÁ,PROD.DEP,4058.12731184148
IRY1,2023,11,ALTO PARANÁ,TOTAL DEP,55260.770029286
IRY1,2023,11,ALTO PARANÁ,ACCID.FEP,5.0
IRY1,2023,11,ALTO PARANÁ,PROG.FEP,0.223024979650265
IRY1,2023,11,ALTO PARANÁ,PROD.FEP,4723.0636006714
IRY1,2023,11,ALTO PARANÁ,TOTAL FEP,69950.8171146765
IRY1,2023,11,ALTO PARANÁ,ACCID.PENF,2.0
IRY1,2023,11,ALTO PARANÁ,PROG.PENF,0.7195084281103
IRY1,2023,11,ALTO PARANÁ,PROD.PENF,2154.13891050843
IRY1,2023,11,ALTO PARANÁ,TOTAL PENEF,63278.4183333784
IRY2,2023,11,ALTO PARANÁ,ACCID.DEP,4.0
IRY2,2023,11,ALTO PARANÁ,PROG.DEP,0.219130416275824
IRY2,2023,11,ALTO PARANÁ,PROD.DEP,2334.52941830008
IRY2,2023,11,ALTO PARANÁ,TOTAL DEP,54618.910100149
IRY2,2023,11,ALTO PARANÁ,ACCID.FEP,7.0
IRY2,2023,11,ALTO PARANÁ,PROG.FEP,0.283645669337988
IRY2,2023,11,ALTO PARANÁ,TOTAL FEP,50016.0182297026
IRY2,2023,11,ALTO PARANÁ,ACCID.PENF,5.0
IRY2,2023,11,ALTO PARANÁ,PROD.FEP,2151.99127056704
IRY2,2023,11,ALTO PARANÁ,PROG.PENF,0.997578952412724
IRY2,2023,11,ALTO PARANÁ,PROD.PENF,1338.86033921016
IRY2,2023,11,ALTO PARANÁ,TOTAL PENEF,68074.3576374579
HER1,2023,11,ALTO PARANÁ,TOTAL PENEF,52357.1155673698
HER1,2023,11,ALTO PARANÁ,PROG.PENF,0.597205854440746
HER2,2023,11,ALTO PARANÁ,TOTAL FEP,51977.7358517711
IRY3,2023,11,ALTO PARANÁ,ACCID.DEP,0.0
IRY3,2023,11,ALTO PARANÁ,ACCID.FEP,8.0
IRY3,2023,11,ALTO PARANÁ,PROG.FEP,0.945141966352489
IRY3,2023,11,ALTO PARANÁ,PROD.FEP,4952.79356197522
IRY3,2023,11,ALTO PARANÁ,TOTAL FEP,57141.0091963621
IRY3,2023,11,ALTO PARANÁ,ACCID.PENF,9.0
IRY3,2023,11,ALTO PARANÁ,PROG.PENF,0.24052667470154
IRY3,2023,11,ALTO PARANÁ,PROD.PENF,2907.99697447835
IRY3,2023,11,ALTO PARANÁ,TOTAL PENEF,69231.7477968371
IRY4,2023,11,ALTO PARANÁ,ACCID.DEP,7.0
IRY4,2023,11,ALTO PARANÁ,PROG.DEP,0.682432950460951
IRY4,2023,11,ALTO PARANÁ,PROD.DEP,1455.64912895839
IRY4,2023,11,ALTO PARANÁ,TOTAL DEP,68555.2461912328
IRY4,2023,11,ALTO PARANÁ,ACCID.FEP,4.0
IRY4,2023,11,ALTO PARANÁ,PROG.FEP,0.763626812752053
IRY4,2023,11,ALTO PARANÁ,PROD.FEP,2432.57451060275
IRY4,2023,11,ALTO PARANÁ,TOTAL FEP,56838.456847642
IRY4,2023,11,ALTO PARANÁ,ACCID.PENF,8.0
IRY4,2023,11,ALTO PARANÁ,PROG.PENF,0.279459277525384
IRY4,2023,11,ALTO PARANÁ,PROD.PENF,4250.05397955524
IRY4,2023,11,ALTO PARANÁ,TOTAL PENEF,69099.8484887363
JEP1,2023,11,CANINDEYU,ACCID.DEP,8.0
JEP1,2023,11,CANINDEYU,PROG.DEP,0.806958398364811
JEP1,2023,11,CANINDEYU,PROD.DEP,3269.1434501588
JEP1,2023,11,CANINDEYU,TOTAL DEP,63827.6598678503
JEP1,2023,11,CANINDEYU,ACCID.FEP,1.0
JEP1,2023,11,CANINDEYU,PROG.FEP,0.417917706714394
JEP1,2023,11,CANINDEYU,PROD.FEP,1941.64097413185
JEP1,2023,11,CANINDEYU,TOTAL FEP,69891.904822441
JEP1,2023,11,CANINDEYU,ACCID.PENF,2.0
JEP1,2023,11,CANINDEYU,PROG.PENF,0.508337970035341
JEP1,2023,11,CANINDEYU,PROD.PENF,4315.66504943421
JEP1,2023,11,CANINDEYU,TOTAL PENEF,67030.7123094955
JEP2,2023,11,CANINDEYU,PROG.DEP,0.771137479530853
JEP2,2023,11,CANINDEYU,ACCID.DEP,1.0
JEP2,2023,11,CANINDEYU,PROD.DEP,4854.56768965608
JEP2,2023,11,CANINDEYU,TOTAL DEP,57602.7167716298
JEP2,2023,11,CANINDEYU,ACCID.FEP,1.0
JEP2,2023,11,CANINDEYU,PROG.FEP,0.122181359587346
JEP2,2023,11,CANINDEYU,PROD.FEP,1648.61490086433
JEP2,2023,11,CANINDEYU,TOTAL FEP,69362.9475690723
JEP2,2023,11,CANINDEYU,ACCID.PENF,4.0
JEP2,2023,11,CANINDEYU,PROG.PENF,0.274703940191931
JEP2,2023,11,CANINDEYU,PROD.PENF,3452.85836893064
JEP2,2023,11,CANINDEYU,TOTAL PENEF,60906.1721602896
JEP3,2023,11,CANINDEYU,ACCID.DEP,5.0
JEP3,2023,11,CANINDEYU,PROG.DEP,0.853286792163725
JEP3,2023,11,CANINDEYU,TOTAL DEP,61681.8924654959
JEP3,2023,11,CANINDEYU,PROD.DEP,3880.79213279224
JEP3,2023,11,CANINDEYU,ACCID.FEP,4.0
JEP3,2023,11,CANINDEYU,PROG.FEP,0.894209947589471
JEP3,2023,11,CANINDEYU,PROD.FEP,1066.42604348158
JEP3,2023,11,CANINDEYU,TOTAL FEP,63204.5752990409
JEP3,2023,11,CANINDEYU,ACCID.PENF,3.0
JEP3,2023,11,CANINDEYU,PROG.PENF,0.940158752909071
JEP3,2023,11,CANINDEYU,PROD.PENF,3016.85335994529
JEP3,2023,11,CANINDEYU,TOTAL PENEF,68427.4471196623
JEP4,2023,11,CANINDEYU,ACCID.DEP,6.0
JEP4,2023,11,CANINDEYU,PROG.DEP,0.214043925031675
JEP4,2023,11,CANINDEYU,PROD.DEP,3007.77198233962
JEP4,2023,11,CANINDEYU,TOTAL DEP,67334.1381357719
JEP4,2023,11,CANINDEYU,ACCID.FEP,5.0
JEP4,2023,11,CANINDEYU,PROG.FEP,0.724682608641451
JEP4,2023,11,CANINDEYU,PROD.FEP,1853.57761541699
JEP4,2023,11,CANINDEYU,TOTAL FEP,54891.5321558404
JEP4,2023,11,CANINDEYU,ACCID.PENF,6.0
JEP4,2023,11,CANINDEYU,PROG.PENF,0.320682999286397
JEP4,2023,11,CANINDEYU,PROD.PENF,2453.98700332126
JEP4,2023,11,CANINDEYU,TOTAL PENEF,54530.6500253178
JLM1,2023,11,ALTO PARANÁ,ACCID.DEP,6.0
JLM1,2023,11,ALTO PARANÁ,PROG.DEP,0.71243683651851
JLM1,2023,11,ALTO PARANÁ,PROD.DEP,4880.41248273357
JLM1,2023,11,ALTO PARANÁ,TOTAL DEP,66206.6903069663
JLM1,2023,11,ALTO PARANÁ,ACCID.FEP,5.0
JLM1,2023,11,ALTO PARANÁ,PROG.FEP,0.558822091338201
JLM1,2023,11,ALTO PARANÁ,PROD.FEP,1580.70907690012
JLM1,2023,11,ALTO PARANÁ,TOTAL FEP,53139.8953459821
JLM1,2023,11,ALTO PARANÁ,ACCID.PENF,5.0
JLM1,2023,11,ALTO PARANÁ,PROG.PENF,0.485195879000426
JLM1,2023,11,ALTO PARANÁ,PROD.PENF,3155.27317229573
JLM1,2023,11,ALTO PARANÁ,TOTAL PENEF,69819.6938057565
JLM2,2023,11,ALTO PARANÁ,ACCID.DEP,3.0
JLM2,2023,11,ALTO PARANÁ,PROG.DEP,0.428846656453517
JLM2,2023,11,ALTO PARANÁ,PROD.DEP,1933.65012196637
JLM2,2023,11,ALTO PARANÁ,TOTAL DEP,50971.3302008419
JLM2,2023,11,ALTO PARANÁ,ACCID.FEP,0.0
JLM2,2023,11,ALTO PARANÁ,PROG.FEP,0.42565100171389
JLM2,2023,11,ALTO PARANÁ,PROD.FEP,3683.41205084907
JLM2,2023,11,ALTO PARANÁ,TOTAL FEP,51333.920714048
JLM2,2023,11,ALTO PARANÁ,ACCID.PENF,7.0
JLM2,2023,11,ALTO PARANÁ,PROG.PENF,0.709404267046773
JLM2,2023,11,ALTO PARANÁ,PROD.PENF,1797.08926122357
JLM2,2023,11,ALTO PARANÁ,TOTAL PENEF,69955.0470823319
JLM3,2023,11,ALTO PARANÁ,ACCID.DEP,7.0
JLM3,2023,11,ALTO PARANÁ,PROG.DEP,0.404568313497972
JLM3,2023,11,ALTO PARANÁ,PROD.DEP,2099.73041397488
JLM3,2023,11,ALTO PARANÁ,TOTAL DEP,61037.2701056943
IRY3,2023,11,ALTO PARANÁ,PROD.DEP,4165.2860673166
IRY3,2023,11,ALTO PARANÁ,TOTAL DEP,51060.0740673323
IRY3,2023,11,ALTO PARANÁ,PROG.DEP,0.328462574248484
JLM3,2023,11,ALTO PARANÁ,ACCID.FEP,4.0
JLM3,2023,11,ALTO PARANÁ,PROG.FEP,0.153427260306166
JLM3,2023,11,ALTO PARANÁ,PROG.PENF,0.226126833663948
JLM3,2023,11,ALTO PARANÁ,PROD.PENF,4482.11858055684
JLM3,2023,11,ALTO PARANÁ,TOTAL PENEF,64511.3116923888
K152,2023,11,ALTO PARANÁ,ACCID.DEP,5.0
K152,2023,11,ALTO PARANÁ,PROG.DEP,0.923861940746838
K152,2023,11,ALTO PARANÁ,PROD.DEP,3034.22636096526
K152,2023,11,ALTO PARANÁ,TOTAL DEP,64102.0938465411
K152,2023,11,ALTO PARANÁ,ACCID.FEP,2.0
K152,2023,11,ALTO PARANÁ,PROG.FEP,0.747999090001704
K152,2023,11,ALTO PARANÁ,PROD.FEP,3334.48333818272
K152,2023,11,ALTO PARANÁ,TOTAL FEP,55286.8805693987
K152,2023,11,ALTO PARANÁ,ACCID.PENF,3.0
K152,2023,11,ALTO PARANÁ,PROG.PENF,0.871328940178098
K152,2023,11,ALTO PARANÁ,PROD.PENF,3295.168453843
K152,2023,11,ALTO PARANÁ,TOTAL PENEF,69511.9492733866
K153,2023,11,ALTO PARANÁ,ACCID.DEP,4.0
K153,2023,11,ALTO PARANÁ,PROG.DEP,0.318359247090945
K153,2023,11,ALTO PARANÁ,PROD.DEP,4851.14085281378
K153,2023,11,ALTO PARANÁ,TOTAL DEP,55658.3583357978
JLM3,2023,11,ALTO PARANÁ,PROD.FEP,4974.49314648201
K153,2023,11,ALTO PARANÁ,PROG.FEP,0.797156917510728
K153,2023,11,ALTO PARANÁ,PROD.FEP,2518.76370818362
K153,2023,11,ALTO PARANÁ,TOTAL FEP,59675.4857585967
K153,2023,11,ALTO PARANÁ,ACCID.PENF,3.0
K153,2023,11,ALTO PARANÁ,PROG.PENF,0.596343914673657
K153,2023,11,ALTO PARANÁ,PROD.PENF,4278.38289317434
K153,2023,11,ALTO PARANÁ,TOTAL PENEF,69515.8958395814
K154,2023,11,ALTO PARANÁ,ACCID.DEP,9.0
K154,2023,11,ALTO PARANÁ,PROG.DEP,0.292076541760185
K154,2023,11,ALTO PARANÁ,PROD.DEP,3946.17481141885
K154,2023,11,ALTO PARANÁ,TOTAL DEP,59866.5474764949
K154,2023,11,ALTO PARANÁ,ACCID.FEP,5.0
K154,2023,11,ALTO PARANÁ,PROG.FEP,0.231608362392532
K154,2023,11,ALTO PARANÁ,PROD.FEP,3100.24076796742
K154,2023,11,ALTO PARANÁ,TOTAL FEP,58341.3667395362
JLM3,2023,11,ALTO PARANÁ,TOTAL FEP,69251.9738782013
K154,2023,11,ALTO PARANÁ,PROG.PENF,0.410749231799922
K154,2023,11,ALTO PARANÁ,PROD.PENF,4483.49020066304
K154,2023,11,ALTO PARANÁ,TOTAL PENEF,52589.5730377058
K155,2023,11,ALTO PARANÁ,ACCID.DEP,9.0
K155,2023,11,ALTO PARANÁ,PROG.DEP,0.866819095669947
K155,2023,11,ALTO PARANÁ,PROD.DEP,4510.51175904602
K155,2023,11,ALTO PARANÁ,TOTAL DEP,54612.2121972247
K155,2023,11,ALTO PARANÁ,ACCID.FEP,3.0
K155,2023,11,ALTO PARANÁ,PROG.FEP,0.302233231178278
K155,2023,11,ALTO PARANÁ,PROD.FEP,1829.74927787445
K155,2023,11,ALTO PARANÁ,TOTAL FEP,69614.1480614855
K155,2023,11,ALTO PARANÁ,ACCID.PENF,7.0
K155,2023,11,ALTO PARANÁ,PROG.PENF,0.208004544549051
K155,2023,11,ALTO PARANÁ,PROD.PENF,2945.33245072275
K155,2023,11,ALTO PARANÁ,TOTAL PENEF,60985.1263337185
K156,2023,11,ALTO PARANÁ,ACCID.DEP,1.0
K156,2023,11,ALTO PARANÁ,PROG.DEP,0.427336122258065
K156,2023,11,ALTO PARANÁ,PROD.DEP,3687.47469117876
K156,2023,11,ALTO PARANÁ,TOTAL DEP,60975.9628269975
K156,2023,11,ALTO PARANÁ,ACCID.FEP,8.0
K156,2023,11,ALTO PARANÁ,PROG.FEP,0.819560783370601
K156,2023,11,ALTO PARANÁ,PROD.FEP,3837.81320476376
K156,2023,11,ALTO PARANÁ,TOTAL FEP,63793.2247831471
K156,2023,11,ALTO PARANÁ,ACCID.PENF,8.0
K156,2023,11,ALTO PARANÁ,PROG.PENF,0.335586919498515
K156,2023,11,ALTO PARANÁ,PROD.PENF,4311.5255210497
K156,2023,11,ALTO PARANÁ,TOTAL PENEF,56372.8660473204
K157,2023,11,ALTO PARANÁ,ACCID.DEP,0.0
K157,2023,11,ALTO PARANÁ,PROG.DEP,0.117094711897006
K157,2023,11,ALTO PARANÁ,PROD.DEP,3372.06150071358
K157,2023,11,ALTO PARANÁ,TOTAL DEP,54576.9588046314
K157,2023,11,ALTO PARANÁ,ACCID.FEP,6.0
K157,2023,11,ALTO PARANÁ,PROG.FEP,0.425310732201276
K157,2023,11,ALTO PARANÁ,PROD.FEP,3135.22981118954
K157,2023,11,ALTO PARANÁ,TOTAL FEP,63425.3299233219
K157,2023,11,ALTO PARANÁ,ACCID.PENF,1.0
K157,2023,11,ALTO PARANÁ,PROG.PENF,0.315512119376956
K157,2023,11,ALTO PARANÁ,PROD.PENF,4667.89330987867
K157,2023,11,ALTO PARANÁ,TOTAL PENEF,58573.8890832497
K158,2023,11,ALTO PARANÁ,PROG.DEP,0.74989766174694
K158,2023,11,ALTO PARANÁ,ACCID.DEP,6.0
K158,2023,11,ALTO PARANÁ,PROD.DEP,3772.09455306906
K158,2023,11,ALTO PARANÁ,TOTAL DEP,65548.0357726965
K158,2023,11,ALTO PARANÁ,ACCID.FEP,7.0
K158,2023,11,ALTO PARANÁ,PROG.FEP,0.614428151969962
K158,2023,11,ALTO PARANÁ,PROD.FEP,4633.86096270469
K158,2023,11,ALTO PARANÁ,TOTAL FEP,68496.7770241448
K158,2023,11,ALTO PARANÁ,ACCID.PENF,6.0
K158,2023,11,ALTO PARANÁ,PROG.PENF,0.995668184570215
K158,2023,11,ALTO PARANÁ,PROD.PENF,3198.66272378162
K158,2023,11,ALTO PARANÁ,TOTAL PENEF,50678.9290417142
K159,2023,11,ALTO PARANÁ,ACCID.DEP,7.0
K159,2023,11,ALTO PARANÁ,PROG.DEP,0.640083723116331
K159,2023,11,ALTO PARANÁ,PROD.DEP,4733.01351389506
K159,2023,11,ALTO PARANÁ,TOTAL DEP,62302.6214897025
K159,2023,11,ALTO PARANÁ,ACCID.FEP,4.0
K159,2023,11,ALTO PARANÁ,PROG.FEP,0.89397979418617
K159,2023,11,ALTO PARANÁ,PROD.FEP,3981.56365103397
K159,2023,11,ALTO PARANÁ,TOTAL FEP,64142.2174313334
JLM3,2023,11,ALTO PARANÁ,ACCID.PENF,8.0
K153,2023,11,ALTO PARANÁ,ACCID.FEP,1.0
K154,2023,11,ALTO PARANÁ,ACCID.PENF,1.0
K159,2023,11,ALTO PARANÁ,ACCID.PENF,6.0
K159,2023,11,ALTO PARANÁ,PROG.PENF,0.81551158896843
K301,2023,11,ALTO PARANÁ,PROG.DEP,0.117839515189206
K301,2023,11,ALTO PARANÁ,PROD.DEP,3302.42317504961
K301,2023,11,ALTO PARANÁ,TOTAL DEP,51407.4290198357
K301,2023,11,ALTO PARANÁ,ACCID.FEP,4.0
K301,2023,11,ALTO PARANÁ,PROG.FEP,0.772619897824055
K301,2023,11,ALTO PARANÁ,PROD.FEP,3774.0876478359
K301,2023,11,ALTO PARANÁ,TOTAL FEP,53816.5169768752
K301,2023,11,ALTO PARANÁ,ACCID.PENF,8.0
K301,2023,11,ALTO PARANÁ,PROG.PENF,0.755231081761599
K301,2023,11,ALTO PARANÁ,PROD.PENF,4794.08243622148
K301,2023,11,ALTO PARANÁ,TOTAL PENEF,59190.0831187541
K302,2023,11,ALTO PARANÁ,ACCID.DEP,8.0
K302,2023,11,ALTO PARANÁ,PROG.DEP,0.421507038550792
K302,2023,11,ALTO PARANÁ,PROD.DEP,3239.63699020988
K302,2023,11,ALTO PARANÁ,TOTAL DEP,58363.5610263637
K302,2023,11,ALTO PARANÁ,ACCID.FEP,1.0
K302,2023,11,ALTO PARANÁ,PROG.FEP,0.23603933367556
K302,2023,11,ALTO PARANÁ,PROD.FEP,2834.12188964914
K302,2023,11,ALTO PARANÁ,TOTAL FEP,54828.6710504515
K302,2023,11,ALTO PARANÁ,ACCID.PENF,7.0
K302,2023,11,ALTO PARANÁ,PROG.PENF,0.662817695777605
K302,2023,11,ALTO PARANÁ,PROD.PENF,1868.59472467628
K302,2023,11,ALTO PARANÁ,TOTAL PENEF,60072.8299415917
K303,2023,11,ALTO PARANÁ,ACCID.DEP,5.0
K303,2023,11,ALTO PARANÁ,PROG.DEP,0.787418609060093
K303,2023,11,ALTO PARANÁ,PROD.DEP,4662.53172215037
K303,2023,11,ALTO PARANÁ,TOTAL DEP,69188.6946228339
K303,2023,11,ALTO PARANÁ,ACCID.FEP,7.0
K303,2023,11,ALTO PARANÁ,PROG.FEP,0.842227811040304
K303,2023,11,ALTO PARANÁ,PROD.FEP,1735.80469187626
K303,2023,11,ALTO PARANÁ,TOTAL FEP,60201.889263626
K303,2023,11,ALTO PARANÁ,ACCID.PENF,6.0
K303,2023,11,ALTO PARANÁ,PROG.PENF,0.962665557536309
K303,2023,11,ALTO PARANÁ,PROD.PENF,3279.63487272672
K303,2023,11,ALTO PARANÁ,TOTAL PENEF,62414.5602660746
K304,2023,11,ALTO PARANÁ,ACCID.DEP,5.0
K304,2023,11,ALTO PARANÁ,PROG.DEP,0.418572005379706
K304,2023,11,ALTO PARANÁ,PROD.DEP,3349.61999423145
K304,2023,11,ALTO PARANÁ,TOTAL DEP,66859.4744353639
K304,2023,11,ALTO PARANÁ,ACCID.FEP,9.0
K304,2023,11,ALTO PARANÁ,PROG.FEP,0.730447707960313
K304,2023,11,ALTO PARANÁ,PROD.FEP,2180.18440554649
K304,2023,11,ALTO PARANÁ,TOTAL FEP,65978.5347093525
K304,2023,11,ALTO PARANÁ,ACCID.PENF,8.0
K304,2023,11,ALTO PARANÁ,PROG.PENF,0.875396134224092
K304,2023,11,ALTO PARANÁ,PROD.PENF,4634.34120886902
K304,2023,11,ALTO PARANÁ,TOTAL PENEF,56811.3002481111
K305,2023,11,ALTO PARANÁ,ACCID.DEP,5.0
K305,2023,11,ALTO PARANÁ,PROG.DEP,0.37466233949016
K305,2023,11,ALTO PARANÁ,PROD.DEP,2443.2685499904
K305,2023,11,ALTO PARANÁ,TOTAL DEP,66407.4176595416
K305,2023,11,ALTO PARANÁ,ACCID.FEP,2.0
K305,2023,11,ALTO PARANÁ,PROG.FEP,0.696199834586194
K305,2023,11,ALTO PARANÁ,PROD.FEP,3746.85634063186
K305,2023,11,ALTO PARANÁ,TOTAL FEP,62587.7492368671
K305,2023,11,ALTO PARANÁ,ACCID.PENF,5.0
K305,2023,11,ALTO PARANÁ,PROG.PENF,0.121764539888408
K305,2023,11,ALTO PARANÁ,PROD.PENF,2414.27268943572
K305,2023,11,ALTO PARANÁ,TOTAL PENEF,54163.8717986523
K306,2023,11,ALTO PARANÁ,ACCID.DEP,5.0
K306,2023,11,ALTO PARANÁ,PROG.DEP,0.518607405343122
K306,2023,11,ALTO PARANÁ,PROD.DEP,2814.42621001049
K306,2023,11,ALTO PARANÁ,TOTAL DEP,54798.6465541802
K306,2023,11,ALTO PARANÁ,ACCID.FEP,7.0
K306,2023,11,ALTO PARANÁ,PROG.FEP,0.918339114960198
K306,2023,11,ALTO PARANÁ,PROD.FEP,2451.16091378819
K306,2023,11,ALTO PARANÁ,TOTAL FEP,60992.1770604343
K306,2023,11,ALTO PARANÁ,ACCID.PENF,1.0
K306,2023,11,ALTO PARANÁ,PROG.PENF,0.375367689058637
K306,2023,11,ALTO PARANÁ,PROD.PENF,2326.96162769047
K306,2023,11,ALTO PARANÁ,TOTAL PENEF,61513.0032029486
K307,2023,11,ALTO PARANÁ,ACCID.DEP,3.0
K307,2023,11,ALTO PARANÁ,PROG.DEP,0.479642181977667
K307,2023,11,ALTO PARANÁ,PROD.DEP,4908.03811649958
K307,2023,11,ALTO PARANÁ,TOTAL DEP,68205.0024802298
K307,2023,11,ALTO PARANÁ,ACCID.FEP,8.0
K307,2023,11,ALTO PARANÁ,PROG.FEP,0.555613831479903
K307,2023,11,ALTO PARANÁ,PROD.FEP,2131.52745878812
K307,2023,11,ALTO PARANÁ,TOTAL FEP,55316.6331164477
K307,2023,11,ALTO PARANÁ,ACCID.PENF,1.0
K307,2023,11,ALTO PARANÁ,PROG.PENF,0.814295293380973
K307,2023,11,ALTO PARANÁ,PROD.PENF,1978.40205697155
K307,2023,11,ALTO PARANÁ,TOTAL PENEF,53853.6447740858
K308,2023,11,ALTO PARANÁ,ACCID.DEP,2.0
K308,2023,11,ALTO PARANÁ,PROG.DEP,0.419791001898104
K308,2023,11,ALTO PARANÁ,PROD.DEP,1820.86475431533
K308,2023,11,ALTO PARANÁ,TOTAL DEP,51754.2397234879
K308,2023,11,ALTO PARANÁ,ACCID.FEP,5.0
K308,2023,11,ALTO PARANÁ,PROG.FEP,0.590457485404128
K308,2023,11,ALTO PARANÁ,PROD.FEP,4442.18484005819
K308,2023,11,ALTO PARANÁ,TOTAL FEP,54614.0680905064
K308,2023,11,ALTO PARANÁ,ACCID.PENF,4.0
K308,2023,11,ALTO PARANÁ,PROG.PENF,0.877670193885836
K308,2023,11,ALTO PARANÁ,PROD.PENF,3244.78394844054
K308,2023,11,ALTO PARANÁ,TOTAL PENEF,62129.0940965277
K159,2023,11,ALTO PARANÁ,PROD.PENF,1420.5198549012
K159,2023,11,ALTO PARANÁ,TOTAL PENEF,57440.6143890688
K301,2023,11,ALTO PARANÁ,ACCID.DEP,7.0
K309,2023,11,ALTO PARANÁ,ACCID.DEP,7.0
K309,2023,11,ALTO PARANÁ,ACCID.FEP,4.0
K309,2023,11,ALTO PARANÁ,PROG.FEP,0.723048618288572
K309,2023,11,ALTO PARANÁ,PROD.FEP,4559.65813703485
K309,2023,11,ALTO PARANÁ,TOTAL FEP,67822.6917123982
K309,2023,11,ALTO PARANÁ,ACCID.PENF,2.0
K309,2023,11,ALTO PARANÁ,PROG.PENF,0.802768844077081
K309,2023,11,ALTO PARANÁ,PROD.PENF,1454.49619724747
K309,2023,11,ALTO PARANÁ,TOTAL PENEF,60538.526438929
MCE1,2023,11,ALTO PARANÁ,ACCID.DEP,0.0
MCE1,2023,11,ALTO PARANÁ,PROG.DEP,0.183030734407501
MCE1,2023,11,ALTO PARANÁ,PROD.DEP,3295.63933113493
MCE1,2023,11,ALTO PARANÁ,TOTAL DEP,62392.4710966174
MCE1,2023,11,ALTO PARANÁ,ACCID.FEP,7.0
MCE1,2023,11,ALTO PARANÁ,PROG.FEP,0.884917408965902
MCE1,2023,11,ALTO PARANÁ,PROD.FEP,2508.76831975552
MCE1,2023,11,ALTO PARANÁ,TOTAL FEP,57650.86857727
MCE1,2023,11,ALTO PARANÁ,ACCID.PENF,3.0
MCE1,2023,11,ALTO PARANÁ,PROG.PENF,0.511661090242463
MCE1,2023,11,ALTO PARANÁ,PROD.PENF,3432.87207996493
MCE1,2023,11,ALTO PARANÁ,TOTAL PENEF,66758.7783799766
MCE2,2023,11,ALTO PARANÁ,ACCID.DEP,9.0
MCE2,2023,11,ALTO PARANÁ,PROD.DEP,1357.07722125224
MCE2,2023,11,ALTO PARANÁ,PROG.DEP,0.166796439588199
MCE2,2023,11,ALTO PARANÁ,TOTAL DEP,60223.4781438126
MCE2,2023,11,ALTO PARANÁ,ACCID.FEP,3.0
MCE2,2023,11,ALTO PARANÁ,PROG.FEP,0.344338677122321
MCE2,2023,11,ALTO PARANÁ,PROD.FEP,1240.78227075028
MCE2,2023,11,ALTO PARANÁ,TOTAL FEP,51359.6280995931
MCE2,2023,11,ALTO PARANÁ,ACCID.PENF,0.0
MCE2,2023,11,ALTO PARANÁ,PROG.PENF,0.141787854839487
MCE2,2023,11,ALTO PARANÁ,PROD.PENF,2257.09070372843
MCE2,2023,11,ALTO PARANÁ,TOTAL PENEF,52833.918331336
MCE3,2023,11,ALTO PARANÁ,ACCID.DEP,8.0
MCE3,2023,11,ALTO PARANÁ,PROG.DEP,0.959469461515986
MCE3,2023,11,ALTO PARANÁ,PROD.DEP,2297.63816185737
MCE3,2023,11,ALTO PARANÁ,TOTAL DEP,50570.5991408385
MCE3,2023,11,ALTO PARANÁ,ACCID.FEP,4.0
MCE3,2023,11,ALTO PARANÁ,PROG.FEP,0.758306447451569
MCE3,2023,11,ALTO PARANÁ,PROD.FEP,2157.87726130064
MCE3,2023,11,ALTO PARANÁ,TOTAL FEP,69550.5310166331
MCE3,2023,11,ALTO PARANÁ,ACCID.PENF,4.0
MCE3,2023,11,ALTO PARANÁ,PROG.PENF,0.408379560428408
MCE3,2023,11,ALTO PARANÁ,PROD.PENF,3220.69102625648
MCE3,2023,11,ALTO PARANÁ,TOTAL PENEF,54111.6068981063
MCE4,2023,11,ALTO PARANÁ,ACCID.DEP,0.0
MCE4,2023,11,ALTO PARANÁ,PROG.DEP,0.585279926277394
MCE4,2023,11,ALTO PARANÁ,PROD.DEP,3755.43700890624
MCE4,2023,11,ALTO PARANÁ,ACCID.FEP,6.0
MCE4,2023,11,ALTO PARANÁ,TOTAL DEP,69966.5400925383
MCE4,2023,11,ALTO PARANÁ,PROG.FEP,0.12082577740957
MCE4,2023,11,ALTO PARANÁ,PROD.FEP,1726.71882247113
MCE4,2023,11,ALTO PARANÁ,TOTAL FEP,61345.9890552781
MCE4,2023,11,ALTO PARANÁ,ACCID.PENF,0.0
MCE4,2023,11,ALTO PARANÁ,PROG.PENF,0.566050670440095
MCE4,2023,11,ALTO PARANÁ,PROD.PENF,2072.74950092744
MCE4,2023,11,ALTO PARANÁ,TOTAL PENEF,69729.6720439584
MCE5,2023,11,ALTO PARANÁ,ACCID.DEP,9.0
MCE5,2023,11,ALTO PARANÁ,PROG.DEP,0.458263986894101
MCE5,2023,11,ALTO PARANÁ,PROD.DEP,1478.16777325819
MCE5,2023,11,ALTO PARANÁ,TOTAL DEP,65727.1330263448
MCE5,2023,11,ALTO PARANÁ,ACCID.FEP,7.0
MCE5,2023,11,ALTO PARANÁ,PROG.FEP,0.762045012257786
MCE5,2023,11,ALTO PARANÁ,PROD.FEP,2136.80518163525
MCE5,2023,11,ALTO PARANÁ,TOTAL FEP,59437.3954494131
MCE5,2023,11,ALTO PARANÁ,ACCID.PENF,2.0
MCE5,2023,11,ALTO PARANÁ,PROG.PENF,0.689132683462214
MCE5,2023,11,ALTO PARANÁ,PROD.PENF,4040.08585277526
MCE5,2023,11,ALTO PARANÁ,TOTAL PENEF,52334.619694219
MCE6,2023,11,ALTO PARANÁ,ACCID.DEP,0.0
MCE6,2023,11,ALTO PARANÁ,PROG.DEP,0.30958235788825
MCE6,2023,11,ALTO PARANÁ,PROD.DEP,3298.99246658915
MCE6,2023,11,ALTO PARANÁ,TOTAL DEP,62094.8200154807
MCE6,2023,11,ALTO PARANÁ,ACCID.FEP,4.0
MCE6,2023,11,ALTO PARANÁ,PROG.FEP,0.913020371605042
MCE6,2023,11,ALTO PARANÁ,PROD.FEP,1138.99542511296
MCE6,2023,11,ALTO PARANÁ,TOTAL FEP,54268.0426782649
MCE6,2023,11,ALTO PARANÁ,ACCID.PENF,3.0
K309,2023,11,ALTO PARANÁ,PROD.DEP,4137.4066435432
MCE6,2023,11,ALTO PARANÁ,PROD.PENF,4704.74113095535
MCE6,2023,11,ALTO PARANÁ,TOTAL PENEF,64442.8959215052
MCE7,2023,11,ALTO PARANÁ,ACCID.DEP,4.0
MCE7,2023,11,ALTO PARANÁ,PROG.DEP,0.606349591583586
MCE7,2023,11,ALTO PARANÁ,PROD.DEP,3055.19698851564
MCE7,2023,11,ALTO PARANÁ,TOTAL DEP,64885.0969130354
MCE7,2023,11,ALTO PARANÁ,ACCID.FEP,4.0
MCE7,2023,11,ALTO PARANÁ,PROG.FEP,0.228087919194059
MCE7,2023,11,ALTO PARANÁ,PROD.FEP,3802.36095591586
MCE7,2023,11,ALTO PARANÁ,TOTAL FEP,63707.2735305003
MCE7,2023,11,ALTO PARANÁ,ACCID.PENF,7.0
MCE7,2023,11,ALTO PARANÁ,PROG.PENF,0.508099935887288
MCE7,2023,11,ALTO PARANÁ,PROD.PENF,1698.21720455341
MCE7,2023,11,ALTO PARANÁ,TOTAL PENEF,65654.7440667831
MPO1,2023,11,ALTO PARANÁ,ACCID.DEP,4.0
MPO1,2023,11,ALTO PARANÁ,PROG.DEP,0.215710551758644
MPO1,2023,11,ALTO PARANÁ,PROD.DEP,3208.28379657044
MPO1,2023,11,ALTO PARANÁ,TOTAL DEP,55358.1450242398
MCE6,2023,11,ALTO PARANÁ,PROG.PENF,0.729488436188073
K309,2023,11,ALTO PARANÁ,TOTAL DEP,62942.4651171494
K309,2023,11,ALTO PARANÁ,PROG.DEP,0.228427729162581
MPO1,2023,11,ALTO PARANÁ,ACCID.FEP,8.0
MPO1,2023,11,ALTO PARANÁ,PROD.FEP,4995.44811608632
MPO1,2023,11,ALTO PARANÁ,PROG.PENF,0.563276468039734
MPO1,2023,11,ALTO PARANÁ,PROD.PENF,2133.91886070671
MPO1,2023,11,ALTO PARANÁ,TOTAL PENEF,54602.3510558185
MPO1,2023,11,ALTO PARANÁ,TOTAL FEP,62351.0358894869
MPO2,2023,11,CANINDEYU,PROG.DEP,0.170759966590955
MPO2,2023,11,CANINDEYU,PROD.DEP,4052.0121033998
MPO2,2023,11,CANINDEYU,TOTAL DEP,57649.928840096
MPO2,2023,11,CANINDEYU,ACCID.FEP,4.0
MPO2,2023,11,CANINDEYU,PROG.FEP,0.99392049351275
MPO2,2023,11,CANINDEYU,PROD.FEP,1992.87115429394
MPO2,2023,11,CANINDEYU,TOTAL FEP,63637.6486649451
MPO2,2023,11,CANINDEYU,ACCID.PENF,2.0
MPO2,2023,11,CANINDEYU,PROG.PENF,0.566382117127004
MPO2,2023,11,CANINDEYU,PROD.PENF,1325.78127895598
MPO2,2023,11,CANINDEYU,TOTAL PENEF,63473.0678426316
MPO3,2023,11,ALTO PARANÁ,ACCID.DEP,8.0
MPO3,2023,11,ALTO PARANÁ,PROG.DEP,0.561847626449528
MPO3,2023,11,ALTO PARANÁ,PROD.DEP,2809.20660196636
MPO3,2023,11,ALTO PARANÁ,TOTAL DEP,57449.9313515541
MPO3,2023,11,ALTO PARANÁ,ACCID.FEP,3.0
MPO3,2023,11,ALTO PARANÁ,PROG.FEP,0.1726435721128
MPO3,2023,11,ALTO PARANÁ,PROD.FEP,3169.68393174846
MPO3,2023,11,ALTO PARANÁ,TOTAL FEP,61520.2571172444
MPO3,2023,11,ALTO PARANÁ,ACCID.PENF,9.0
MPO3,2023,11,ALTO PARANÁ,PROG.PENF,0.612494495336559
MPO3,2023,11,ALTO PARANÁ,PROD.PENF,4516.46022539472
MPO2,2023,11,CANINDEYU,ACCID.DEP,8.0
NAR2,2023,11,ALTO PARANÁ,ACCID.DEP,9.0
NAR2,2023,11,ALTO PARANÁ,PROG.DEP,0.126358297090429
NAR2,2023,11,ALTO PARANÁ,PROD.DEP,3358.01242572974
NAR2,2023,11,ALTO PARANÁ,TOTAL DEP,51449.2309382481
NAR2,2023,11,ALTO PARANÁ,ACCID.FEP,6.0
NAR2,2023,11,ALTO PARANÁ,PROG.FEP,0.584149887662045
NAR2,2023,11,ALTO PARANÁ,PROD.FEP,3644.29509335005
MPO3,2023,11,ALTO PARANÁ,TOTAL PENEF,55549.9086483715
NAR2,2023,11,ALTO PARANÁ,ACCID.PENF,1.0
NAR2,2023,11,ALTO PARANÁ,PROG.PENF,0.806170879349417
NAR2,2023,11,ALTO PARANÁ,PROD.PENF,3434.18525898528
NAR2,2023,11,ALTO PARANÁ,TOTAL PENEF,50685.5472533136
NAR4,2023,11,ALTO PARANÁ,ACCID.DEP,9.0
NAR4,2023,11,ALTO PARANÁ,PROG.DEP,0.297251126665016
NAR4,2023,11,ALTO PARANÁ,PROD.DEP,3808.26496020487
NAR4,2023,11,ALTO PARANÁ,TOTAL DEP,56811.8020572483
NAR4,2023,11,ALTO PARANÁ,ACCID.FEP,3.0
NAR4,2023,11,ALTO PARANÁ,PROG.FEP,0.369097607682527
NAR4,2023,11,ALTO PARANÁ,PROD.FEP,3071.95886573618
NAR4,2023,11,ALTO PARANÁ,TOTAL FEP,69562.6770488061
NAR4,2023,11,ALTO PARANÁ,ACCID.PENF,3.0
NAR4,2023,11,ALTO PARANÁ,PROG.PENF,0.396820862165737
NAR4,2023,11,ALTO PARANÁ,PROD.PENF,3889.54435074634
NAR4,2023,11,ALTO PARANÁ,TOTAL PENEF,54109.0365509293
NAR5,2023,11,ALTO PARANÁ,ACCID.DEP,1.0
NAR5,2023,11,ALTO PARANÁ,PROG.DEP,0.327054494380376
NAR5,2023,11,ALTO PARANÁ,PROD.DEP,4964.25989203538
NAR5,2023,11,ALTO PARANÁ,TOTAL DEP,51612.9318766949
NAR5,2023,11,ALTO PARANÁ,ACCID.FEP,2.0
NAR5,2023,11,ALTO PARANÁ,PROG.FEP,0.311650686089545
NAR5,2023,11,ALTO PARANÁ,PROD.FEP,3891.27960408656
NAR5,2023,11,ALTO PARANÁ,TOTAL FEP,61713.6623043282
NAR5,2023,11,ALTO PARANÁ,ACCID.PENF,9.0
NAR5,2023,11,ALTO PARANÁ,PROG.PENF,0.66365439833029
NAR5,2023,11,ALTO PARANÁ,PROD.PENF,1042.74240676291
NAR5,2023,11,ALTO PARANÁ,TOTAL PENEF,55251.6362240061
NAR6,2023,11,ALTO PARANÁ,ACCID.DEP,4.0
NAR6,2023,11,ALTO PARANÁ,PROG.DEP,0.505469781722215
NAR6,2023,11,ALTO PARANÁ,PROD.DEP,4148.94617118548
NAR6,2023,11,ALTO PARANÁ,TOTAL DEP,65717.5384829445
NAR6,2023,11,ALTO PARANÁ,ACCID.FEP,3.0
NAR6,2023,11,ALTO PARANÁ,PROG.FEP,0.398365602163658
NAR6,2023,11,ALTO PARANÁ,PROD.FEP,3558.19538806299
NAR6,2023,11,ALTO PARANÁ,TOTAL FEP,61714.6715762626
NAR6,2023,11,ALTO PARANÁ,ACCID.PENF,9.0
NAR6,2023,11,ALTO PARANÁ,PROG.PENF,0.553093971274492
NAR6,2023,11,ALTO PARANÁ,PROD.PENF,4752.87557178092
NAR6,2023,11,ALTO PARANÁ,TOTAL PENEF,56465.411503439
NAR8,2023,11,ALTO PARANÁ,ACCID.DEP,3.0
NAR8,2023,11,ALTO PARANÁ,PROG.DEP,0.497098305975506
NAR8,2023,11,ALTO PARANÁ,PROD.DEP,4270.71904172104
NAR8,2023,11,ALTO PARANÁ,TOTAL DEP,54941.2098398782
NAR8,2023,11,ALTO PARANÁ,ACCID.FEP,4.0
NAR8,2023,11,ALTO PARANÁ,PROD.FEP,1811.74063233288
NAR8,2023,11,ALTO PARANÁ,PROG.FEP,0.794132039259587
NAR8,2023,11,ALTO PARANÁ,TOTAL FEP,59000.3741319651
NAR8,2023,11,ALTO PARANÁ,ACCID.PENF,6.0
NAR8,2023,11,ALTO PARANÁ,PROG.PENF,0.550277483398711
NAR8,2023,11,ALTO PARANÁ,PROD.PENF,2724.0587627679
NAR8,2023,11,ALTO PARANÁ,TOTAL PENEF,65616.3887086384
PBU1,2023,11,ALTO PARANÁ,ACCID.DEP,0.0
PBU1,2023,11,ALTO PARANÁ,PROG.DEP,0.471316831366226
PBU1,2023,11,ALTO PARANÁ,PROD.DEP,4858.57845790331
PBU1,2023,11,ALTO PARANÁ,TOTAL DEP,57134.3273319156
PBU1,2023,11,ALTO PARANÁ,ACCID.FEP,3.0
PBU1,2023,11,ALTO PARANÁ,PROG.FEP,0.715320703499237
PBU1,2023,11,ALTO PARANÁ,PROD.FEP,2239.40740491769
PBU1,2023,11,ALTO PARANÁ,TOTAL FEP,61998.6855402023
MPO1,2023,11,ALTO PARANÁ,ACCID.PENF,5.0
NAR2,2023,11,ALTO PARANÁ,TOTAL FEP,66698.0834167169
MPO1,2023,11,ALTO PARANÁ,PROG.FEP,0.472794248441096
PBU1,2023,11,ALTO PARANÁ,ACCID.PENF,9.0
PBU1,2023,11,ALTO PARANÁ,PROG.PENF,0.306449591529256
PBU1,2023,11,ALTO PARANÁ,PROD.PENF,2011.57928248248
PBU2,2023,11,ALTO PARANÁ,PROD.DEP,4002.73453101148
PBU2,2023,11,ALTO PARANÁ,TOTAL DEP,61871.6575893709
PBU2,2023,11,ALTO PARANÁ,ACCID.FEP,6.0
PBU2,2023,11,ALTO PARANÁ,PROG.FEP,0.903893966134121
PBU2,2023,11,ALTO PARANÁ,PROD.FEP,1196.40841620265
PBU2,2023,11,ALTO PARANÁ,TOTAL FEP,60742.0167445966
PBU2,2023,11,ALTO PARANÁ,ACCID.PENF,6.0
PBU2,2023,11,ALTO PARANÁ,PROG.PENF,0.397866526367639
PBU2,2023,11,ALTO PARANÁ,PROD.PENF,4199.56446800615
PBU2,2023,11,ALTO PARANÁ,TOTAL PENEF,63872.4523081074
PBU3,2023,11,ALTO PARANÁ,ACCID.DEP,4.0
PBU3,2023,11,ALTO PARANÁ,PROG.DEP,0.489103735317128
PBU3,2023,11,ALTO PARANÁ,PROD.DEP,1179.93072923288
PBU3,2023,11,ALTO PARANÁ,TOTAL DEP,60914.8238469726
PBU3,2023,11,ALTO PARANÁ,ACCID.FEP,3.0
PBU3,2023,11,ALTO PARANÁ,PROG.FEP,0.322272174506266
PBU3,2023,11,ALTO PARANÁ,PROD.FEP,3893.60755741862
PBU2,2023,11,ALTO PARANÁ,ACCID.DEP,1.0
PBU3,2023,11,ALTO PARANÁ,ACCID.PENF,3.0
PBU3,2023,11,ALTO PARANÁ,PROG.PENF,0.505466104303915
PBU3,2023,11,ALTO PARANÁ,PROD.PENF,1081.38569276186
PBU3,2023,11,ALTO PARANÁ,TOTAL PENEF,53815.90909061
PBU4,2023,11,ALTO PARANÁ,ACCID.DEP,9.0
PBU4,2023,11,ALTO PARANÁ,PROG.DEP,0.446817314134317
PBU4,2023,11,ALTO PARANÁ,PROD.DEP,3085.74920302028
PBU4,2023,11,ALTO PARANÁ,TOTAL DEP,53516.7331513843
PBU4,2023,11,ALTO PARANÁ,ACCID.FEP,8.0
PBU4,2023,11,ALTO PARANÁ,PROG.FEP,0.445792282577695
PBU4,2023,11,ALTO PARANÁ,PROD.FEP,1805.42073097218
PBU4,2023,11,ALTO PARANÁ,TOTAL FEP,69064.8785774902
PBU4,2023,11,ALTO PARANÁ,ACCID.PENF,5.0
PBU4,2023,11,ALTO PARANÁ,PROG.PENF,0.485669589295993
PBU4,2023,11,ALTO PARANÁ,PROD.PENF,2593.44365623819
PBU4,2023,11,ALTO PARANÁ,TOTAL PENEF,63208.8485486617
PBU5,2023,11,ALTO PARANÁ,ACCID.DEP,8.0
PBU5,2023,11,ALTO PARANÁ,PROG.DEP,0.404652294557211
PBU5,2023,11,ALTO PARANÁ,PROD.DEP,4359.58781802181
PBU5,2023,11,ALTO PARANÁ,TOTAL DEP,67130.5235748302
PBU5,2023,11,ALTO PARANÁ,ACCID.FEP,2.0
PBU5,2023,11,ALTO PARANÁ,PROG.FEP,0.371068622109698
PBU5,2023,11,ALTO PARANÁ,PROD.FEP,4385.74441877355
PBU5,2023,11,ALTO PARANÁ,TOTAL FEP,60716.219213799
PBU5,2023,11,ALTO PARANÁ,ACCID.PENF,6.0
PBU5,2023,11,ALTO PARANÁ,PROG.PENF,0.13617336328234
PBU5,2023,11,ALTO PARANÁ,PROD.PENF,1972.08099404245
PBU5,2023,11,ALTO PARANÁ,TOTAL PENEF,52346.3133951371
PFO1,2023,11,ALTO PARANÁ,ACCID.DEP,2.0
PFO1,2023,11,ALTO PARANÁ,PROG.DEP,0.196817579148825
PFO1,2023,11,ALTO PARANÁ,PROD.DEP,4943.93294336083
PFO1,2023,11,ALTO PARANÁ,TOTAL DEP,57600.9977484476
PFO1,2023,11,ALTO PARANÁ,ACCID.FEP,3.0
PFO1,2023,11,ALTO PARANÁ,PROG.FEP,0.695679088547594
PFO1,2023,11,ALTO PARANÁ,PROD.FEP,2481.32358962777
PFO1,2023,11,ALTO PARANÁ,TOTAL FEP,67939.8419160582
PFO1,2023,11,ALTO PARANÁ,ACCID.PENF,4.0
PFO1,2023,11,ALTO PARANÁ,PROG.PENF,0.574624723892295
PFO1,2023,11,ALTO PARANÁ,PROD.PENF,2665.46988641703
PFO1,2023,11,ALTO PARANÁ,TOTAL PENEF,52710.663817276
PFO10,2023,11,ALTO PARANÁ,ACCID.DEP,6.0
PFO10,2023,11,ALTO PARANÁ,PROG.DEP,0.570328808436364
PFO10,2023,11,ALTO PARANÁ,PROD.DEP,4337.95156568209
PFO10,2023,11,ALTO PARANÁ,TOTAL DEP,57630.2699908509
PFO10,2023,11,ALTO PARANÁ,ACCID.FEP,9.0
PFO10,2023,11,ALTO PARANÁ,PROG.FEP,0.467160504096638
PFO10,2023,11,ALTO PARANÁ,PROD.FEP,4284.01678238386
PFO10,2023,11,ALTO PARANÁ,TOTAL FEP,62023.5422592839
PFO10,2023,11,ALTO PARANÁ,ACCID.PENF,8.0
PFO10,2023,11,ALTO PARANÁ,PROG.PENF,0.421072766034331
PFO10,2023,11,ALTO PARANÁ,PROD.PENF,3214.13946276708
PFO10,2023,11,ALTO PARANÁ,TOTAL PENEF,61344.0448774773
PFO11,2023,11,ALTO PARANÁ,ACCID.DEP,6.0
PFO11,2023,11,ALTO PARANÁ,PROG.DEP,0.226637075497227
PFO11,2023,11,ALTO PARANÁ,PROD.DEP,3684.10736867621
PFO11,2023,11,ALTO PARANÁ,TOTAL DEP,65091.2036407474
PFO11,2023,11,ALTO PARANÁ,ACCID.FEP,3.0
PFO11,2023,11,ALTO PARANÁ,PROG.FEP,0.472419356933488
PFO11,2023,11,ALTO PARANÁ,PROD.FEP,4656.1373918418
PFO11,2023,11,ALTO PARANÁ,TOTAL FEP,65706.9928302538
PFO11,2023,11,ALTO PARANÁ,ACCID.PENF,1.0
PFO11,2023,11,ALTO PARANÁ,PROG.PENF,0.107339802447727
PFO11,2023,11,ALTO PARANÁ,PROD.PENF,2451.42388199533
PFO11,2023,11,ALTO PARANÁ,TOTAL PENEF,54810.1100641265
PFO12,2023,11,ALTO PARANÁ,ACCID.DEP,9.0
PFO12,2023,11,ALTO PARANÁ,PROG.DEP,0.697211698559135
PFO12,2023,11,ALTO PARANÁ,PROD.DEP,4955.15190485051
PFO12,2023,11,ALTO PARANÁ,TOTAL DEP,51216.9870308363
PFO12,2023,11,ALTO PARANÁ,ACCID.FEP,6.0
PFO12,2023,11,ALTO PARANÁ,PROG.FEP,0.887106185552376
PFO12,2023,11,ALTO PARANÁ,PROD.FEP,2869.94795896136
PFO12,2023,11,ALTO PARANÁ,TOTAL FEP,58726.627305053
PFO12,2023,11,ALTO PARANÁ,ACCID.PENF,3.0
PFO12,2023,11,ALTO PARANÁ,PROG.PENF,0.729528244922559
PFO12,2023,11,ALTO PARANÁ,PROD.PENF,3556.46242583833
PFO12,2023,11,ALTO PARANÁ,TOTAL PENEF,66398.5556496136
PBU2,2023,11,ALTO PARANÁ,PROG.DEP,0.81567363185957
PBU1,2023,11,ALTO PARANÁ,TOTAL PENEF,56390.8131022773
PBU3,2023,11,ALTO PARANÁ,TOTAL FEP,60746.6747222612
PFO14,2023,11,ALTO PARANÁ,ACCID.DEP,3.0
PFO14,2023,11,ALTO PARANÁ,ACCID.FEP,7.0
PFO14,2023,11,ALTO PARANÁ,PROG.FEP,0.639500090837687
PFO14,2023,11,ALTO PARANÁ,PROD.FEP,4162.37443802051
PFO14,2023,11,ALTO PARANÁ,TOTAL FEP,60503.0484998564
PFO14,2023,11,ALTO PARANÁ,ACCID.PENF,6.0
PFO14,2023,11,ALTO PARANÁ,PROG.PENF,0.835632725648937
PFO14,2023,11,ALTO PARANÁ,PROD.PENF,1025.04799019688
PFO14,2023,11,ALTO PARANÁ,TOTAL PENEF,61027.1748667927
PFO15,2023,11,ALTO PARANÁ,ACCID.DEP,0.0
PFO15,2023,11,ALTO PARANÁ,PROG.DEP,0.404141995682664
PFO15,2023,11,ALTO PARANÁ,PROD.DEP,1169.90392409884
PFO15,2023,11,ALTO PARANÁ,TOTAL DEP,52250.1617722537
PFO15,2023,11,ALTO PARANÁ,ACCID.FEP,3.0
PFO15,2023,11,ALTO PARANÁ,PROG.FEP,0.269650297979179
PFO15,2023,11,ALTO PARANÁ,PROD.FEP,3938.16125836005
PFO15,2023,11,ALTO PARANÁ,TOTAL FEP,64995.043758713
PFO15,2023,11,ALTO PARANÁ,ACCID.PENF,0.0
PFO15,2023,11,ALTO PARANÁ,PROG.PENF,0.934835868281549
PFO15,2023,11,ALTO PARANÁ,PROD.PENF,2976.81260914774
PFO15,2023,11,ALTO PARANÁ,TOTAL PENEF,64539.4472210467
PFO16,2023,11,ALTO PARANÁ,ACCID.DEP,6.0
PFO16,2023,11,ALTO PARANÁ,PROG.DEP,0.134523475821885
PFO16,2023,11,ALTO PARANÁ,PROD.DEP,3274.82758174049
PFO16,2023,11,ALTO PARANÁ,TOTAL DEP,54262.973506395
PFO16,2023,11,ALTO PARANÁ,ACCID.FEP,6.0
PFO16,2023,11,ALTO PARANÁ,PROG.FEP,0.539754485855564
PFO16,2023,11,ALTO PARANÁ,PROD.FEP,1547.22116625518
PFO16,2023,11,ALTO PARANÁ,TOTAL FEP,63491.6471189753
PFO16,2023,11,ALTO PARANÁ,ACCID.PENF,6.0
PFO16,2023,11,ALTO PARANÁ,PROG.PENF,0.401232927480201
PFO16,2023,11,ALTO PARANÁ,PROD.PENF,4181.07605933914
PFO16,2023,11,ALTO PARANÁ,TOTAL PENEF,65877.3454000563
PFO17,2023,11,ALTO PARANÁ,ACCID.DEP,6.0
PFO17,2023,11,ALTO PARANÁ,PROG.DEP,0.580634894409844
PFO17,2023,11,ALTO PARANÁ,PROD.DEP,1500.96226183313
PFO17,2023,11,ALTO PARANÁ,TOTAL DEP,65136.5051513902
PFO17,2023,11,ALTO PARANÁ,ACCID.FEP,5.0
PFO17,2023,11,ALTO PARANÁ,PROG.FEP,0.572271432611543
PFO17,2023,11,ALTO PARANÁ,PROD.FEP,1245.33272189733
PFO17,2023,11,ALTO PARANÁ,TOTAL FEP,54582.4284201554
PFO17,2023,11,ALTO PARANÁ,ACCID.PENF,6.0
PFO17,2023,11,ALTO PARANÁ,PROG.PENF,0.765050100701804
PFO17,2023,11,ALTO PARANÁ,PROD.PENF,4585.7371843411
PFO17,2023,11,ALTO PARANÁ,TOTAL PENEF,61485.8550888031
PFO2,2023,11,ALTO PARANÁ,ACCID.DEP,5.0
PFO2,2023,11,ALTO PARANÁ,PROG.DEP,0.806533209980794
PFO2,2023,11,ALTO PARANÁ,PROD.DEP,4503.95185223653
PFO2,2023,11,ALTO PARANÁ,TOTAL DEP,56895.9747346611
PFO2,2023,11,ALTO PARANÁ,ACCID.FEP,7.0
PFO2,2023,11,ALTO PARANÁ,PROG.FEP,0.927072286869342
PFO2,2023,11,ALTO PARANÁ,PROD.FEP,2575.93980234207
PFO2,2023,11,ALTO PARANÁ,TOTAL FEP,56690.475589084
PFO2,2023,11,ALTO PARANÁ,ACCID.PENF,8.0
PFO2,2023,11,ALTO PARANÁ,PROG.PENF,0.72790129314327
PFO2,2023,11,ALTO PARANÁ,PROD.PENF,4386.83925308515
PFO2,2023,11,ALTO PARANÁ,TOTAL PENEF,59325.1040301101
PFO3,2023,11,ALTO PARANÁ,ACCID.DEP,6.0
PFO3,2023,11,ALTO PARANÁ,PROG.DEP,0.335208558383517
PFO3,2023,11,ALTO PARANÁ,PROD.DEP,4910.30985866326
PFO3,2023,11,ALTO PARANÁ,TOTAL DEP,65541.1040623067
PFO3,2023,11,ALTO PARANÁ,ACCID.FEP,5.0
PFO3,2023,11,ALTO PARANÁ,PROG.FEP,0.511413764525722
PFO3,2023,11,ALTO PARANÁ,PROD.FEP,1806.29146594692
PFO3,2023,11,ALTO PARANÁ,TOTAL FEP,54246.4290631657
PFO3,2023,11,ALTO PARANÁ,ACCID.PENF,8.0
PFO3,2023,11,ALTO PARANÁ,PROG.PENF,0.214276368575479
PFO3,2023,11,ALTO PARANÁ,PROD.PENF,3446.19625493618
PFO3,2023,11,ALTO PARANÁ,TOTAL PENEF,60937.4766791213
PFO4,2023,11,ALTO PARANÁ,ACCID.DEP,1.0
PFO4,2023,11,ALTO PARANÁ,PROG.DEP,0.372608559110733
PFO4,2023,11,ALTO PARANÁ,PROD.DEP,2292.97743712616
PFO4,2023,11,ALTO PARANÁ,TOTAL DEP,64461.3591424581
PFO4,2023,11,ALTO PARANÁ,ACCID.FEP,1.0
PFO4,2023,11,ALTO PARANÁ,PROG.FEP,0.455932246646033
PFO4,2023,11,ALTO PARANÁ,PROD.FEP,1556.79865013829
PFO4,2023,11,ALTO PARANÁ,TOTAL FEP,63141.4912516831
PFO4,2023,11,ALTO PARANÁ,ACCID.PENF,6.0
PFO4,2023,11,ALTO PARANÁ,PROG.PENF,0.364275617515312
PFO4,2023,11,ALTO PARANÁ,PROD.PENF,4658.62085636457
PFO4,2023,11,ALTO PARANÁ,TOTAL PENEF,50051.1303699371
PFO5,2023,11,ALTO PARANÁ,ACCID.DEP,4.0
PFO5,2023,11,ALTO PARANÁ,PROG.DEP,0.948643800404509
PFO5,2023,11,ALTO PARANÁ,PROD.DEP,4839.34996191976
PFO5,2023,11,ALTO PARANÁ,TOTAL DEP,54162.1308176323
PFO5,2023,11,ALTO PARANÁ,ACCID.FEP,1.0
PFO5,2023,11,ALTO PARANÁ,PROG.FEP,0.886178415842289
PFO5,2023,11,ALTO PARANÁ,PROD.FEP,1851.87337289607
PFO5,2023,11,ALTO PARANÁ,TOTAL FEP,56869.1939018882
PFO5,2023,11,ALTO PARANÁ,ACCID.PENF,9.0
PFO5,2023,11,ALTO PARANÁ,PROG.PENF,0.349232898051871
PFO5,2023,11,ALTO PARANÁ,PROD.PENF,2008.37465450693
PFO5,2023,11,ALTO PARANÁ,TOTAL PENEF,67334.2176857615
PFO6,2023,11,ALTO PARANÁ,ACCID.DEP,6.0
PFO6,2023,11,ALTO PARANÁ,PROG.DEP,0.120323147502837
PFO6,2023,11,ALTO PARANÁ,PROD.DEP,2747.21039251814
PFO6,2023,11,ALTO PARANÁ,TOTAL DEP,55005.3171256491
PFO14,2023,11,ALTO PARANÁ,PROD.DEP,1675.00258411787
PFO14,2023,11,ALTO PARANÁ,TOTAL DEP,63134.6315447411
PFO14,2023,11,ALTO PARANÁ,PROG.DEP,0.257556571805065
PFO6,2023,11,ALTO PARANÁ,ACCID.FEP,3.0
PFO6,2023,11,ALTO PARANÁ,PROG.FEP,0.950070519968111
PFO6,2023,11,ALTO PARANÁ,PROG.PENF,0.735074686979007
PFO6,2023,11,ALTO PARANÁ,PROD.PENF,4528.63437820278
PFO6,2023,11,ALTO PARANÁ,TOTAL PENEF,69805.2326865246
PFO7,2023,11,ALTO PARANÁ,ACCID.DEP,5.0
PFO7,2023,11,ALTO PARANÁ,PROG.DEP,0.44473842689085
PFO7,2023,11,ALTO PARANÁ,PROD.DEP,1849.2616648646
PFO7,2023,11,ALTO PARANÁ,TOTAL DEP,67202.9484101197
PFO7,2023,11,ALTO PARANÁ,ACCID.FEP,3.0
PFO7,2023,11,ALTO PARANÁ,PROG.FEP,0.159107047842903
PFO7,2023,11,ALTO PARANÁ,PROD.FEP,1618.32542357906
PFO7,2023,11,ALTO PARANÁ,TOTAL FEP,59161.0461659864
PFO7,2023,11,ALTO PARANÁ,ACCID.PENF,5.0
PFO7,2023,11,ALTO PARANÁ,PROG.PENF,0.631218402840806
PFO7,2023,11,ALTO PARANÁ,PROD.PENF,3784.66923295191
PFO7,2023,11,ALTO PARANÁ,TOTAL PENEF,69070.3983719804
PFO8,2023,11,ALTO PARANÁ,ACCID.DEP,5.0
PFO8,2023,11,ALTO PARANÁ,PROG.DEP,0.423024347009096
PFO8,2023,11,ALTO PARANÁ,PROD.DEP,2383.5075162546
PFO8,2023,11,ALTO PARANÁ,TOTAL DEP,64694.1560459992
PFO8,2023,11,ALTO PARANÁ,ACCID.FEP,2.0
PFO8,2023,11,ALTO PARANÁ,PROG.FEP,0.897999783133749
PFO8,2023,11,ALTO PARANÁ,PROD.FEP,1048.27817795163
PFO8,2023,11,ALTO PARANÁ,TOTAL FEP,54191.970417819
PFO8,2023,11,ALTO PARANÁ,ACCID.PENF,5.0
PFO8,2023,11,ALTO PARANÁ,PROG.PENF,0.257421587325209
PFO8,2023,11,ALTO PARANÁ,PROD.PENF,3867.18846916073
PFO8,2023,11,ALTO PARANÁ,TOTAL PENEF,55978.6363668384
PFO9,2023,11,ALTO PARANÁ,ACCID.DEP,9.0
PFO9,2023,11,ALTO PARANÁ,PROG.DEP,0.675809237947184
PFO9,2023,11,ALTO PARANÁ,PROD.DEP,4809.3546218126
PFO9,2023,11,ALTO PARANÁ,TOTAL DEP,54414.7262771488
PFO9,2023,11,ALTO PARANÁ,ACCID.FEP,5.0
PFO9,2023,11,ALTO PARANÁ,PROG.FEP,0.603329094523085
PFO9,2023,11,ALTO PARANÁ,PROD.FEP,3816.78902505012
PFO9,2023,11,ALTO PARANÁ,TOTAL FEP,56306.5491228318
PFO9,2023,11,ALTO PARANÁ,ACCID.PENF,6.0
PFO9,2023,11,ALTO PARANÁ,PROG.PENF,0.227597169783482
PFO9,2023,11,ALTO PARANÁ,PROD.PENF,4501.06973000506
PFO9,2023,11,ALTO PARANÁ,TOTAL PENEF,64251.0019447624
PIH1,2023,11,ALTO PARANÁ,ACCID.DEP,6.0
PIH1,2023,11,ALTO PARANÁ,PROG.DEP,0.721216949776411
PIH1,2023,11,ALTO PARANÁ,PROD.DEP,3235.86111145196
PIH1,2023,11,ALTO PARANÁ,TOTAL DEP,63161.3101797528
PIH1,2023,11,ALTO PARANÁ,ACCID.FEP,2.0
PIH1,2023,11,ALTO PARANÁ,PROG.FEP,0.776961465477199
PIH1,2023,11,ALTO PARANÁ,PROD.FEP,3794.6163197215
PIH1,2023,11,ALTO PARANÁ,TOTAL FEP,69730.8172178558
PIH1,2023,11,ALTO PARANÁ,ACCID.PENF,5.0
PIH1,2023,11,ALTO PARANÁ,PROG.PENF,0.872441506406144
PIH1,2023,11,ALTO PARANÁ,PROD.PENF,2301.55850474176
PIH1,2023,11,ALTO PARANÁ,TOTAL PENEF,56167.8380336259
PIH2,2023,11,ALTO PARANÁ,ACCID.DEP,0.0
PIH2,2023,11,ALTO PARANÁ,PROG.DEP,0.449257640221442
PIH2,2023,11,ALTO PARANÁ,PROD.DEP,2933.50843169321
PIH2,2023,11,ALTO PARANÁ,TOTAL DEP,68633.1652701341
PIH2,2023,11,ALTO PARANÁ,ACCID.FEP,4.0
PIH2,2023,11,ALTO PARANÁ,PROG.FEP,0.371952374250742
PIH2,2023,11,ALTO PARANÁ,PROD.FEP,4141.8566690165
PIH2,2023,11,ALTO PARANÁ,TOTAL FEP,65921.8032612274
PIH2,2023,11,ALTO PARANÁ,ACCID.PENF,7.0
PIH2,2023,11,ALTO PARANÁ,PROG.PENF,0.477823407787437
PIH2,2023,11,ALTO PARANÁ,PROD.PENF,3071.15228843286
PIH2,2023,11,ALTO PARANÁ,TOTAL PENEF,62327.3049504467
PIH3,2023,11,ALTO PARANÁ,ACCID.DEP,6.0
PIH3,2023,11,ALTO PARANÁ,PROG.DEP,0.945236779778059
PIH3,2023,11,ALTO PARANÁ,PROD.DEP,1059.49513003554
PIH3,2023,11,ALTO PARANÁ,TOTAL DEP,58182.0438066177
PIH3,2023,11,ALTO PARANÁ,ACCID.FEP,7.0
PIH3,2023,11,ALTO PARANÁ,PROG.FEP,0.723022770906231
PIH3,2023,11,ALTO PARANÁ,PROD.FEP,3276.38048965657
PIH3,2023,11,ALTO PARANÁ,TOTAL FEP,55762.8140716615
PIH3,2023,11,ALTO PARANÁ,ACCID.PENF,8.0
PIH3,2023,11,ALTO PARANÁ,PROG.PENF,0.314910127249559
PIH3,2023,11,ALTO PARANÁ,PROD.PENF,4169.69398182452
PIH3,2023,11,ALTO PARANÁ,TOTAL PENEF,66102.9558804629
PIH4,2023,11,ALTO PARANÁ,ACCID.DEP,8.0
PIH4,2023,11,ALTO PARANÁ,PROG.DEP,0.572795191307674
PIH4,2023,11,ALTO PARANÁ,PROD.DEP,3184.9440649428
PIH4,2023,11,ALTO PARANÁ,TOTAL DEP,65009.9773477015
PIH4,2023,11,ALTO PARANÁ,ACCID.FEP,1.0
PIH4,2023,11,ALTO PARANÁ,PROG.FEP,0.134612607648365
PIH4,2023,11,ALTO PARANÁ,PROD.FEP,2828.04695898235
PIH4,2023,11,ALTO PARANÁ,TOTAL FEP,52147.8042598396
PIH4,2023,11,ALTO PARANÁ,ACCID.PENF,4.0
PIH4,2023,11,ALTO PARANÁ,PROG.PENF,0.263878492115757
PIH4,2023,11,ALTO PARANÁ,PROD.PENF,2146.97650725957
PIH4,2023,11,ALTO PARANÁ,TOTAL PENEF,57343.0066745265
PIH5,2023,11,ALTO PARANÁ,ACCID.DEP,6.0
PIH5,2023,11,ALTO PARANÁ,PROG.DEP,0.640183746053944
PIH5,2023,11,ALTO PARANÁ,PROD.DEP,2157.49810659248
PIH5,2023,11,ALTO PARANÁ,TOTAL DEP,66946.9715221646
PIH5,2023,11,ALTO PARANÁ,ACCID.FEP,0.0
PIH5,2023,11,ALTO PARANÁ,PROG.FEP,0.463213447649996
PIH5,2023,11,ALTO PARANÁ,PROD.FEP,1449.39921770342
PIH5,2023,11,ALTO PARANÁ,TOTAL FEP,56240.880977737
PFO6,2023,11,ALTO PARANÁ,PROD.FEP,1646.94045908788
PFO6,2023,11,ALTO PARANÁ,TOTAL FEP,59954.383614816
PFO6,2023,11,ALTO PARANÁ,ACCID.PENF,1.0
PIH5,2023,11,ALTO PARANÁ,ACCID.PENF,9.0
PIH6,2023,11,ALTO PARANÁ,ACCID.DEP,5.0
PIH6,2023,11,ALTO PARANÁ,PROG.DEP,0.553997340265296
PIH6,2023,11,ALTO PARANÁ,PROD.DEP,4220.70115504461
PIH6,2023,11,ALTO PARANÁ,TOTAL DEP,67614.0253086261
PIH6,2023,11,ALTO PARANÁ,ACCID.FEP,0.0
PIH6,2023,11,ALTO PARANÁ,PROG.FEP,0.482368585398704
PIH6,2023,11,ALTO PARANÁ,PROD.FEP,1716.23577609483
PIH6,2023,11,ALTO PARANÁ,TOTAL FEP,64551.3557952729
PIH6,2023,11,ALTO PARANÁ,ACCID.PENF,3.0
PIH6,2023,11,ALTO PARANÁ,PROG.PENF,0.636861353814658
PIH6,2023,11,ALTO PARANÁ,PROD.PENF,4001.946458767
PIH6,2023,11,ALTO PARANÁ,TOTAL PENEF,53753.0622689809
SGA1,2023,11,CANINDEYU,ACCID.DEP,3.0
SGA1,2023,11,CANINDEYU,PROG.DEP,0.152123190487223
SGA1,2023,11,CANINDEYU,PROD.DEP,4587.51371014929
SGA1,2023,11,CANINDEYU,TOTAL DEP,59553.2740746767
SGA1,2023,11,CANINDEYU,ACCID.FEP,9.0
SGA1,2023,11,CANINDEYU,PROG.FEP,0.535250631594902
SGA1,2023,11,CANINDEYU,PROD.FEP,4043.03232705816
SGA1,2023,11,CANINDEYU,TOTAL FEP,64445.8341774842
SGA1,2023,11,CANINDEYU,ACCID.PENF,7.0
SGA1,2023,11,CANINDEYU,PROG.PENF,0.876211727696674
SGA1,2023,11,CANINDEYU,PROD.PENF,3971.86788168414
SGA1,2023,11,CANINDEYU,TOTAL PENEF,68582.8126887302
SGA2,2023,11,CANINDEYU,ACCID.DEP,3.0
SGA2,2023,11,CANINDEYU,PROG.DEP,0.764371373643325
SGA2,2023,11,CANINDEYU,PROD.DEP,1002.1118676862
SGA2,2023,11,CANINDEYU,TOTAL DEP,54682.594604934
SGA2,2023,11,CANINDEYU,ACCID.FEP,1.0
SGA2,2023,11,CANINDEYU,PROG.FEP,0.825685050209788
SGA2,2023,11,CANINDEYU,PROD.FEP,3392.46859102646
SGA2,2023,11,CANINDEYU,TOTAL FEP,54944.0153583841
SGA2,2023,11,CANINDEYU,ACCID.PENF,0.0
SGA2,2023,11,CANINDEYU,PROG.PENF,0.415378688276085
SGA2,2023,11,CANINDEYU,PROD.PENF,2231.9751375552
SGA2,2023,11,CANINDEYU,TOTAL PENEF,57648.4262062817
SGA3,2023,11,CANINDEYU,ACCID.DEP,1.0
SGA3,2023,11,CANINDEYU,PROG.DEP,0.316719208605983
SGA3,2023,11,CANINDEYU,PROD.DEP,1803.36009819778
SGA3,2023,11,CANINDEYU,TOTAL DEP,59478.3937150182
SGA3,2023,11,CANINDEYU,ACCID.FEP,9.0
SGA3,2023,11,CANINDEYU,PROG.FEP,0.703338158177728
SGA3,2023,11,CANINDEYU,PROD.FEP,2226.96593185836
PIH5,2023,11,ALTO PARANÁ,PROG.PENF,0.699877903496834
SGA3,2023,11,CANINDEYU,ACCID.PENF,0.0
SGA3,2023,11,CANINDEYU,PROG.PENF,0.51213920615846
SGA3,2023,11,CANINDEYU,PROD.PENF,3956.33304970571
SGA3,2023,11,CANINDEYU,TOTAL PENEF,62758.5826372056
SGA4,2023,11,CANINDEYU,ACCID.DEP,7.0
SGA4,2023,11,CANINDEYU,PROG.DEP,0.191314095887042
SGA4,2023,11,CANINDEYU,PROD.DEP,4361.10519603169
SGA4,2023,11,CANINDEYU,TOTAL DEP,65448.1531246699
SGA4,2023,11,CANINDEYU,ACCID.FEP,7.0
SGA4,2023,11,CANINDEYU,PROG.FEP,0.886595864592418
SGA4,2023,11,CANINDEYU,PROD.FEP,1663.04264812325
SGA4,2023,11,CANINDEYU,TOTAL FEP,65360.5584921165
SGA4,2023,11,CANINDEYU,ACCID.PENF,6.0
SGA4,2023,11,CANINDEYU,PROG.PENF,0.43952013801578
SGA4,2023,11,CANINDEYU,PROD.PENF,1786.49043250436
SGA4,2023,11,CANINDEYU,TOTAL PENEF,53958.0544869807
SGA5,2023,11,CANINDEYU,ACCID.DEP,9.0
SGA5,2023,11,CANINDEYU,PROG.DEP,0.800310624153672
SGA5,2023,11,CANINDEYU,PROD.DEP,1475.6422963788
SGA5,2023,11,CANINDEYU,TOTAL DEP,63600.8130696683
SGA5,2023,11,CANINDEYU,ACCID.FEP,1.0
SGA5,2023,11,CANINDEYU,PROG.FEP,0.164087909411177
SGA5,2023,11,CANINDEYU,PROD.FEP,3184.32747113247
SGA3,2023,11,CANINDEYU,TOTAL FEP,50296.5345442265
SGA5,2023,11,CANINDEYU,ACCID.PENF,1.0
SGA5,2023,11,CANINDEYU,PROG.PENF,0.194823515065066
SGA5,2023,11,CANINDEYU,PROD.PENF,4944.95429049258
SGA5,2023,11,CANINDEYU,TOTAL PENEF,61188.8537714967
SGA6,2023,11,CANINDEYU,ACCID.DEP,6.0
SGA6,2023,11,CANINDEYU,PROG.DEP,0.55875039284668
SGA6,2023,11,CANINDEYU,PROD.DEP,2754.32082624755
SGA6,2023,11,CANINDEYU,TOTAL DEP,61481.1953977199
SGA6,2023,11,CANINDEYU,ACCID.FEP,5.0
SGA6,2023,11,CANINDEYU,PROG.FEP,0.966952168682153
SGA6,2023,11,CANINDEYU,PROD.FEP,1183.03751139711
SGA6,2023,11,CANINDEYU,TOTAL FEP,68992.9701220242
SGA6,2023,11,CANINDEYU,ACCID.PENF,4.0
SGA6,2023,11,CANINDEYU,PROG.PENF,0.561766316503863
SGA6,2023,11,CANINDEYU,PROD.PENF,2428.45948916509
SGA6,2023,11,CANINDEYU,TOTAL PENEF,54811.2795283249
SRI1,2023,11,ALTO PARANÁ,ACCID.DEP,8.0
SRI1,2023,11,ALTO PARANÁ,PROG.DEP,0.793128322665701
SRI1,2023,11,ALTO PARANÁ,PROD.DEP,1953.98769969736
SRI1,2023,11,ALTO PARANÁ,TOTAL DEP,60608.8387959342
SRI1,2023,11,ALTO PARANÁ,ACCID.FEP,9.0
SRI1,2023,11,ALTO PARANÁ,PROG.FEP,0.364240624818271
SRI1,2023,11,ALTO PARANÁ,PROD.FEP,2471.8465657549
SRI1,2023,11,ALTO PARANÁ,TOTAL FEP,63065.8166310528
SRI1,2023,11,ALTO PARANÁ,ACCID.PENF,6.0
SRI1,2023,11,ALTO PARANÁ,PROG.PENF,0.912296151642489
SRI1,2023,11,ALTO PARANÁ,PROD.PENF,2620.08911927181
SRI1,2023,11,ALTO PARANÁ,TOTAL PENEF,63439.328643379
PIH5,2023,11,ALTO PARANÁ,TOTAL PENEF,65374.1438923683
PIH5,2023,11,ALTO PARANÁ,PROD.PENF,2405.1352462378
SGA5,2023,11,CANINDEYU,TOTAL FEP,60687.6017703755
SRI2,2023,11,ALTO PARANÁ,ACCID.DEP,4.0
SRI2,2023,11,ALTO PARANÁ,ACCID.FEP,9.0
SRI2,2023,11,ALTO PARANÁ,PROG.FEP,0.383721260843793
SRI2,2023,11,ALTO PARANÁ,PROD.FEP,2144.37386248191
SRI2,2023,11,ALTO PARANÁ,TOTAL FEP,58596.6908142732
SRI2,2023,11,ALTO PARANÁ,ACCID.PENF,8.0
SRI2,2023,11,ALTO PARANÁ,PROG.PENF,0.40770558224146
SRI2,2023,11,ALTO PARANÁ,PROD.PENF,2028.01074427258
SRI2,2023,11,ALTO PARANÁ,TOTAL PENEF,60085.7891825428
SRI3,2023,11,ALTO PARANÁ,ACCID.DEP,0.0
SRI3,2023,11,ALTO PARANÁ,PROG.DEP,0.23832287601501
SRI3,2023,11,ALTO PARANÁ,PROD.DEP,1272.09864235417
SRI3,2023,11,ALTO PARANÁ,TOTAL DEP,63234.6406516835
SRI3,2023,11,ALTO PARANÁ,ACCID.FEP,5.0
SRI3,2023,11,ALTO PARANÁ,PROG.FEP,0.635945019422157
SRI3,2023,11,ALTO PARANÁ,PROD.FEP,3793.96569720219
SRI3,2023,11,ALTO PARANÁ,TOTAL FEP,67970.9668145121
SRI3,2023,11,ALTO PARANÁ,ACCID.PENF,6.0
SRI3,2023,11,ALTO PARANÁ,PROG.PENF,0.936469163080131
SRI3,2023,11,ALTO PARANÁ,PROD.PENF,3662.25618505528
SRI3,2023,11,ALTO PARANÁ,TOTAL PENEF,68686.2651317165
SRI4,2023,11,ALTO PARANÁ,ACCID.DEP,5.0
SRI4,2023,11,ALTO PARANÁ,PROG.DEP,0.907552471145543
SRI4,2023,11,ALTO PARANÁ,PROD.DEP,3509.1623596882
SRI4,2023,11,ALTO PARANÁ,TOTAL DEP,62170.2286498279
SRI4,2023,11,ALTO PARANÁ,ACCID.FEP,5.0
SRI4,2023,11,ALTO PARANÁ,PROG.FEP,0.802143720126649
SRI4,2023,11,ALTO PARANÁ,PROD.FEP,3383.30974484032
SRI4,2023,11,ALTO PARANÁ,TOTAL FEP,65195.7788848458
SRI4,2023,11,ALTO PARANÁ,ACCID.PENF,8.0
SRI4,2023,11,ALTO PARANÁ,PROG.PENF,0.918090912596305
SRI4,2023,11,ALTO PARANÁ,PROD.PENF,3063.96376750526
SRI4,2023,11,ALTO PARANÁ,TOTAL PENEF,66029.2568945774
ACY1,2023,12,ALTO PARANÁ,ACCID.DEP,0.0
ACY1,2023,12,ALTO PARANÁ,PROG.DEP,0.475908122680833
ACY1,2023,12,ALTO PARANÁ,PROD.DEP,3428.23407094106
ACY1,2023,12,ALTO PARANÁ,TOTAL DEP,60382.1908438386
ACY1,2023,12,ALTO PARANÁ,ACCID.FEP,5.0
ACY1,2023,12,ALTO PARANÁ,PROG.FEP,0.693436778132281
ACY1,2023,12,ALTO PARANÁ,PROD.FEP,4629.61901604445
ACY1,2023,12,ALTO PARANÁ,TOTAL FEP,58704.9202613518
ACY1,2023,12,ALTO PARANÁ,ACCID.PENF,3.0
ACY1,2023,12,ALTO PARANÁ,PROG.PENF,0.666410831438941
ACY1,2023,12,ALTO PARANÁ,PROD.PENF,4962.12769617525
ACY1,2023,12,ALTO PARANÁ,TOTAL PENEF,69857.5225717752
ACY2,2023,12,ALTO PARANÁ,ACCID.DEP,7.0
ACY2,2023,12,ALTO PARANÁ,PROG.DEP,0.981085789481515
ACY2,2023,12,ALTO PARANÁ,PROD.DEP,4383.42374820095
ACY2,2023,12,ALTO PARANÁ,TOTAL DEP,68228.6400653261
ACY2,2023,12,ALTO PARANÁ,ACCID.FEP,3.0
ACY2,2023,12,ALTO PARANÁ,PROG.FEP,0.648093433071112
ACY2,2023,12,ALTO PARANÁ,PROD.FEP,4167.27218721264
ACY2,2023,12,ALTO PARANÁ,TOTAL FEP,62119.8625344575
ACY2,2023,12,ALTO PARANÁ,ACCID.PENF,2.0
ACY2,2023,12,ALTO PARANÁ,PROG.PENF,0.163192071972239
ACY2,2023,12,ALTO PARANÁ,PROD.PENF,1546.85089960153
ACY2,2023,12,ALTO PARANÁ,TOTAL PENEF,67679.6884955114
ACY3,2023,12,ALTO PARANÁ,ACCID.DEP,2.0
ACY3,2023,12,ALTO PARANÁ,PROG.DEP,0.541348681049876
ACY3,2023,12,ALTO PARANÁ,PROD.DEP,1314.67207246583
ACY3,2023,12,ALTO PARANÁ,TOTAL DEP,54252.800578661
ACY3,2023,12,ALTO PARANÁ,ACCID.FEP,0.0
ACY3,2023,12,ALTO PARANÁ,PROG.FEP,0.710271276137935
ACY3,2023,12,ALTO PARANÁ,PROD.FEP,1318.93763472762
ACY3,2023,12,ALTO PARANÁ,TOTAL FEP,53180.7269275725
ACY3,2023,12,ALTO PARANÁ,ACCID.PENF,3.0
ACY3,2023,12,ALTO PARANÁ,PROG.PENF,0.895874245383984
ACY3,2023,12,ALTO PARANÁ,PROD.PENF,2417.21674389514
ACY3,2023,12,ALTO PARANÁ,TOTAL PENEF,60036.1567050369
ACY4,2023,12,ALTO PARANÁ,ACCID.DEP,6.0
ACY4,2023,12,ALTO PARANÁ,PROG.DEP,0.855339449059799
ACY4,2023,12,ALTO PARANÁ,PROD.DEP,1771.0629725879
ACY4,2023,12,ALTO PARANÁ,TOTAL DEP,51336.6054612745
ACY4,2023,12,ALTO PARANÁ,ACCID.FEP,2.0
ACY4,2023,12,ALTO PARANÁ,PROG.FEP,0.622975046773718
ACY4,2023,12,ALTO PARANÁ,PROD.FEP,4527.96044341254
ACY4,2023,12,ALTO PARANÁ,TOTAL FEP,53576.7420452439
ACY4,2023,12,ALTO PARANÁ,ACCID.PENF,5.0
ACY4,2023,12,ALTO PARANÁ,PROG.PENF,0.285893773825693
ACY4,2023,12,ALTO PARANÁ,PROD.PENF,4494.87948393526
ACY4,2023,12,ALTO PARANÁ,TOTAL PENEF,62524.4099927586
ACY5,2023,12,ALTO PARANÁ,ACCID.DEP,6.0
ACY5,2023,12,ALTO PARANÁ,PROG.DEP,0.244780190260917
ACY5,2023,12,ALTO PARANÁ,PROD.DEP,4007.54227876002
ACY5,2023,12,ALTO PARANÁ,TOTAL DEP,69449.8373719509
ACY5,2023,12,ALTO PARANÁ,ACCID.FEP,1.0
ACY5,2023,12,ALTO PARANÁ,PROG.FEP,0.936584448379356
ACY5,2023,12,ALTO PARANÁ,PROD.FEP,3919.67795405711
ACY5,2023,12,ALTO PARANÁ,TOTAL FEP,50511.0700580098
ACY5,2023,12,ALTO PARANÁ,ACCID.PENF,2.0
ACY5,2023,12,ALTO PARANÁ,PROG.PENF,0.699394309868889
ACY5,2023,12,ALTO PARANÁ,PROD.PENF,2277.7803897568
ACY5,2023,12,ALTO PARANÁ,TOTAL PENEF,54769.198360823
ACY6,2023,12,ALTO PARANÁ,ACCID.DEP,2.0
ACY6,2023,12,ALTO PARANÁ,PROG.DEP,0.765985072607313
ACY6,2023,12,ALTO PARANÁ,PROD.DEP,1190.64281955889
ACY6,2023,12,ALTO PARANÁ,TOTAL DEP,66694.4846969574
SRI2,2023,11,ALTO PARANÁ,PROD.DEP,2489.70915158886
SRI2,2023,11,ALTO PARANÁ,TOTAL DEP,68140.9511233176
SRI2,2023,11,ALTO PARANÁ,PROG.DEP,0.999130672857074
ACY6,2023,12,ALTO PARANÁ,ACCID.FEP,5.0
ACY6,2023,12,ALTO PARANÁ,PROG.FEP,0.142631185969095
ACY6,2023,12,ALTO PARANÁ,PROG.PENF,0.709646167431197
ACY6,2023,12,ALTO PARANÁ,PROD.PENF,1529.38771370439
ACY6,2023,12,ALTO PARANÁ,TOTAL PENEF,59365.0722069778
ACY7,2023,12,ALTO PARANÁ,ACCID.DEP,5.0
ACY7,2023,12,ALTO PARANÁ,PROG.DEP,0.177297185041331
ACY7,2023,12,ALTO PARANÁ,PROD.DEP,4446.9443874822
ACY7,2023,12,ALTO PARANÁ,TOTAL DEP,60736.8785146118
ACY7,2023,12,ALTO PARANÁ,ACCID.FEP,3.0
ACY7,2023,12,ALTO PARANÁ,PROG.FEP,0.260077321055665
ACY7,2023,12,ALTO PARANÁ,PROD.FEP,3396.9515970856
ACY7,2023,12,ALTO PARANÁ,TOTAL FEP,57690.6629523466
ACY7,2023,12,ALTO PARANÁ,ACCID.PENF,3.0
ACY7,2023,12,ALTO PARANÁ,PROG.PENF,0.808040303546519
ACY7,2023,12,ALTO PARANÁ,PROD.PENF,3429.68084307063
ACY7,2023,12,ALTO PARANÁ,TOTAL PENEF,56095.0830217361
ACY8,2023,12,ALTO PARANÁ,ACCID.DEP,3.0
ACY8,2023,12,ALTO PARANÁ,PROG.DEP,0.953751198688602
ACY8,2023,12,ALTO PARANÁ,PROD.DEP,2874.08725253597
ACY8,2023,12,ALTO PARANÁ,TOTAL DEP,69656.6378949439
ACY8,2023,12,ALTO PARANÁ,ACCID.FEP,3.0
ACY8,2023,12,ALTO PARANÁ,PROG.FEP,0.47733807643874
ACY8,2023,12,ALTO PARANÁ,PROD.FEP,1910.6011555446
ACY8,2023,12,ALTO PARANÁ,TOTAL FEP,61409.024687848
ACY8,2023,12,ALTO PARANÁ,ACCID.PENF,8.0
ACY8,2023,12,ALTO PARANÁ,PROG.PENF,0.634877739302698
ACY8,2023,12,ALTO PARANÁ,PROD.PENF,4497.34238429542
ACY8,2023,12,ALTO PARANÁ,TOTAL PENEF,67728.1776546255
ACY9,2023,12,ALTO PARANÁ,ACCID.DEP,7.0
ACY9,2023,12,ALTO PARANÁ,PROG.DEP,0.39613272174906
ACY9,2023,12,ALTO PARANÁ,PROD.DEP,2941.77418201053
ACY9,2023,12,ALTO PARANÁ,TOTAL DEP,66294.4077786294
ACY9,2023,12,ALTO PARANÁ,ACCID.FEP,3.0
ACY9,2023,12,ALTO PARANÁ,PROG.FEP,0.483005055712894
ACY9,2023,12,ALTO PARANÁ,PROD.FEP,2381.85087711091
ACY6,2023,12,ALTO PARANÁ,ACCID.PENF,1.0
ACY9,2023,12,ALTO PARANÁ,ACCID.PENF,2.0
ACY9,2023,12,ALTO PARANÁ,PROG.PENF,0.145304345214652
ACY9,2023,12,ALTO PARANÁ,PROD.PENF,2888.85082752402
ACY9,2023,12,ALTO PARANÁ,TOTAL PENEF,56813.6385382532
APR10,2023,12,ALTO PARANÁ,ACCID.DEP,2.0
APR10,2023,12,ALTO PARANÁ,PROG.DEP,0.525230991860257
APR10,2023,12,ALTO PARANÁ,PROD.DEP,2681.03748720779
APR10,2023,12,ALTO PARANÁ,TOTAL DEP,64367.3411432452
APR10,2023,12,ALTO PARANÁ,ACCID.FEP,2.0
APR10,2023,12,ALTO PARANÁ,PROG.FEP,0.206925792610948
APR10,2023,12,ALTO PARANÁ,PROD.FEP,3126.65349415738
APR10,2023,12,ALTO PARANÁ,TOTAL FEP,61991.8371649555
APR10,2023,12,ALTO PARANÁ,ACCID.PENF,4.0
APR10,2023,12,ALTO PARANÁ,PROG.PENF,0.922974909694114
APR10,2023,12,ALTO PARANÁ,PROD.PENF,4992.69698806948
APR10,2023,12,ALTO PARANÁ,TOTAL PENEF,61178.8477985009
APR11,2023,12,ALTO PARANÁ,ACCID.DEP,4.0
APR11,2023,12,ALTO PARANÁ,PROG.DEP,0.211650594517427
APR11,2023,12,ALTO PARANÁ,PROD.DEP,4684.19865389173
APR11,2023,12,ALTO PARANÁ,TOTAL DEP,69701.5548511162
APR11,2023,12,ALTO PARANÁ,ACCID.FEP,9.0
APR11,2023,12,ALTO PARANÁ,PROG.FEP,0.503247099597492
APR11,2023,12,ALTO PARANÁ,PROD.FEP,2069.78981577463
APR11,2023,12,ALTO PARANÁ,TOTAL FEP,66303.3888341323
APR11,2023,12,ALTO PARANÁ,ACCID.PENF,6.0
APR11,2023,12,ALTO PARANÁ,PROG.PENF,0.222537509955825
APR11,2023,12,ALTO PARANÁ,PROD.PENF,3152.00997654572
APR11,2023,12,ALTO PARANÁ,TOTAL PENEF,67202.3545886841
APR12,2023,12,ALTO PARANÁ,ACCID.DEP,9.0
APR12,2023,12,ALTO PARANÁ,PROG.DEP,0.204071444399279
APR12,2023,12,ALTO PARANÁ,PROD.DEP,4285.49964075961
APR12,2023,12,ALTO PARANÁ,TOTAL DEP,69389.7800886739
APR12,2023,12,ALTO PARANÁ,ACCID.FEP,7.0
APR12,2023,12,ALTO PARANÁ,PROG.FEP,0.365432101337587
APR12,2023,12,ALTO PARANÁ,PROD.FEP,3418.4585164493
APR12,2023,12,ALTO PARANÁ,TOTAL FEP,63397.7925238151
APR12,2023,12,ALTO PARANÁ,ACCID.PENF,9.0
APR12,2023,12,ALTO PARANÁ,PROG.PENF,0.888971636600094
APR12,2023,12,ALTO PARANÁ,PROD.PENF,4312.55524379486
APR12,2023,12,ALTO PARANÁ,TOTAL PENEF,61768.9028644059
APR13,2023,12,ALTO PARANÁ,ACCID.DEP,8.0
APR13,2023,12,ALTO PARANÁ,PROG.DEP,0.514682948256244
APR13,2023,12,ALTO PARANÁ,PROD.DEP,1528.22044388731
APR13,2023,12,ALTO PARANÁ,TOTAL DEP,62754.616657928
APR13,2023,12,ALTO PARANÁ,ACCID.FEP,4.0
APR13,2023,12,ALTO PARANÁ,PROG.FEP,0.128353283534536
APR13,2023,12,ALTO PARANÁ,PROD.FEP,1835.26579952739
APR13,2023,12,ALTO PARANÁ,TOTAL FEP,50624.5380137267
APR13,2023,12,ALTO PARANÁ,ACCID.PENF,8.0
APR13,2023,12,ALTO PARANÁ,PROG.PENF,0.167726293773549
APR13,2023,12,ALTO PARANÁ,PROD.PENF,4939.88237583875
APR13,2023,12,ALTO PARANÁ,TOTAL PENEF,58506.6049984609
APR14,2023,12,ALTO PARANÁ,ACCID.DEP,0.0
APR14,2023,12,ALTO PARANÁ,PROG.DEP,0.766146538559437
APR14,2023,12,ALTO PARANÁ,PROD.DEP,3878.54341973711
APR14,2023,12,ALTO PARANÁ,TOTAL DEP,56109.0428703528
APR14,2023,12,ALTO PARANÁ,ACCID.FEP,1.0
APR14,2023,12,ALTO PARANÁ,PROG.FEP,0.356071257272384
APR14,2023,12,ALTO PARANÁ,PROD.FEP,3491.1860431496
APR14,2023,12,ALTO PARANÁ,TOTAL FEP,60890.7636708927
ACY6,2023,12,ALTO PARANÁ,PROD.FEP,2421.69061109409
ACY6,2023,12,ALTO PARANÁ,TOTAL FEP,55437.3087362435
ACY9,2023,12,ALTO PARANÁ,TOTAL FEP,59328.1111867087
APR14,2023,12,ALTO PARANÁ,ACCID.PENF,0.0
APR14,2023,12,ALTO PARANÁ,PROG.PENF,0.562549196955279
APR2,2023,12,ALTO PARANÁ,PROG.DEP,0.136493332579543
APR2,2023,12,ALTO PARANÁ,PROD.DEP,3029.31262564806
APR2,2023,12,ALTO PARANÁ,TOTAL DEP,50796.8485513368
APR14,2023,12,ALTO PARANÁ,PROD.PENF,4463.65897077738
APR2,2023,12,ALTO PARANÁ,PROG.FEP,0.683936047449142
APR2,2023,12,ALTO PARANÁ,PROD.FEP,3272.0160090608
APR2,2023,12,ALTO PARANÁ,TOTAL FEP,50638.6572063097
APR2,2023,12,ALTO PARANÁ,ACCID.PENF,1.0
APR2,2023,12,ALTO PARANÁ,PROG.PENF,0.640294819070872
APR2,2023,12,ALTO PARANÁ,PROD.PENF,4977.46861006652
APR2,2023,12,ALTO PARANÁ,TOTAL PENEF,60401.1175224007
APR3,2023,12,ALTO PARANÁ,ACCID.DEP,3.0
APR3,2023,12,ALTO PARANÁ,PROG.DEP,0.969716260481037
APR3,2023,12,ALTO PARANÁ,PROD.DEP,2378.19185067719
APR3,2023,12,ALTO PARANÁ,TOTAL DEP,56805.4317710215
APR3,2023,12,ALTO PARANÁ,ACCID.FEP,4.0
APR3,2023,12,ALTO PARANÁ,PROG.FEP,0.977549566017951
APR3,2023,12,ALTO PARANÁ,PROD.FEP,3924.29644957174
APR3,2023,12,ALTO PARANÁ,TOTAL FEP,65127.8937151684
APR3,2023,12,ALTO PARANÁ,ACCID.PENF,1.0
APR3,2023,12,ALTO PARANÁ,PROG.PENF,0.205425827160661
APR3,2023,12,ALTO PARANÁ,PROD.PENF,3529.60279278186
APR3,2023,12,ALTO PARANÁ,TOTAL PENEF,57972.530965558
APR4,2023,12,ALTO PARANÁ,ACCID.DEP,5.0
APR4,2023,12,ALTO PARANÁ,PROG.DEP,0.79110764566492
APR4,2023,12,ALTO PARANÁ,PROD.DEP,3406.92561798032
APR4,2023,12,ALTO PARANÁ,TOTAL DEP,60806.7222386542
APR4,2023,12,ALTO PARANÁ,ACCID.FEP,2.0
APR4,2023,12,ALTO PARANÁ,PROG.FEP,0.38365893536271
APR4,2023,12,ALTO PARANÁ,PROD.FEP,1116.33606729338
APR4,2023,12,ALTO PARANÁ,TOTAL FEP,55922.5132696035
APR4,2023,12,ALTO PARANÁ,ACCID.PENF,8.0
APR4,2023,12,ALTO PARANÁ,PROG.PENF,0.194535908685072
APR4,2023,12,ALTO PARANÁ,PROD.PENF,2110.0046714172
APR4,2023,12,ALTO PARANÁ,TOTAL PENEF,58168.0135931459
APR5,2023,12,ALTO PARANÁ,ACCID.DEP,1.0
APR5,2023,12,ALTO PARANÁ,PROG.DEP,0.105787815127892
APR5,2023,12,ALTO PARANÁ,PROD.DEP,1351.60930245072
APR5,2023,12,ALTO PARANÁ,TOTAL DEP,66650.8430430532
APR5,2023,12,ALTO PARANÁ,ACCID.FEP,9.0
APR5,2023,12,ALTO PARANÁ,PROG.FEP,0.84475544920188
APR5,2023,12,ALTO PARANÁ,PROD.FEP,1081.00949422493
APR5,2023,12,ALTO PARANÁ,TOTAL FEP,58824.5049682299
APR5,2023,12,ALTO PARANÁ,ACCID.PENF,4.0
APR5,2023,12,ALTO PARANÁ,PROG.PENF,0.122034241500246
APR5,2023,12,ALTO PARANÁ,PROD.PENF,4521.4269562462
APR5,2023,12,ALTO PARANÁ,TOTAL PENEF,52488.7322704335
APR6,2023,12,ALTO PARANÁ,ACCID.DEP,9.0
APR6,2023,12,ALTO PARANÁ,PROG.DEP,0.924150562727281
APR6,2023,12,ALTO PARANÁ,PROD.DEP,3776.55920273623
APR6,2023,12,ALTO PARANÁ,TOTAL DEP,68411.3265062997
APR6,2023,12,ALTO PARANÁ,ACCID.FEP,1.0
APR6,2023,12,ALTO PARANÁ,PROG.FEP,0.53770246364126
APR6,2023,12,ALTO PARANÁ,PROD.FEP,1729.47425078307
APR6,2023,12,ALTO PARANÁ,TOTAL FEP,54617.7015565741
APR6,2023,12,ALTO PARANÁ,ACCID.PENF,2.0
APR6,2023,12,ALTO PARANÁ,PROG.PENF,0.986697742809495
APR6,2023,12,ALTO PARANÁ,PROD.PENF,2757.57822655966
APR6,2023,12,ALTO PARANÁ,TOTAL PENEF,63732.2524521342
APR8,2023,12,ALTO PARANÁ,ACCID.DEP,1.0
APR8,2023,12,ALTO PARANÁ,PROG.DEP,0.682248157726534
APR8,2023,12,ALTO PARANÁ,PROD.DEP,3571.82842604305
APR8,2023,12,ALTO PARANÁ,TOTAL DEP,52549.0334783716
APR8,2023,12,ALTO PARANÁ,ACCID.FEP,1.0
APR8,2023,12,ALTO PARANÁ,PROG.FEP,0.797306213633703
APR8,2023,12,ALTO PARANÁ,PROD.FEP,2646.29588106978
APR8,2023,12,ALTO PARANÁ,TOTAL FEP,68890.3412111963
APR8,2023,12,ALTO PARANÁ,ACCID.PENF,6.0
APR8,2023,12,ALTO PARANÁ,PROG.PENF,0.190283183195644
APR8,2023,12,ALTO PARANÁ,PROD.PENF,2290.53825404074
APR8,2023,12,ALTO PARANÁ,TOTAL PENEF,57501.4499872828
APR9,2023,12,ALTO PARANÁ,ACCID.DEP,1.0
APR9,2023,12,ALTO PARANÁ,PROG.DEP,0.783555769084747
APR9,2023,12,ALTO PARANÁ,PROD.DEP,4194.09805596624
APR9,2023,12,ALTO PARANÁ,TOTAL DEP,57152.1147113189
APR9,2023,12,ALTO PARANÁ,ACCID.FEP,6.0
APR9,2023,12,ALTO PARANÁ,PROG.FEP,0.417973164294897
APR9,2023,12,ALTO PARANÁ,PROD.FEP,2054.44129524506
APR9,2023,12,ALTO PARANÁ,TOTAL FEP,52056.8251922004
APR9,2023,12,ALTO PARANÁ,ACCID.PENF,3.0
APR9,2023,12,ALTO PARANÁ,PROG.PENF,0.185216612815493
APR9,2023,12,ALTO PARANÁ,PROD.PENF,4828.98260882893
APR9,2023,12,ALTO PARANÁ,TOTAL PENEF,66510.4466527687
CAT1,2023,12,CANINDEYU,ACCID.DEP,3.0
CAT1,2023,12,CANINDEYU,PROG.DEP,0.85333137748743
CAT1,2023,12,CANINDEYU,PROD.DEP,3480.66572737589
CAT1,2023,12,CANINDEYU,TOTAL DEP,54162.5153810057
CAT1,2023,12,CANINDEYU,ACCID.FEP,5.0
CAT1,2023,12,CANINDEYU,PROG.FEP,0.210875510438765
CAT1,2023,12,CANINDEYU,PROD.FEP,3504.05609218807
CAT1,2023,12,CANINDEYU,TOTAL FEP,61332.6100890545
CAT1,2023,12,CANINDEYU,ACCID.PENF,2.0
CAT1,2023,12,CANINDEYU,PROG.PENF,0.97961995046986
CAT1,2023,12,CANINDEYU,PROD.PENF,1900.61164468684
CAT1,2023,12,CANINDEYU,TOTAL PENEF,68408.0604469476
APR14,2023,12,ALTO PARANÁ,TOTAL PENEF,54678.2420004399
APR2,2023,12,ALTO PARANÁ,ACCID.DEP,4.0
APR2,2023,12,ALTO PARANÁ,ACCID.FEP,3.0
CAT10,2023,12,CANINDEYU,ACCID.DEP,9.0
CAT10,2023,12,CANINDEYU,ACCID.FEP,4.0
CAT10,2023,12,CANINDEYU,PROG.FEP,0.394692242401588
CAT10,2023,12,CANINDEYU,PROD.FEP,1736.17840287764
CAT10,2023,12,CANINDEYU,TOTAL FEP,54433.3726581001
CAT10,2023,12,CANINDEYU,ACCID.PENF,2.0
CAT10,2023,12,CANINDEYU,PROG.PENF,0.148566699488375
CAT10,2023,12,CANINDEYU,PROD.PENF,4103.86540923146
CAT10,2023,12,CANINDEYU,TOTAL PENEF,54801.8931412499
CAT11,2023,12,CANINDEYU,ACCID.DEP,6.0
CAT11,2023,12,CANINDEYU,PROG.DEP,0.222755319771415
CAT11,2023,12,CANINDEYU,PROD.DEP,2631.13395720443
CAT11,2023,12,CANINDEYU,TOTAL DEP,59099.2861889421
CAT11,2023,12,CANINDEYU,ACCID.FEP,3.0
CAT11,2023,12,CANINDEYU,PROG.FEP,0.457326614481471
CAT11,2023,12,CANINDEYU,PROD.FEP,3843.0183854463
CAT11,2023,12,CANINDEYU,TOTAL FEP,65887.178722125
CAT10,2023,12,CANINDEYU,PROD.DEP,3993.72347513369
CAT11,2023,12,CANINDEYU,PROG.PENF,0.410217125200531
CAT11,2023,12,CANINDEYU,PROD.PENF,2606.36306072902
CAT11,2023,12,CANINDEYU,TOTAL PENEF,65250.0986843529
CAT2,2023,12,CANINDEYU,ACCID.DEP,5.0
CAT2,2023,12,CANINDEYU,PROG.DEP,0.383926639115004
CAT2,2023,12,CANINDEYU,PROD.DEP,2852.25707300687
CAT2,2023,12,CANINDEYU,TOTAL DEP,67793.1398668838
CAT2,2023,12,CANINDEYU,ACCID.FEP,3.0
CAT2,2023,12,CANINDEYU,PROG.FEP,0.721583915441198
CAT2,2023,12,CANINDEYU,PROD.FEP,4635.32735927949
CAT2,2023,12,CANINDEYU,TOTAL FEP,68539.7999469006
CAT2,2023,12,CANINDEYU,ACCID.PENF,6.0
CAT2,2023,12,CANINDEYU,PROG.PENF,0.158835367589385
CAT2,2023,12,CANINDEYU,PROD.PENF,4817.01816314957
CAT2,2023,12,CANINDEYU,TOTAL PENEF,63725.0192029778
CAT3,2023,12,CANINDEYU,ACCID.DEP,7.0
CAT3,2023,12,CANINDEYU,PROG.DEP,0.334224670957169
CAT3,2023,12,CANINDEYU,PROD.DEP,1260.78919575555
CAT3,2023,12,CANINDEYU,TOTAL DEP,50311.8904104242
CAT3,2023,12,CANINDEYU,ACCID.FEP,9.0
CAT3,2023,12,CANINDEYU,PROG.FEP,0.483798095694966
CAT10,2023,12,CANINDEYU,PROG.DEP,0.344230983457149
CAT3,2023,12,CANINDEYU,TOTAL FEP,55385.3116625957
CAT3,2023,12,CANINDEYU,ACCID.PENF,0.0
CAT3,2023,12,CANINDEYU,PROG.PENF,0.32853312171233
CAT3,2023,12,CANINDEYU,PROD.PENF,3038.1578548667
CAT3,2023,12,CANINDEYU,TOTAL PENEF,58141.426251017
CAT4,2023,12,CANINDEYU,ACCID.DEP,0.0
CAT4,2023,12,CANINDEYU,PROG.DEP,0.273893763142342
CAT4,2023,12,CANINDEYU,PROD.DEP,4496.56006528275
CAT4,2023,12,CANINDEYU,TOTAL DEP,66765.8834920133
CAT4,2023,12,CANINDEYU,ACCID.FEP,2.0
CAT4,2023,12,CANINDEYU,PROG.FEP,0.241759652733606
CAT4,2023,12,CANINDEYU,PROD.FEP,4481.93011186108
CAT4,2023,12,CANINDEYU,TOTAL FEP,66540.5443798629
CAT4,2023,12,CANINDEYU,ACCID.PENF,4.0
CAT4,2023,12,CANINDEYU,PROG.PENF,0.310264114916678
CAT4,2023,12,CANINDEYU,PROD.PENF,1290.42546768946
CAT4,2023,12,CANINDEYU,TOTAL PENEF,65877.1822078755
CAT5,2023,12,CANINDEYU,ACCID.DEP,8.0
CAT5,2023,12,CANINDEYU,PROG.DEP,0.981109612545694
CAT5,2023,12,CANINDEYU,PROD.DEP,1371.212510701
CAT5,2023,12,CANINDEYU,TOTAL DEP,57309.6411018125
CAT5,2023,12,CANINDEYU,ACCID.FEP,1.0
CAT5,2023,12,CANINDEYU,PROG.FEP,0.538944154718419
CAT5,2023,12,CANINDEYU,PROD.FEP,2920.90853113366
CAT5,2023,12,CANINDEYU,TOTAL FEP,57603.9276224886
CAT5,2023,12,CANINDEYU,ACCID.PENF,8.0
CAT5,2023,12,CANINDEYU,PROG.PENF,0.521505258109888
CAT5,2023,12,CANINDEYU,PROD.PENF,2330.44526923032
CAT5,2023,12,CANINDEYU,TOTAL PENEF,54835.3603403489
CAT6,2023,12,CANINDEYU,ACCID.DEP,7.0
CAT6,2023,12,CANINDEYU,PROG.DEP,0.80571904504013
CAT6,2023,12,CANINDEYU,PROD.DEP,4517.82207989085
CAT6,2023,12,CANINDEYU,TOTAL DEP,58738.2180083085
CAT6,2023,12,CANINDEYU,ACCID.FEP,3.0
CAT6,2023,12,CANINDEYU,PROG.FEP,0.941264006366607
CAT6,2023,12,CANINDEYU,PROD.FEP,3578.40589991753
CAT6,2023,12,CANINDEYU,TOTAL FEP,64721.3911090983
CAT6,2023,12,CANINDEYU,ACCID.PENF,2.0
CAT6,2023,12,CANINDEYU,PROG.PENF,0.463876480094161
CAT6,2023,12,CANINDEYU,PROD.PENF,3104.09862961861
CAT6,2023,12,CANINDEYU,TOTAL PENEF,61930.2618333436
CAT7,2023,12,CANINDEYU,ACCID.DEP,2.0
CAT7,2023,12,CANINDEYU,PROG.DEP,0.689634090059385
CAT7,2023,12,CANINDEYU,PROD.DEP,2104.45920158758
CAT7,2023,12,CANINDEYU,TOTAL DEP,58381.8877704141
CAT7,2023,12,CANINDEYU,ACCID.FEP,7.0
CAT7,2023,12,CANINDEYU,PROG.FEP,0.218929467038745
CAT7,2023,12,CANINDEYU,PROD.FEP,2131.47013412896
CAT7,2023,12,CANINDEYU,TOTAL FEP,64440.5694437141
CAT7,2023,12,CANINDEYU,ACCID.PENF,0.0
CAT7,2023,12,CANINDEYU,PROG.PENF,0.598689837407035
CAT7,2023,12,CANINDEYU,PROD.PENF,1812.77114472795
CAT7,2023,12,CANINDEYU,TOTAL PENEF,53826.7720597925
CAT8,2023,12,CANINDEYU,ACCID.DEP,2.0
CAT8,2023,12,CANINDEYU,PROG.DEP,0.413031104678217
CAT8,2023,12,CANINDEYU,PROD.DEP,1862.89231912505
CAT8,2023,12,CANINDEYU,TOTAL DEP,54498.7805900098
CAT10,2023,12,CANINDEYU,TOTAL DEP,65867.1516711648
CAT3,2023,12,CANINDEYU,PROD.FEP,4155.00318147707
CAT11,2023,12,CANINDEYU,ACCID.PENF,8.0
CAT8,2023,12,CANINDEYU,ACCID.FEP,7.0
CAT8,2023,12,CANINDEYU,ACCID.PENF,7.0
CAT8,2023,12,CANINDEYU,PROG.PENF,0.510458127157416
CAT8,2023,12,CANINDEYU,PROD.PENF,3456.65939280951
CAT8,2023,12,CANINDEYU,TOTAL PENEF,63995.2787277616
CAT9,2023,12,CANINDEYU,ACCID.DEP,2.0
CAT9,2023,12,CANINDEYU,PROG.DEP,0.207824114316642
CAT9,2023,12,CANINDEYU,PROD.DEP,1783.31713225753
CAT9,2023,12,CANINDEYU,TOTAL DEP,54200.1535863294
CAT9,2023,12,CANINDEYU,ACCID.FEP,5.0
CAT9,2023,12,CANINDEYU,PROG.FEP,0.319331800040179
CAT9,2023,12,CANINDEYU,PROD.FEP,3596.50665517673
CAT9,2023,12,CANINDEYU,ACCID.PENF,4.0
CAT9,2023,12,CANINDEYU,TOTAL FEP,63771.7924308198
CAT9,2023,12,CANINDEYU,PROG.PENF,0.4576991443977
CAT9,2023,12,CANINDEYU,PROD.PENF,3781.74610425758
CAT9,2023,12,CANINDEYU,TOTAL PENEF,57762.5529925997
CUR1,2023,12,CANINDEYU,ACCID.DEP,7.0
CUR1,2023,12,CANINDEYU,PROG.DEP,0.4545109729378
CUR1,2023,12,CANINDEYU,PROD.DEP,2625.04472056363
CUR1,2023,12,CANINDEYU,TOTAL DEP,69582.9557487519
CUR1,2023,12,CANINDEYU,ACCID.FEP,7.0
CUR1,2023,12,CANINDEYU,PROG.FEP,0.648526940427625
CUR1,2023,12,CANINDEYU,PROD.FEP,2364.95591861962
CUR1,2023,12,CANINDEYU,TOTAL FEP,69658.945063128
CAT8,2023,12,CANINDEYU,PROD.FEP,2445.85034333817
CUR1,2023,12,CANINDEYU,PROG.PENF,0.639810898325659
CUR1,2023,12,CANINDEYU,PROD.PENF,3101.14587001106
CUR1,2023,12,CANINDEYU,TOTAL PENEF,66021.9307513896
CUR2,2023,12,CANINDEYU,ACCID.DEP,7.0
CUR2,2023,12,CANINDEYU,PROG.DEP,0.628281511277708
CUR2,2023,12,CANINDEYU,PROD.DEP,4679.57578595346
CUR2,2023,12,CANINDEYU,TOTAL DEP,57538.0089625402
CUR2,2023,12,CANINDEYU,ACCID.FEP,3.0
CAT8,2023,12,CANINDEYU,TOTAL FEP,62321.7861101274
CUR2,2023,12,CANINDEYU,PROD.FEP,2597.43102460121
CUR2,2023,12,CANINDEYU,TOTAL FEP,66966.2335764863
CUR2,2023,12,CANINDEYU,ACCID.PENF,1.0
CUR2,2023,12,CANINDEYU,PROG.PENF,0.525480804518871
CUR2,2023,12,CANINDEYU,PROD.PENF,2592.33770604489
CUR2,2023,12,CANINDEYU,TOTAL PENEF,64805.3422702796
CUR3,2023,12,CANINDEYU,ACCID.DEP,4.0
CUR3,2023,12,CANINDEYU,PROG.DEP,0.248233022745458
CUR3,2023,12,CANINDEYU,PROD.DEP,2384.55727043336
CUR3,2023,12,CANINDEYU,TOTAL DEP,57461.9931849994
CUR3,2023,12,CANINDEYU,ACCID.FEP,8.0
CUR3,2023,12,CANINDEYU,PROG.FEP,0.385969707487811
CUR3,2023,12,CANINDEYU,PROD.FEP,4950.43349249524
CUR3,2023,12,CANINDEYU,TOTAL FEP,59940.3710916713
CUR3,2023,12,CANINDEYU,ACCID.PENF,0.0
CUR3,2023,12,CANINDEYU,PROG.PENF,0.596075306933782
CUR3,2023,12,CANINDEYU,PROD.PENF,3508.12966206761
CUR3,2023,12,CANINDEYU,TOTAL PENEF,65346.7915387001
CUR4,2023,12,CANINDEYU,ACCID.DEP,4.0
CUR4,2023,12,CANINDEYU,PROG.DEP,0.385512557165913
CUR4,2023,12,CANINDEYU,PROD.DEP,3536.33907381078
CUR4,2023,12,CANINDEYU,TOTAL DEP,64231.858898986
CUR4,2023,12,CANINDEYU,ACCID.FEP,9.0
CUR4,2023,12,CANINDEYU,PROG.FEP,0.605822973279944
CUR4,2023,12,CANINDEYU,PROD.FEP,2244.32285693696
CUR4,2023,12,CANINDEYU,TOTAL FEP,66030.4261506456
CUR4,2023,12,CANINDEYU,ACCID.PENF,1.0
CUR4,2023,12,CANINDEYU,PROG.PENF,0.933883358744479
CUR4,2023,12,CANINDEYU,PROD.PENF,2387.57880230903
CUR4,2023,12,CANINDEYU,TOTAL PENEF,67370.892573643
CUR5,2023,12,CANINDEYU,ACCID.DEP,1.0
CUR5,2023,12,CANINDEYU,PROG.DEP,0.860489638649388
CUR5,2023,12,CANINDEYU,PROD.DEP,3937.20259291727
CUR5,2023,12,CANINDEYU,TOTAL DEP,57109.7569975057
CUR5,2023,12,CANINDEYU,ACCID.FEP,4.0
CUR5,2023,12,CANINDEYU,PROG.FEP,0.892197704084314
CUR5,2023,12,CANINDEYU,PROD.FEP,3103.65062052917
CUR5,2023,12,CANINDEYU,TOTAL FEP,61067.9290664651
CUR5,2023,12,CANINDEYU,ACCID.PENF,3.0
CUR5,2023,12,CANINDEYU,PROG.PENF,0.966734190813758
CUR5,2023,12,CANINDEYU,PROD.PENF,4452.06045777329
CUR5,2023,12,CANINDEYU,TOTAL PENEF,62112.001641059
DES10,2023,12,ALTO PARANÁ,ACCID.DEP,4.0
DES10,2023,12,ALTO PARANÁ,PROG.DEP,0.15670275291453
DES10,2023,12,ALTO PARANÁ,PROD.DEP,4248.49349707893
DES10,2023,12,ALTO PARANÁ,TOTAL DEP,62155.2116081142
DES10,2023,12,ALTO PARANÁ,ACCID.FEP,1.0
DES10,2023,12,ALTO PARANÁ,PROG.FEP,0.234474759113436
DES10,2023,12,ALTO PARANÁ,PROD.FEP,4722.36295799641
DES10,2023,12,ALTO PARANÁ,TOTAL FEP,66515.0287293001
DES10,2023,12,ALTO PARANÁ,ACCID.PENF,9.0
DES10,2023,12,ALTO PARANÁ,PROG.PENF,0.444823757818475
DES10,2023,12,ALTO PARANÁ,PROD.PENF,2324.32978124878
DES10,2023,12,ALTO PARANÁ,TOTAL PENEF,62300.9053957908
DES3,2023,12,ALTO PARANÁ,ACCID.DEP,6.0
DES3,2023,12,ALTO PARANÁ,PROG.DEP,0.324960736577718
DES3,2023,12,ALTO PARANÁ,PROD.DEP,3381.76109791893
DES3,2023,12,ALTO PARANÁ,TOTAL DEP,62313.037459132
DES3,2023,12,ALTO PARANÁ,ACCID.FEP,1.0
DES3,2023,12,ALTO PARANÁ,PROG.FEP,0.334708604996792
DES3,2023,12,ALTO PARANÁ,PROD.FEP,2620.9360286216
DES3,2023,12,ALTO PARANÁ,TOTAL FEP,64653.6794205395
CUR2,2023,12,CANINDEYU,PROG.FEP,0.221783446662911
CAT8,2023,12,CANINDEYU,PROG.FEP,0.19460961384371
CUR1,2023,12,CANINDEYU,ACCID.PENF,6.0
DES3,2023,12,ALTO PARANÁ,ACCID.PENF,5.0
DES4,2023,12,ALTO PARANÁ,ACCID.DEP,0.0
DES4,2023,12,ALTO PARANÁ,PROG.DEP,0.693621687439591
DES4,2023,12,ALTO PARANÁ,PROD.DEP,2035.90244435395
DES4,2023,12,ALTO PARANÁ,TOTAL DEP,50436.6968479208
DES3,2023,12,ALTO PARANÁ,PROD.PENF,2651.08212538853
DES4,2023,12,ALTO PARANÁ,PROG.FEP,0.499211097284977
DES4,2023,12,ALTO PARANÁ,PROD.FEP,3360.63268631123
DES4,2023,12,ALTO PARANÁ,TOTAL FEP,69405.0005949287
DES4,2023,12,ALTO PARANÁ,ACCID.PENF,3.0
DES4,2023,12,ALTO PARANÁ,PROG.PENF,0.511165675632347
DES3,2023,12,ALTO PARANÁ,PROG.PENF,0.243699138438445
DES4,2023,12,ALTO PARANÁ,TOTAL PENEF,68968.0783346294
DES5,2023,12,ALTO PARANÁ,ACCID.DEP,9.0
DES5,2023,12,ALTO PARANÁ,PROG.DEP,0.643153184501269
DES5,2023,12,ALTO PARANÁ,PROD.DEP,1708.28259651662
DES5,2023,12,ALTO PARANÁ,TOTAL DEP,56372.0271609858
DES5,2023,12,ALTO PARANÁ,ACCID.FEP,5.0
DES5,2023,12,ALTO PARANÁ,PROG.FEP,0.877129831976342
DES5,2023,12,ALTO PARANÁ,PROD.FEP,2466.49267350206
DES5,2023,12,ALTO PARANÁ,TOTAL FEP,64245.9802940221
DES5,2023,12,ALTO PARANÁ,ACCID.PENF,1.0
DES5,2023,12,ALTO PARANÁ,PROG.PENF,0.266452497242674
DES5,2023,12,ALTO PARANÁ,PROD.PENF,1741.56672098945
DES5,2023,12,ALTO PARANÁ,TOTAL PENEF,57782.4268088472
DES8,2023,12,ALTO PARANÁ,ACCID.DEP,4.0
DES8,2023,12,ALTO PARANÁ,PROG.DEP,0.162291408373624
DES8,2023,12,ALTO PARANÁ,PROD.DEP,4997.45684427565
DES8,2023,12,ALTO PARANÁ,TOTAL DEP,53631.6889535237
DES8,2023,12,ALTO PARANÁ,ACCID.FEP,6.0
DES8,2023,12,ALTO PARANÁ,PROG.FEP,0.780589754584576
DES4,2023,12,ALTO PARANÁ,PROD.PENF,3675.52652339106
DES8,2023,12,ALTO PARANÁ,TOTAL FEP,56597.7436199162
DES8,2023,12,ALTO PARANÁ,ACCID.PENF,6.0
DES8,2023,12,ALTO PARANÁ,PROG.PENF,0.772919920853845
DES8,2023,12,ALTO PARANÁ,PROD.PENF,3239.91184493388
DES8,2023,12,ALTO PARANÁ,TOTAL PENEF,59341.5600771657
DES9,2023,12,ALTO PARANÁ,ACCID.DEP,7.0
DES9,2023,12,ALTO PARANÁ,PROG.DEP,0.420707647371934
DES8,2023,12,ALTO PARANÁ,PROD.FEP,1837.78128008549
DES9,2023,12,ALTO PARANÁ,TOTAL DEP,57133.6488976066
DES9,2023,12,ALTO PARANÁ,ACCID.FEP,6.0
DES9,2023,12,ALTO PARANÁ,PROG.FEP,0.78451658641926
DES9,2023,12,ALTO PARANÁ,PROD.FEP,2188.89144977901
DES9,2023,12,ALTO PARANÁ,TOTAL FEP,54945.0604795686
DES9,2023,12,ALTO PARANÁ,ACCID.PENF,2.0
DES9,2023,12,ALTO PARANÁ,PROG.PENF,0.312343967682357
DES9,2023,12,ALTO PARANÁ,PROD.PENF,2570.40947924772
DES9,2023,12,ALTO PARANÁ,TOTAL PENEF,68327.7075225459
HER1,2023,12,ALTO PARANÁ,ACCID.DEP,8.0
HER1,2023,12,ALTO PARANÁ,PROG.DEP,0.840968819873329
HER1,2023,12,ALTO PARANÁ,PROD.DEP,1303.67949319008
HER1,2023,12,ALTO PARANÁ,TOTAL DEP,51700.1577134847
HER1,2023,12,ALTO PARANÁ,ACCID.FEP,0.0
HER1,2023,12,ALTO PARANÁ,PROG.FEP,0.548256716503405
HER1,2023,12,ALTO PARANÁ,PROD.FEP,3246.22628381172
HER1,2023,12,ALTO PARANÁ,TOTAL FEP,62850.828955371
HER1,2023,12,ALTO PARANÁ,ACCID.PENF,5.0
HER1,2023,12,ALTO PARANÁ,PROG.PENF,0.131041114606657
HER1,2023,12,ALTO PARANÁ,PROD.PENF,2943.63352728393
HER1,2023,12,ALTO PARANÁ,TOTAL PENEF,53293.3410871012
HER10,2023,12,ALTO PARANÁ,ACCID.DEP,5.0
HER10,2023,12,ALTO PARANÁ,PROG.DEP,0.855148639939605
HER10,2023,12,ALTO PARANÁ,PROD.DEP,1787.18012629834
HER10,2023,12,ALTO PARANÁ,TOTAL DEP,50585.6559036499
HER10,2023,12,ALTO PARANÁ,ACCID.FEP,4.0
HER10,2023,12,ALTO PARANÁ,PROG.FEP,0.577885209898254
HER10,2023,12,ALTO PARANÁ,PROD.FEP,4586.95941494249
HER10,2023,12,ALTO PARANÁ,TOTAL FEP,56547.2559788047
HER10,2023,12,ALTO PARANÁ,ACCID.PENF,3.0
HER10,2023,12,ALTO PARANÁ,PROG.PENF,0.337469509892331
HER10,2023,12,ALTO PARANÁ,PROD.PENF,4333.95089044268
HER10,2023,12,ALTO PARANÁ,TOTAL PENEF,56373.1686453587
HER11,2023,12,ALTO PARANÁ,ACCID.DEP,3.0
HER11,2023,12,ALTO PARANÁ,PROG.DEP,0.190593656819248
HER11,2023,12,ALTO PARANÁ,PROD.DEP,1544.45428854098
HER11,2023,12,ALTO PARANÁ,TOTAL DEP,54813.6592517394
HER11,2023,12,ALTO PARANÁ,ACCID.FEP,8.0
HER11,2023,12,ALTO PARANÁ,PROG.FEP,0.11913218172123
HER11,2023,12,ALTO PARANÁ,PROD.FEP,2560.15850140018
HER11,2023,12,ALTO PARANÁ,TOTAL FEP,51147.9673543751
HER11,2023,12,ALTO PARANÁ,ACCID.PENF,3.0
HER11,2023,12,ALTO PARANÁ,PROG.PENF,0.939379019651478
HER11,2023,12,ALTO PARANÁ,PROD.PENF,1767.9275222447
HER11,2023,12,ALTO PARANÁ,TOTAL PENEF,59565.6100435359
HER2,2023,12,ALTO PARANÁ,ACCID.DEP,1.0
HER2,2023,12,ALTO PARANÁ,PROG.DEP,0.285812210592786
HER2,2023,12,ALTO PARANÁ,PROD.DEP,4712.8657170763
HER2,2023,12,ALTO PARANÁ,TOTAL DEP,59778.9541299507
HER2,2023,12,ALTO PARANÁ,ACCID.FEP,4.0
HER2,2023,12,ALTO PARANÁ,PROG.FEP,0.356167842581722
HER2,2023,12,ALTO PARANÁ,PROD.FEP,3257.67312271189
HER2,2023,12,ALTO PARANÁ,TOTAL FEP,65202.4319229209
HER2,2023,12,ALTO PARANÁ,ACCID.PENF,8.0
HER2,2023,12,ALTO PARANÁ,PROG.PENF,0.542381492774201
HER2,2023,12,ALTO PARANÁ,PROD.PENF,1488.4893903055
HER2,2023,12,ALTO PARANÁ,TOTAL PENEF,54478.939434155
DES3,2023,12,ALTO PARANÁ,TOTAL PENEF,65156.3689493764
DES9,2023,12,ALTO PARANÁ,PROD.DEP,3088.48595430959
DES4,2023,12,ALTO PARANÁ,ACCID.FEP,5.0
HER7,2023,12,ALTO PARANÁ,ACCID.DEP,1.0
HER7,2023,12,ALTO PARANÁ,ACCID.FEP,4.0
HER7,2023,12,ALTO PARANÁ,PROG.FEP,0.288259147123622
HER7,2023,12,ALTO PARANÁ,PROD.FEP,4623.05147897428
HER7,2023,12,ALTO PARANÁ,TOTAL FEP,56281.2125872963
HER7,2023,12,ALTO PARANÁ,PROG.DEP,0.432736923649708
HER7,2023,12,ALTO PARANÁ,PROG.PENF,0.666810598215468
HER7,2023,12,ALTO PARANÁ,PROD.PENF,2304.97726070491
HER7,2023,12,ALTO PARANÁ,TOTAL PENEF,58838.6166433071
HER8,2023,12,ALTO PARANÁ,ACCID.DEP,5.0
HER8,2023,12,ALTO PARANÁ,PROG.DEP,0.851942936916985
HER8,2023,12,ALTO PARANÁ,PROD.DEP,2553.65429252835
HER8,2023,12,ALTO PARANÁ,TOTAL DEP,68852.6207941274
HER8,2023,12,ALTO PARANÁ,ACCID.FEP,2.0
HER8,2023,12,ALTO PARANÁ,PROG.FEP,0.455233549431191
HER8,2023,12,ALTO PARANÁ,PROD.FEP,4467.85999370369
HER8,2023,12,ALTO PARANÁ,TOTAL FEP,64998.0664906542
HER8,2023,12,ALTO PARANÁ,ACCID.PENF,5.0
HER8,2023,12,ALTO PARANÁ,PROG.PENF,0.840942747840445
HER8,2023,12,ALTO PARANÁ,PROD.PENF,3456.59105473302
HER8,2023,12,ALTO PARANÁ,TOTAL PENEF,55486.6887048382
HER9,2023,12,ALTO PARANÁ,ACCID.DEP,3.0
HER9,2023,12,ALTO PARANÁ,PROG.DEP,0.208516836257692
HER9,2023,12,ALTO PARANÁ,PROD.DEP,3996.21045752682
HER9,2023,12,ALTO PARANÁ,TOTAL DEP,53362.6283154769
HER9,2023,12,ALTO PARANÁ,ACCID.FEP,5.0
HER9,2023,12,ALTO PARANÁ,PROG.FEP,0.613275267325676
HER9,2023,12,ALTO PARANÁ,PROD.FEP,2536.32901156156
HER9,2023,12,ALTO PARANÁ,TOTAL FEP,69531.3788361346
HER7,2023,12,ALTO PARANÁ,TOTAL DEP,67366.3741918137
HER9,2023,12,ALTO PARANÁ,PROG.PENF,0.461065487320343
HER9,2023,12,ALTO PARANÁ,PROD.PENF,4607.37293614286
HER9,2023,12,ALTO PARANÁ,TOTAL PENEF,51656.328638782
IRY1,2023,12,ALTO PARANÁ,ACCID.DEP,7.0
IRY1,2023,12,ALTO PARANÁ,PROG.DEP,0.210468687648118
IRY1,2023,12,ALTO PARANÁ,PROD.DEP,4223.88652066231
IRY1,2023,12,ALTO PARANÁ,TOTAL DEP,67958.5334636295
IRY1,2023,12,ALTO PARANÁ,ACCID.FEP,5.0
IRY1,2023,12,ALTO PARANÁ,PROG.FEP,0.893572360730217
IRY1,2023,12,ALTO PARANÁ,PROD.FEP,4027.58772119536
IRY1,2023,12,ALTO PARANÁ,TOTAL FEP,50981.545866583
IRY1,2023,12,ALTO PARANÁ,ACCID.PENF,2.0
IRY1,2023,12,ALTO PARANÁ,PROG.PENF,0.7781844195552
IRY1,2023,12,ALTO PARANÁ,PROD.PENF,4090.97443570597
IRY1,2023,12,ALTO PARANÁ,TOTAL PENEF,65008.9449170688
IRY2,2023,12,ALTO PARANÁ,ACCID.DEP,8.0
IRY2,2023,12,ALTO PARANÁ,PROG.DEP,0.480236547261391
IRY2,2023,12,ALTO PARANÁ,PROD.DEP,4888.55851634165
IRY2,2023,12,ALTO PARANÁ,TOTAL DEP,54041.3299879295
IRY2,2023,12,ALTO PARANÁ,ACCID.FEP,5.0
IRY2,2023,12,ALTO PARANÁ,PROG.FEP,0.959024033059823
IRY2,2023,12,ALTO PARANÁ,PROD.FEP,2241.60251527117
IRY2,2023,12,ALTO PARANÁ,TOTAL FEP,58224.3223713696
IRY2,2023,12,ALTO PARANÁ,ACCID.PENF,4.0
IRY2,2023,12,ALTO PARANÁ,PROG.PENF,0.682775743351333
IRY2,2023,12,ALTO PARANÁ,PROD.PENF,3256.80463238353
IRY2,2023,12,ALTO PARANÁ,TOTAL PENEF,64079.2191179116
IRY3,2023,12,ALTO PARANÁ,ACCID.DEP,5.0
IRY3,2023,12,ALTO PARANÁ,PROG.DEP,0.512562939181254
IRY3,2023,12,ALTO PARANÁ,PROD.DEP,1413.46449247597
IRY3,2023,12,ALTO PARANÁ,TOTAL DEP,63634.4927704498
IRY3,2023,12,ALTO PARANÁ,ACCID.FEP,7.0
IRY3,2023,12,ALTO PARANÁ,PROG.FEP,0.12376942677727
IRY3,2023,12,ALTO PARANÁ,PROD.FEP,4240.8673699745
IRY3,2023,12,ALTO PARANÁ,TOTAL FEP,50073.9736236042
IRY3,2023,12,ALTO PARANÁ,ACCID.PENF,4.0
IRY3,2023,12,ALTO PARANÁ,PROG.PENF,0.757635142255423
IRY3,2023,12,ALTO PARANÁ,PROD.PENF,2762.95410719622
IRY3,2023,12,ALTO PARANÁ,TOTAL PENEF,53962.0518072125
IRY4,2023,12,ALTO PARANÁ,ACCID.DEP,4.0
IRY4,2023,12,ALTO PARANÁ,PROG.DEP,0.700196828232634
IRY4,2023,12,ALTO PARANÁ,PROD.DEP,1672.67036148277
IRY4,2023,12,ALTO PARANÁ,TOTAL DEP,69757.3697317162
IRY4,2023,12,ALTO PARANÁ,PROG.FEP,0.363444167619791
IRY4,2023,12,ALTO PARANÁ,ACCID.FEP,4.0
IRY4,2023,12,ALTO PARANÁ,PROD.FEP,4082.82704734534
IRY4,2023,12,ALTO PARANÁ,TOTAL FEP,59041.4925026682
IRY4,2023,12,ALTO PARANÁ,ACCID.PENF,7.0
IRY4,2023,12,ALTO PARANÁ,PROG.PENF,0.607682337409652
IRY4,2023,12,ALTO PARANÁ,PROD.PENF,4153.2835370973
IRY4,2023,12,ALTO PARANÁ,TOTAL PENEF,63478.7582338397
JEP1,2023,12,CANINDEYU,ACCID.DEP,4.0
JEP1,2023,12,CANINDEYU,PROG.DEP,0.870772255951817
JEP1,2023,12,CANINDEYU,PROD.DEP,4928.52891998198
JEP1,2023,12,CANINDEYU,TOTAL DEP,57376.6243293085
JEP1,2023,12,CANINDEYU,ACCID.FEP,9.0
JEP1,2023,12,CANINDEYU,PROG.FEP,0.662036324872893
JEP1,2023,12,CANINDEYU,PROD.FEP,1537.99021250266
JEP1,2023,12,CANINDEYU,TOTAL FEP,50947.3388042604
JEP1,2023,12,CANINDEYU,ACCID.PENF,4.0
JEP1,2023,12,CANINDEYU,PROG.PENF,0.912643520460171
JEP1,2023,12,CANINDEYU,PROD.PENF,3284.81437018678
JEP1,2023,12,CANINDEYU,TOTAL PENEF,58007.2762387328
JEP2,2023,12,CANINDEYU,ACCID.DEP,2.0
JEP2,2023,12,CANINDEYU,PROG.DEP,0.250743627756183
JEP2,2023,12,CANINDEYU,PROD.DEP,1200.85863934137
JEP2,2023,12,CANINDEYU,TOTAL DEP,57504.9430706052
HER7,2023,12,ALTO PARANÁ,ACCID.PENF,2.0
HER7,2023,12,ALTO PARANÁ,PROD.DEP,3827.77734006749
HER9,2023,12,ALTO PARANÁ,ACCID.PENF,2.0
JEP2,2023,12,CANINDEYU,ACCID.FEP,5.0
JEP2,2023,12,CANINDEYU,ACCID.PENF,8.0
JEP2,2023,12,CANINDEYU,PROG.PENF,0.143684526364092
JEP2,2023,12,CANINDEYU,PROD.PENF,3203.05839534684
JEP2,2023,12,CANINDEYU,TOTAL PENEF,66320.310388321
JEP3,2023,12,CANINDEYU,ACCID.DEP,0.0
JEP3,2023,12,CANINDEYU,PROG.DEP,0.776247879976547
JEP3,2023,12,CANINDEYU,PROD.DEP,4570.98824152252
JEP3,2023,12,CANINDEYU,TOTAL DEP,59414.4591345893
JEP3,2023,12,CANINDEYU,ACCID.FEP,2.0
JEP3,2023,12,CANINDEYU,PROG.FEP,0.791762947016365
JEP3,2023,12,CANINDEYU,PROD.FEP,2982.62595376062
JEP3,2023,12,CANINDEYU,TOTAL FEP,69256.523366655
JEP3,2023,12,CANINDEYU,ACCID.PENF,9.0
JEP3,2023,12,CANINDEYU,PROG.PENF,0.95196667407706
JEP3,2023,12,CANINDEYU,TOTAL PENEF,66117.7272740789
JEP3,2023,12,CANINDEYU,PROD.PENF,2934.89326499971
JEP4,2023,12,CANINDEYU,ACCID.DEP,7.0
JEP4,2023,12,CANINDEYU,PROG.DEP,0.842414580721086
JEP4,2023,12,CANINDEYU,PROD.DEP,4701.48132825039
JEP4,2023,12,CANINDEYU,TOTAL DEP,68683.7454227159
JEP4,2023,12,CANINDEYU,ACCID.FEP,5.0
JEP4,2023,12,CANINDEYU,PROG.FEP,0.586553779275134
JEP4,2023,12,CANINDEYU,PROD.FEP,3896.02124088433
JEP4,2023,12,CANINDEYU,TOTAL FEP,61922.3109972774
JEP4,2023,12,CANINDEYU,ACCID.PENF,5.0
JEP4,2023,12,CANINDEYU,PROG.PENF,0.224470723119952
JEP4,2023,12,CANINDEYU,PROD.PENF,4040.44742136322
JEP4,2023,12,CANINDEYU,TOTAL PENEF,58899.7043679369
JLM1,2023,12,ALTO PARANÁ,ACCID.DEP,9.0
JLM1,2023,12,ALTO PARANÁ,PROG.DEP,0.536800631344699
JLM1,2023,12,ALTO PARANÁ,PROD.DEP,3568.33845779488
JLM1,2023,12,ALTO PARANÁ,TOTAL DEP,51004.5333647114
JLM1,2023,12,ALTO PARANÁ,ACCID.FEP,5.0
JLM1,2023,12,ALTO PARANÁ,PROG.FEP,0.810664826200566
JLM1,2023,12,ALTO PARANÁ,PROD.FEP,2985.46467325064
JLM1,2023,12,ALTO PARANÁ,TOTAL FEP,54337.6028788767
JLM1,2023,12,ALTO PARANÁ,ACCID.PENF,8.0
JLM1,2023,12,ALTO PARANÁ,PROG.PENF,0.258113107878797
JLM1,2023,12,ALTO PARANÁ,PROD.PENF,4580.09250541387
JLM1,2023,12,ALTO PARANÁ,TOTAL PENEF,65795.7339655831
JLM2,2023,12,ALTO PARANÁ,ACCID.DEP,4.0
JLM2,2023,12,ALTO PARANÁ,PROG.DEP,0.175095598498864
JLM2,2023,12,ALTO PARANÁ,PROD.DEP,4848.64022197846
JLM2,2023,12,ALTO PARANÁ,TOTAL DEP,65442.8294920657
JLM2,2023,12,ALTO PARANÁ,ACCID.FEP,3.0
JLM2,2023,12,ALTO PARANÁ,PROG.FEP,0.332531416708806
JLM2,2023,12,ALTO PARANÁ,PROD.FEP,4805.55573552238
JLM2,2023,12,ALTO PARANÁ,ACCID.PENF,8.0
JLM2,2023,12,ALTO PARANÁ,TOTAL FEP,57841.3184762053
JLM2,2023,12,ALTO PARANÁ,PROG.PENF,0.284698910731485
JLM2,2023,12,ALTO PARANÁ,PROD.PENF,4236.26071175382
JLM2,2023,12,ALTO PARANÁ,TOTAL PENEF,57372.2759428615
JLM3,2023,12,ALTO PARANÁ,ACCID.DEP,0.0
JLM3,2023,12,ALTO PARANÁ,PROG.DEP,0.324862399647954
JLM3,2023,12,ALTO PARANÁ,PROD.DEP,4701.09643466194
JLM3,2023,12,ALTO PARANÁ,TOTAL DEP,69825.5734046371
JLM3,2023,12,ALTO PARANÁ,ACCID.FEP,0.0
JLM3,2023,12,ALTO PARANÁ,PROG.FEP,0.595378835780235
JLM3,2023,12,ALTO PARANÁ,PROD.FEP,4321.9257864851
JLM3,2023,12,ALTO PARANÁ,ACCID.PENF,4.0
JLM3,2023,12,ALTO PARANÁ,TOTAL FEP,64697.1705467541
JLM3,2023,12,ALTO PARANÁ,PROG.PENF,0.183845516981087
JLM3,2023,12,ALTO PARANÁ,PROD.PENF,1715.16634154152
JLM3,2023,12,ALTO PARANÁ,TOTAL PENEF,56341.5769323893
K152,2023,12,ALTO PARANÁ,ACCID.DEP,5.0
K152,2023,12,ALTO PARANÁ,PROG.DEP,0.715478930186286
K152,2023,12,ALTO PARANÁ,TOTAL DEP,60707.5374133076
K152,2023,12,ALTO PARANÁ,PROD.DEP,3402.07660131432
K152,2023,12,ALTO PARANÁ,ACCID.FEP,0.0
K152,2023,12,ALTO PARANÁ,PROG.FEP,0.242579658831687
K152,2023,12,ALTO PARANÁ,PROD.FEP,2935.34582809644
K152,2023,12,ALTO PARANÁ,TOTAL FEP,67752.2866465905
K152,2023,12,ALTO PARANÁ,ACCID.PENF,6.0
K152,2023,12,ALTO PARANÁ,PROG.PENF,0.637201712046566
K152,2023,12,ALTO PARANÁ,PROD.PENF,4727.27575916267
K152,2023,12,ALTO PARANÁ,TOTAL PENEF,68419.293440023
K153,2023,12,ALTO PARANÁ,ACCID.DEP,1.0
K153,2023,12,ALTO PARANÁ,PROG.DEP,0.810321157091308
K153,2023,12,ALTO PARANÁ,PROD.DEP,2804.92190249872
K153,2023,12,ALTO PARANÁ,TOTAL DEP,53378.6310506026
K153,2023,12,ALTO PARANÁ,ACCID.FEP,9.0
K153,2023,12,ALTO PARANÁ,PROG.FEP,0.135317914540785
K153,2023,12,ALTO PARANÁ,PROD.FEP,4173.23360353391
K153,2023,12,ALTO PARANÁ,TOTAL FEP,53119.578128239
K153,2023,12,ALTO PARANÁ,ACCID.PENF,4.0
K153,2023,12,ALTO PARANÁ,PROG.PENF,0.348768882966911
K153,2023,12,ALTO PARANÁ,PROD.PENF,4174.69020027979
K153,2023,12,ALTO PARANÁ,TOTAL PENEF,51312.1095034535
K154,2023,12,ALTO PARANÁ,ACCID.DEP,1.0
K154,2023,12,ALTO PARANÁ,PROG.DEP,0.349803400977439
K154,2023,12,ALTO PARANÁ,PROD.DEP,4119.43561476494
K154,2023,12,ALTO PARANÁ,TOTAL DEP,64991.5772612013
K154,2023,12,ALTO PARANÁ,ACCID.FEP,7.0
K154,2023,12,ALTO PARANÁ,PROG.FEP,0.255946760014894
K154,2023,12,ALTO PARANÁ,PROD.FEP,1105.52817265712
K154,2023,12,ALTO PARANÁ,TOTAL FEP,53856.1537466202
JEP2,2023,12,CANINDEYU,TOTAL FEP,67203.4404769876
JEP2,2023,12,CANINDEYU,PROD.FEP,2643.20684275186
JEP2,2023,12,CANINDEYU,PROG.FEP,0.702856636863832
K154,2023,12,ALTO PARANÁ,ACCID.PENF,9.0
K155,2023,12,ALTO PARANÁ,ACCID.DEP,8.0
K155,2023,12,ALTO PARANÁ,PROG.DEP,0.658164545002842
K155,2023,12,ALTO PARANÁ,PROD.DEP,3645.75381205708
K155,2023,12,ALTO PARANÁ,TOTAL DEP,61652.0563020146
K155,2023,12,ALTO PARANÁ,ACCID.FEP,6.0
K155,2023,12,ALTO PARANÁ,PROG.FEP,0.483873600691663
K155,2023,12,ALTO PARANÁ,PROD.FEP,3559.0803617536
K155,2023,12,ALTO PARANÁ,TOTAL FEP,66242.4612144243
K155,2023,12,ALTO PARANÁ,ACCID.PENF,1.0
K155,2023,12,ALTO PARANÁ,PROG.PENF,0.196140776812829
K155,2023,12,ALTO PARANÁ,PROD.PENF,3324.84657723504
K155,2023,12,ALTO PARANÁ,TOTAL PENEF,59470.1384626911
K156,2023,12,ALTO PARANÁ,ACCID.DEP,9.0
K156,2023,12,ALTO PARANÁ,PROG.DEP,0.6163138711839
K156,2023,12,ALTO PARANÁ,PROD.DEP,2983.35603595747
K156,2023,12,ALTO PARANÁ,TOTAL DEP,53061.8328881587
K156,2023,12,ALTO PARANÁ,ACCID.FEP,6.0
K156,2023,12,ALTO PARANÁ,PROG.FEP,0.402203828065825
K156,2023,12,ALTO PARANÁ,PROD.FEP,2647.71108893576
K156,2023,12,ALTO PARANÁ,TOTAL FEP,69212.2192067952
K156,2023,12,ALTO PARANÁ,ACCID.PENF,2.0
K156,2023,12,ALTO PARANÁ,PROG.PENF,0.311723918537068
K156,2023,12,ALTO PARANÁ,PROD.PENF,4458.132674921
K156,2023,12,ALTO PARANÁ,TOTAL PENEF,52712.9310725473
K157,2023,12,ALTO PARANÁ,ACCID.DEP,5.0
K157,2023,12,ALTO PARANÁ,PROG.DEP,0.400741718526533
K157,2023,12,ALTO PARANÁ,PROD.DEP,1088.15090940186
K157,2023,12,ALTO PARANÁ,TOTAL DEP,56423.7789158809
K157,2023,12,ALTO PARANÁ,ACCID.FEP,2.0
K157,2023,12,ALTO PARANÁ,PROG.FEP,0.722208511967207
K157,2023,12,ALTO PARANÁ,PROD.FEP,3484.65986505811
K157,2023,12,ALTO PARANÁ,TOTAL FEP,50197.6828041617
K157,2023,12,ALTO PARANÁ,ACCID.PENF,5.0
K157,2023,12,ALTO PARANÁ,PROG.PENF,0.74237641543725
K157,2023,12,ALTO PARANÁ,PROD.PENF,3993.45665061723
K157,2023,12,ALTO PARANÁ,TOTAL PENEF,61704.2913752171
K158,2023,12,ALTO PARANÁ,ACCID.DEP,7.0
K158,2023,12,ALTO PARANÁ,PROG.DEP,0.429426173729193
K158,2023,12,ALTO PARANÁ,PROD.DEP,3665.18986851468
K158,2023,12,ALTO PARANÁ,TOTAL DEP,62672.475176632
K158,2023,12,ALTO PARANÁ,ACCID.FEP,0.0
K158,2023,12,ALTO PARANÁ,PROG.FEP,0.232578865201235
K158,2023,12,ALTO PARANÁ,PROD.FEP,1549.76658442631
K158,2023,12,ALTO PARANÁ,TOTAL FEP,55927.2940203648
K158,2023,12,ALTO PARANÁ,ACCID.PENF,7.0
K158,2023,12,ALTO PARANÁ,PROG.PENF,0.450010673522396
K158,2023,12,ALTO PARANÁ,PROD.PENF,3938.72790412455
K158,2023,12,ALTO PARANÁ,TOTAL PENEF,66820.6144202583
K159,2023,12,ALTO PARANÁ,ACCID.DEP,3.0
K159,2023,12,ALTO PARANÁ,PROG.DEP,0.630078111951414
K159,2023,12,ALTO PARANÁ,PROD.DEP,2004.6999729247
K159,2023,12,ALTO PARANÁ,TOTAL DEP,57697.9487017827
K159,2023,12,ALTO PARANÁ,ACCID.FEP,9.0
K159,2023,12,ALTO PARANÁ,PROG.FEP,0.691862273978823
K159,2023,12,ALTO PARANÁ,PROD.FEP,1487.9228007611
K159,2023,12,ALTO PARANÁ,TOTAL FEP,65479.9877225266
K159,2023,12,ALTO PARANÁ,ACCID.PENF,7.0
K159,2023,12,ALTO PARANÁ,PROG.PENF,0.831225939618321
K159,2023,12,ALTO PARANÁ,PROD.PENF,3337.65503398614
K159,2023,12,ALTO PARANÁ,TOTAL PENEF,54484.4588918428
K301,2023,12,ALTO PARANÁ,ACCID.DEP,5.0
K301,2023,12,ALTO PARANÁ,PROG.DEP,0.357489702327612
K301,2023,12,ALTO PARANÁ,PROD.DEP,3875.15567254148
K301,2023,12,ALTO PARANÁ,TOTAL DEP,61963.4280365024
K301,2023,12,ALTO PARANÁ,ACCID.FEP,6.0
K301,2023,12,ALTO PARANÁ,PROG.FEP,0.469333241203754
K301,2023,12,ALTO PARANÁ,PROD.FEP,3546.44080242207
K301,2023,12,ALTO PARANÁ,TOTAL FEP,63439.4607687474
K301,2023,12,ALTO PARANÁ,ACCID.PENF,6.0
K301,2023,12,ALTO PARANÁ,PROG.PENF,0.798817562717394
K301,2023,12,ALTO PARANÁ,PROD.PENF,2014.25894095745
K301,2023,12,ALTO PARANÁ,TOTAL PENEF,54405.3762992558
K302,2023,12,ALTO PARANÁ,ACCID.DEP,0.0
K302,2023,12,ALTO PARANÁ,PROG.DEP,0.913423314915456
K302,2023,12,ALTO PARANÁ,PROD.DEP,2282.65363856302
K302,2023,12,ALTO PARANÁ,TOTAL DEP,52959.0119483008
K302,2023,12,ALTO PARANÁ,ACCID.FEP,5.0
K302,2023,12,ALTO PARANÁ,PROG.FEP,0.915351130557347
K302,2023,12,ALTO PARANÁ,PROD.FEP,1127.44210618428
K302,2023,12,ALTO PARANÁ,TOTAL FEP,50275.0800201139
K302,2023,12,ALTO PARANÁ,ACCID.PENF,3.0
K302,2023,12,ALTO PARANÁ,PROG.PENF,0.58955569686748
K302,2023,12,ALTO PARANÁ,PROD.PENF,3802.07985976178
K302,2023,12,ALTO PARANÁ,TOTAL PENEF,63746.217711836
K303,2023,12,ALTO PARANÁ,ACCID.DEP,6.0
K303,2023,12,ALTO PARANÁ,PROG.DEP,0.826421164174867
K303,2023,12,ALTO PARANÁ,PROD.DEP,3723.92987701701
K303,2023,12,ALTO PARANÁ,TOTAL DEP,68942.50290943
K303,2023,12,ALTO PARANÁ,ACCID.FEP,1.0
K303,2023,12,ALTO PARANÁ,PROG.FEP,0.493722928879114
K303,2023,12,ALTO PARANÁ,PROD.FEP,1389.63998728482
K303,2023,12,ALTO PARANÁ,TOTAL FEP,62140.7011429525
K154,2023,12,ALTO PARANÁ,PROG.PENF,0.867791088476101
K154,2023,12,ALTO PARANÁ,TOTAL PENEF,50850.6829653136
K303,2023,12,ALTO PARANÁ,PROD.PENF,1218.65218407306
K303,2023,12,ALTO PARANÁ,TOTAL PENEF,62488.190166357
K303,2023,12,ALTO PARANÁ,PROG.PENF,0.686417065386688
K154,2023,12,ALTO PARANÁ,PROD.PENF,4752.29348464439
K303,2023,12,ALTO PARANÁ,ACCID.PENF,6.0
K304,2023,12,ALTO PARANÁ,ACCID.DEP,8.0
K304,2023,12,ALTO PARANÁ,ACCID.FEP,9.0
K304,2023,12,ALTO PARANÁ,PROG.FEP,0.97977248101994
K304,2023,12,ALTO PARANÁ,PROD.FEP,3808.17921409584
K304,2023,12,ALTO PARANÁ,TOTAL FEP,61012.7467423654
K304,2023,12,ALTO PARANÁ,ACCID.PENF,7.0
K304,2023,12,ALTO PARANÁ,PROG.PENF,0.54123575158129
K304,2023,12,ALTO PARANÁ,PROD.PENF,4054.30938160452
K304,2023,12,ALTO PARANÁ,TOTAL PENEF,56023.0134788586
K305,2023,12,ALTO PARANÁ,ACCID.DEP,2.0
K305,2023,12,ALTO PARANÁ,PROG.DEP,0.792064182333828
K305,2023,12,ALTO PARANÁ,PROD.DEP,2209.52592319183
K305,2023,12,ALTO PARANÁ,TOTAL DEP,57851.8865741727
K305,2023,12,ALTO PARANÁ,ACCID.FEP,4.0
K305,2023,12,ALTO PARANÁ,PROG.FEP,0.345171750419769
K305,2023,12,ALTO PARANÁ,PROD.FEP,4313.68680273215
K305,2023,12,ALTO PARANÁ,TOTAL FEP,59141.3185436113
K305,2023,12,ALTO PARANÁ,ACCID.PENF,9.0
K305,2023,12,ALTO PARANÁ,PROG.PENF,0.974255451580714
K305,2023,12,ALTO PARANÁ,PROD.PENF,2247.31221869829
K305,2023,12,ALTO PARANÁ,TOTAL PENEF,65649.6512813551
K306,2023,12,ALTO PARANÁ,ACCID.DEP,5.0
K306,2023,12,ALTO PARANÁ,PROG.DEP,0.205160330319143
K306,2023,12,ALTO PARANÁ,PROD.DEP,1270.76460605501
K306,2023,12,ALTO PARANÁ,TOTAL DEP,54010.2726212862
K306,2023,12,ALTO PARANÁ,ACCID.FEP,9.0
K306,2023,12,ALTO PARANÁ,PROG.FEP,0.116121449075885
K306,2023,12,ALTO PARANÁ,PROD.FEP,3960.85799847631
K306,2023,12,ALTO PARANÁ,TOTAL FEP,54220.9066443347
K306,2023,12,ALTO PARANÁ,ACCID.PENF,2.0
K306,2023,12,ALTO PARANÁ,PROG.PENF,0.275861419071947
K306,2023,12,ALTO PARANÁ,PROD.PENF,4138.0022839385
K306,2023,12,ALTO PARANÁ,TOTAL PENEF,57781.6596002364
K307,2023,12,ALTO PARANÁ,ACCID.DEP,2.0
K307,2023,12,ALTO PARANÁ,PROG.DEP,0.955290008475301
K307,2023,12,ALTO PARANÁ,PROD.DEP,4112.04721120794
K307,2023,12,ALTO PARANÁ,TOTAL DEP,60040.0083221248
K307,2023,12,ALTO PARANÁ,ACCID.FEP,8.0
K307,2023,12,ALTO PARANÁ,PROG.FEP,0.333983691001193
K307,2023,12,ALTO PARANÁ,PROD.FEP,4875.61626959391
K307,2023,12,ALTO PARANÁ,TOTAL FEP,51956.4548466043
K307,2023,12,ALTO PARANÁ,ACCID.PENF,3.0
K307,2023,12,ALTO PARANÁ,PROG.PENF,0.990993219262359
K307,2023,12,ALTO PARANÁ,PROD.PENF,3948.64660071126
K307,2023,12,ALTO PARANÁ,TOTAL PENEF,66690.0386326345
K308,2023,12,ALTO PARANÁ,ACCID.DEP,6.0
K308,2023,12,ALTO PARANÁ,PROG.DEP,0.396151945384945
K308,2023,12,ALTO PARANÁ,PROD.DEP,4223.35870819689
K308,2023,12,ALTO PARANÁ,TOTAL DEP,50007.4687081573
K308,2023,12,ALTO PARANÁ,ACCID.FEP,5.0
K308,2023,12,ALTO PARANÁ,PROG.FEP,0.213393244526479
K308,2023,12,ALTO PARANÁ,PROD.FEP,3979.4488451659
K308,2023,12,ALTO PARANÁ,TOTAL FEP,51679.2453412386
K308,2023,12,ALTO PARANÁ,ACCID.PENF,5.0
K308,2023,12,ALTO PARANÁ,PROG.PENF,0.488341695440329
K308,2023,12,ALTO PARANÁ,PROD.PENF,1332.86807425741
K308,2023,12,ALTO PARANÁ,TOTAL PENEF,56691.6449152021
K309,2023,12,ALTO PARANÁ,ACCID.DEP,8.0
K309,2023,12,ALTO PARANÁ,PROG.DEP,0.571439219705115
K309,2023,12,ALTO PARANÁ,PROD.DEP,4171.74940842636
K309,2023,12,ALTO PARANÁ,TOTAL DEP,52151.0036981124
K309,2023,12,ALTO PARANÁ,ACCID.FEP,9.0
K309,2023,12,ALTO PARANÁ,PROG.FEP,0.581686703796693
K309,2023,12,ALTO PARANÁ,PROD.FEP,1089.67751730061
K309,2023,12,ALTO PARANÁ,TOTAL FEP,51232.2390403857
K309,2023,12,ALTO PARANÁ,ACCID.PENF,3.0
K309,2023,12,ALTO PARANÁ,PROG.PENF,0.312687837009733
K309,2023,12,ALTO PARANÁ,PROD.PENF,1936.01007558255
K309,2023,12,ALTO PARANÁ,TOTAL PENEF,68050.7609302132
MCE1,2023,12,ALTO PARANÁ,ACCID.DEP,9.0
MCE1,2023,12,ALTO PARANÁ,PROG.DEP,0.541432424206251
MCE1,2023,12,ALTO PARANÁ,PROD.DEP,1905.19748860923
MCE1,2023,12,ALTO PARANÁ,TOTAL DEP,67534.5030805256
MCE1,2023,12,ALTO PARANÁ,ACCID.FEP,3.0
MCE1,2023,12,ALTO PARANÁ,PROG.FEP,0.854716585654125
MCE1,2023,12,ALTO PARANÁ,PROD.FEP,1354.79860133165
MCE1,2023,12,ALTO PARANÁ,TOTAL FEP,57895.6285588277
MCE1,2023,12,ALTO PARANÁ,ACCID.PENF,3.0
MCE1,2023,12,ALTO PARANÁ,PROG.PENF,0.626183818468013
MCE1,2023,12,ALTO PARANÁ,PROD.PENF,3998.04853926453
K304,2023,12,ALTO PARANÁ,PROG.DEP,0.15056705798331
MCE2,2023,12,ALTO PARANÁ,ACCID.DEP,3.0
MCE2,2023,12,ALTO PARANÁ,PROG.DEP,0.53263389398659
MCE2,2023,12,ALTO PARANÁ,PROD.DEP,2250.90621304937
MCE2,2023,12,ALTO PARANÁ,TOTAL DEP,54807.3961449468
MCE2,2023,12,ALTO PARANÁ,ACCID.FEP,4.0
MCE2,2023,12,ALTO PARANÁ,PROG.FEP,0.163866972387057
MCE2,2023,12,ALTO PARANÁ,PROD.FEP,3663.91409183188
MCE2,2023,12,ALTO PARANÁ,TOTAL FEP,67469.0876137856
MCE2,2023,12,ALTO PARANÁ,ACCID.PENF,4.0
MCE2,2023,12,ALTO PARANÁ,PROG.PENF,0.755852786083204
MCE2,2023,12,ALTO PARANÁ,PROD.PENF,3876.54229906397
MCE2,2023,12,ALTO PARANÁ,TOTAL PENEF,62669.51949101
MCE3,2023,12,ALTO PARANÁ,ACCID.DEP,9.0
MCE3,2023,12,ALTO PARANÁ,PROG.DEP,0.348542833002817
MCE3,2023,12,ALTO PARANÁ,PROD.DEP,2905.64143744952
MCE3,2023,12,ALTO PARANÁ,TOTAL DEP,58673.7854802795
K304,2023,12,ALTO PARANÁ,PROD.DEP,2739.42064053622
K304,2023,12,ALTO PARANÁ,TOTAL DEP,67475.3734467831
MCE1,2023,12,ALTO PARANÁ,TOTAL PENEF,68726.9863419774
MCE3,2023,12,ALTO PARANÁ,ACCID.FEP,1.0
MCE3,2023,12,ALTO PARANÁ,PROG.FEP,0.384937246371382
MCE3,2023,12,ALTO PARANÁ,PROG.PENF,0.247868294208907
MCE3,2023,12,ALTO PARANÁ,PROD.PENF,4618.52388938744
MCE3,2023,12,ALTO PARANÁ,TOTAL PENEF,56642.1141532945
MCE4,2023,12,ALTO PARANÁ,ACCID.DEP,2.0
MCE4,2023,12,ALTO PARANÁ,PROG.DEP,0.79161753326348
MCE4,2023,12,ALTO PARANÁ,PROD.DEP,1516.2667461583
MCE4,2023,12,ALTO PARANÁ,TOTAL DEP,69410.2576166716
MCE4,2023,12,ALTO PARANÁ,ACCID.FEP,3.0
MCE4,2023,12,ALTO PARANÁ,PROG.FEP,0.268834283328949
MCE4,2023,12,ALTO PARANÁ,PROD.FEP,1293.27081408812
MCE4,2023,12,ALTO PARANÁ,TOTAL FEP,54292.7314731305
MCE4,2023,12,ALTO PARANÁ,ACCID.PENF,7.0
MCE4,2023,12,ALTO PARANÁ,PROG.PENF,0.738257627232474
MCE4,2023,12,ALTO PARANÁ,PROD.PENF,4695.34187364459
MCE4,2023,12,ALTO PARANÁ,TOTAL PENEF,50619.0642609857
MCE5,2023,12,ALTO PARANÁ,ACCID.DEP,6.0
MCE5,2023,12,ALTO PARANÁ,PROG.DEP,0.415641820078708
MCE5,2023,12,ALTO PARANÁ,PROD.DEP,4505.00922014377
MCE5,2023,12,ALTO PARANÁ,TOTAL DEP,63232.0983657505
MCE5,2023,12,ALTO PARANÁ,ACCID.FEP,6.0
MCE5,2023,12,ALTO PARANÁ,PROG.FEP,0.690439988595109
MCE5,2023,12,ALTO PARANÁ,PROD.FEP,1323.29615294033
MCE5,2023,12,ALTO PARANÁ,TOTAL FEP,65936.3590995233
MCE5,2023,12,ALTO PARANÁ,ACCID.PENF,8.0
MCE5,2023,12,ALTO PARANÁ,PROG.PENF,0.902362314445464
MCE5,2023,12,ALTO PARANÁ,PROD.PENF,3312.54318431163
MCE5,2023,12,ALTO PARANÁ,TOTAL PENEF,60946.4740395139
MCE6,2023,12,ALTO PARANÁ,ACCID.DEP,4.0
MCE6,2023,12,ALTO PARANÁ,PROG.DEP,0.648290460261629
MCE6,2023,12,ALTO PARANÁ,PROD.DEP,4798.18106172448
MCE6,2023,12,ALTO PARANÁ,TOTAL DEP,51283.6682103185
MCE6,2023,12,ALTO PARANÁ,ACCID.FEP,5.0
MCE6,2023,12,ALTO PARANÁ,PROG.FEP,0.752310783794617
MCE6,2023,12,ALTO PARANÁ,PROD.FEP,4074.65838256933
MCE6,2023,12,ALTO PARANÁ,TOTAL FEP,67763.1416737353
MCE6,2023,12,ALTO PARANÁ,ACCID.PENF,0.0
MCE6,2023,12,ALTO PARANÁ,PROG.PENF,0.964742793245736
MCE6,2023,12,ALTO PARANÁ,PROD.PENF,4272.09434281884
MCE6,2023,12,ALTO PARANÁ,TOTAL PENEF,65518.8057032251
MCE7,2023,12,ALTO PARANÁ,ACCID.DEP,7.0
MCE7,2023,12,ALTO PARANÁ,PROG.DEP,0.809619453479831
MCE7,2023,12,ALTO PARANÁ,PROD.DEP,3640.61158854276
MCE7,2023,12,ALTO PARANÁ,TOTAL DEP,57859.7188530563
MCE7,2023,12,ALTO PARANÁ,ACCID.FEP,4.0
MCE7,2023,12,ALTO PARANÁ,PROG.FEP,0.600048895937182
MCE7,2023,12,ALTO PARANÁ,PROD.FEP,3641.18494244378
MCE7,2023,12,ALTO PARANÁ,TOTAL FEP,59637.2231508594
MCE7,2023,12,ALTO PARANÁ,ACCID.PENF,7.0
MCE7,2023,12,ALTO PARANÁ,PROG.PENF,0.288045871042826
MCE7,2023,12,ALTO PARANÁ,PROD.PENF,3674.94505245665
MCE7,2023,12,ALTO PARANÁ,TOTAL PENEF,53085.8986935632
MPO1,2023,12,ALTO PARANÁ,ACCID.DEP,7.0
MPO1,2023,12,ALTO PARANÁ,PROG.DEP,0.1245206372183
MPO1,2023,12,ALTO PARANÁ,PROD.DEP,4502.54017150721
MPO1,2023,12,ALTO PARANÁ,TOTAL DEP,57469.0836043313
MPO1,2023,12,ALTO PARANÁ,ACCID.FEP,1.0
MPO1,2023,12,ALTO PARANÁ,PROG.FEP,0.848591080416228
MPO1,2023,12,ALTO PARANÁ,PROD.FEP,4815.74213173454
MPO1,2023,12,ALTO PARANÁ,TOTAL FEP,69265.9707949873
MPO1,2023,12,ALTO PARANÁ,ACCID.PENF,4.0
MPO1,2023,12,ALTO PARANÁ,PROG.PENF,0.900990481244473
MPO1,2023,12,ALTO PARANÁ,PROD.PENF,3756.14983015004
MPO1,2023,12,ALTO PARANÁ,TOTAL PENEF,58436.8210314808
MPO2,2023,12,CANINDEYU,ACCID.DEP,1.0
MPO2,2023,12,CANINDEYU,PROG.DEP,0.350944799700432
MPO2,2023,12,CANINDEYU,PROD.DEP,3119.96263850223
MPO2,2023,12,CANINDEYU,TOTAL DEP,58133.1721771469
MPO2,2023,12,CANINDEYU,ACCID.FEP,6.0
MPO2,2023,12,CANINDEYU,PROG.FEP,0.813293366120898
MPO2,2023,12,CANINDEYU,PROD.FEP,1261.74805028413
MPO2,2023,12,CANINDEYU,TOTAL FEP,51891.7817070397
MPO2,2023,12,CANINDEYU,ACCID.PENF,3.0
MPO2,2023,12,CANINDEYU,PROG.PENF,0.356340112080921
MPO2,2023,12,CANINDEYU,PROD.PENF,1283.07297469055
MPO2,2023,12,CANINDEYU,TOTAL PENEF,61477.2886794223
MPO3,2023,12,ALTO PARANÁ,ACCID.DEP,4.0
MPO3,2023,12,ALTO PARANÁ,PROG.DEP,0.969288179381215
MPO3,2023,12,ALTO PARANÁ,PROD.DEP,1727.20177837377
MPO3,2023,12,ALTO PARANÁ,TOTAL DEP,58394.4909528746
MPO3,2023,12,ALTO PARANÁ,ACCID.FEP,8.0
MPO3,2023,12,ALTO PARANÁ,PROG.FEP,0.316945489458825
MPO3,2023,12,ALTO PARANÁ,PROD.FEP,1589.6028502727
MPO3,2023,12,ALTO PARANÁ,TOTAL FEP,55892.5132831766
MPO3,2023,12,ALTO PARANÁ,ACCID.PENF,7.0
MPO3,2023,12,ALTO PARANÁ,PROG.PENF,0.481355182356535
MPO3,2023,12,ALTO PARANÁ,PROD.PENF,1336.38034005733
MCE3,2023,12,ALTO PARANÁ,ACCID.PENF,9.0
NAR2,2023,12,ALTO PARANÁ,ACCID.DEP,4.0
NAR2,2023,12,ALTO PARANÁ,PROG.DEP,0.818233483649402
NAR2,2023,12,ALTO PARANÁ,PROD.DEP,3309.71728287881
NAR2,2023,12,ALTO PARANÁ,TOTAL DEP,59210.4939602222
NAR2,2023,12,ALTO PARANÁ,ACCID.FEP,6.0
NAR2,2023,12,ALTO PARANÁ,PROG.FEP,0.93435478206047
NAR2,2023,12,ALTO PARANÁ,PROD.FEP,2385.27445032567
NAR2,2023,12,ALTO PARANÁ,TOTAL FEP,64928.8536135667
MCE3,2023,12,ALTO PARANÁ,PROD.FEP,2053.0622691996
MCE3,2023,12,ALTO PARANÁ,TOTAL FEP,50826.5351402083
MPO3,2023,12,ALTO PARANÁ,TOTAL PENEF,62305.0637956527
NAR2,2023,12,ALTO PARANÁ,ACCID.PENF,4.0
NAR4,2023,12,ALTO PARANÁ,ACCID.DEP,6.0
NAR4,2023,12,ALTO PARANÁ,PROG.DEP,0.973933764538948
NAR4,2023,12,ALTO PARANÁ,PROD.DEP,3365.2148003232
NAR4,2023,12,ALTO PARANÁ,TOTAL DEP,55047.8725073729
NAR4,2023,12,ALTO PARANÁ,ACCID.FEP,5.0
NAR4,2023,12,ALTO PARANÁ,PROG.FEP,0.263845946602442
NAR4,2023,12,ALTO PARANÁ,PROD.FEP,1966.9421123274
NAR4,2023,12,ALTO PARANÁ,TOTAL FEP,63996.3093434776
NAR4,2023,12,ALTO PARANÁ,ACCID.PENF,1.0
NAR4,2023,12,ALTO PARANÁ,PROG.PENF,0.503252838999141
NAR4,2023,12,ALTO PARANÁ,PROD.PENF,1402.86793558923
NAR4,2023,12,ALTO PARANÁ,TOTAL PENEF,53892.4774030426
NAR2,2023,12,ALTO PARANÁ,PROD.PENF,1108.75043074772
NAR5,2023,12,ALTO PARANÁ,PROG.DEP,0.589124817973023
NAR5,2023,12,ALTO PARANÁ,PROD.DEP,2098.43435064086
NAR5,2023,12,ALTO PARANÁ,TOTAL DEP,54656.5579526478
NAR5,2023,12,ALTO PARANÁ,ACCID.FEP,5.0
NAR5,2023,12,ALTO PARANÁ,PROG.FEP,0.421373904411875
NAR5,2023,12,ALTO PARANÁ,PROD.FEP,1596.133218351
NAR5,2023,12,ALTO PARANÁ,TOTAL FEP,51818.593535923
NAR5,2023,12,ALTO PARANÁ,ACCID.PENF,1.0
NAR5,2023,12,ALTO PARANÁ,PROG.PENF,0.355609097568858
NAR5,2023,12,ALTO PARANÁ,PROD.PENF,2014.1821503793
NAR5,2023,12,ALTO PARANÁ,TOTAL PENEF,51958.7852182381
NAR6,2023,12,ALTO PARANÁ,ACCID.DEP,7.0
NAR6,2023,12,ALTO PARANÁ,PROG.DEP,0.665482132938366
NAR6,2023,12,ALTO PARANÁ,PROD.DEP,1572.32535613954
NAR6,2023,12,ALTO PARANÁ,TOTAL DEP,69345.5420797873
NAR6,2023,12,ALTO PARANÁ,ACCID.FEP,8.0
NAR6,2023,12,ALTO PARANÁ,PROG.FEP,0.502035588878958
NAR6,2023,12,ALTO PARANÁ,PROD.FEP,3829.96275209217
NAR6,2023,12,ALTO PARANÁ,TOTAL FEP,65624.4063445466
NAR6,2023,12,ALTO PARANÁ,ACCID.PENF,7.0
NAR6,2023,12,ALTO PARANÁ,PROG.PENF,0.160320351518374
NAR6,2023,12,ALTO PARANÁ,PROD.PENF,1925.36142794958
NAR6,2023,12,ALTO PARANÁ,TOTAL PENEF,58168.8791757424
NAR8,2023,12,ALTO PARANÁ,ACCID.DEP,6.0
NAR8,2023,12,ALTO PARANÁ,PROG.DEP,0.225685194526872
NAR8,2023,12,ALTO PARANÁ,PROD.DEP,2533.06478454307
NAR5,2023,12,ALTO PARANÁ,ACCID.DEP,5.0
NAR8,2023,12,ALTO PARANÁ,ACCID.FEP,8.0
NAR8,2023,12,ALTO PARANÁ,PROG.FEP,0.742932242134768
NAR8,2023,12,ALTO PARANÁ,PROD.FEP,4503.58043075904
NAR8,2023,12,ALTO PARANÁ,TOTAL FEP,57947.7624909984
NAR8,2023,12,ALTO PARANÁ,ACCID.PENF,6.0
NAR8,2023,12,ALTO PARANÁ,PROG.PENF,0.494375352143977
NAR8,2023,12,ALTO PARANÁ,PROD.PENF,3344.14590879906
NAR8,2023,12,ALTO PARANÁ,TOTAL PENEF,58637.3925763709
PBU1,2023,12,ALTO PARANÁ,ACCID.DEP,3.0
PBU1,2023,12,ALTO PARANÁ,PROG.DEP,0.435894580000165
PBU1,2023,12,ALTO PARANÁ,PROD.DEP,4545.89410646982
PBU1,2023,12,ALTO PARANÁ,TOTAL DEP,55305.9458598066
PBU1,2023,12,ALTO PARANÁ,ACCID.FEP,6.0
PBU1,2023,12,ALTO PARANÁ,PROG.FEP,0.691412739417241
PBU1,2023,12,ALTO PARANÁ,PROD.FEP,3602.66334946402
PBU1,2023,12,ALTO PARANÁ,TOTAL FEP,63977.3648628883
PBU1,2023,12,ALTO PARANÁ,ACCID.PENF,9.0
PBU1,2023,12,ALTO PARANÁ,PROG.PENF,0.769241076133439
PBU1,2023,12,ALTO PARANÁ,PROD.PENF,3706.14573301471
PBU1,2023,12,ALTO PARANÁ,TOTAL PENEF,53424.1228618333
PBU2,2023,12,ALTO PARANÁ,ACCID.DEP,1.0
PBU2,2023,12,ALTO PARANÁ,PROG.DEP,0.824861921912249
PBU2,2023,12,ALTO PARANÁ,PROD.DEP,3212.84171518739
PBU2,2023,12,ALTO PARANÁ,TOTAL DEP,67531.5562248082
PBU2,2023,12,ALTO PARANÁ,ACCID.FEP,3.0
PBU2,2023,12,ALTO PARANÁ,PROG.FEP,0.116681265326411
PBU2,2023,12,ALTO PARANÁ,PROD.FEP,1867.03228656607
PBU2,2023,12,ALTO PARANÁ,TOTAL FEP,69944.6911787208
PBU2,2023,12,ALTO PARANÁ,PROG.PENF,0.273904559168416
PBU2,2023,12,ALTO PARANÁ,PROD.PENF,3489.64610960456
PBU2,2023,12,ALTO PARANÁ,ACCID.PENF,0.0
PBU2,2023,12,ALTO PARANÁ,TOTAL PENEF,67263.4655773564
PBU3,2023,12,ALTO PARANÁ,ACCID.DEP,9.0
PBU3,2023,12,ALTO PARANÁ,PROG.DEP,0.249356029784417
PBU3,2023,12,ALTO PARANÁ,PROD.DEP,1533.34851253719
PBU3,2023,12,ALTO PARANÁ,TOTAL DEP,67360.9729705567
PBU3,2023,12,ALTO PARANÁ,ACCID.FEP,5.0
PBU3,2023,12,ALTO PARANÁ,PROG.FEP,0.104404646305052
PBU3,2023,12,ALTO PARANÁ,PROD.FEP,1800.08252426841
PBU3,2023,12,ALTO PARANÁ,TOTAL FEP,64399.1268633965
PBU3,2023,12,ALTO PARANÁ,ACCID.PENF,8.0
PBU3,2023,12,ALTO PARANÁ,PROG.PENF,0.297797503484626
PBU3,2023,12,ALTO PARANÁ,PROD.PENF,1800.57373734684
PBU3,2023,12,ALTO PARANÁ,TOTAL PENEF,54425.8456290545
PBU4,2023,12,ALTO PARANÁ,ACCID.DEP,1.0
PBU4,2023,12,ALTO PARANÁ,PROG.DEP,0.876820065212995
PBU4,2023,12,ALTO PARANÁ,PROD.DEP,4465.97060479418
PBU4,2023,12,ALTO PARANÁ,TOTAL DEP,54141.6792958371
PBU4,2023,12,ALTO PARANÁ,ACCID.FEP,1.0
PBU4,2023,12,ALTO PARANÁ,PROG.FEP,0.784389010061546
PBU4,2023,12,ALTO PARANÁ,PROD.FEP,3104.39174070221
PBU4,2023,12,ALTO PARANÁ,TOTAL FEP,56448.0116083381
PBU4,2023,12,ALTO PARANÁ,ACCID.PENF,0.0
PBU4,2023,12,ALTO PARANÁ,PROG.PENF,0.369578647429
PBU4,2023,12,ALTO PARANÁ,PROD.PENF,4397.76162801144
PBU4,2023,12,ALTO PARANÁ,TOTAL PENEF,54960.8389534507
NAR2,2023,12,ALTO PARANÁ,TOTAL PENEF,53682.1694035656
NAR2,2023,12,ALTO PARANÁ,PROG.PENF,0.655850541612827
NAR8,2023,12,ALTO PARANÁ,TOTAL DEP,59826.2043016688
PBU5,2023,12,ALTO PARANÁ,ACCID.DEP,9.0
PBU5,2023,12,ALTO PARANÁ,ACCID.FEP,8.0
PBU5,2023,12,ALTO PARANÁ,PROG.FEP,0.695832082812219
PBU5,2023,12,ALTO PARANÁ,PROD.FEP,4574.64866626703
PBU5,2023,12,ALTO PARANÁ,TOTAL FEP,61675.9487317076
PBU5,2023,12,ALTO PARANÁ,ACCID.PENF,7.0
PBU5,2023,12,ALTO PARANÁ,PROG.PENF,0.897180608626915
PBU5,2023,12,ALTO PARANÁ,PROD.PENF,1881.22672400134
PBU5,2023,12,ALTO PARANÁ,TOTAL PENEF,53010.7926967051
PFO1,2023,12,ALTO PARANÁ,ACCID.DEP,3.0
PFO1,2023,12,ALTO PARANÁ,PROG.DEP,0.750367854413695
PFO1,2023,12,ALTO PARANÁ,PROD.DEP,4118.961398194
PFO1,2023,12,ALTO PARANÁ,TOTAL DEP,65093.2181638074
PFO1,2023,12,ALTO PARANÁ,ACCID.FEP,0.0
PFO1,2023,12,ALTO PARANÁ,PROG.FEP,0.434973640077164
PFO1,2023,12,ALTO PARANÁ,PROD.FEP,1697.27776195308
PFO1,2023,12,ALTO PARANÁ,TOTAL FEP,62554.0228499823
PFO1,2023,12,ALTO PARANÁ,ACCID.PENF,0.0
PFO1,2023,12,ALTO PARANÁ,PROG.PENF,0.494749478563819
PFO1,2023,12,ALTO PARANÁ,PROD.PENF,3138.76436825249
PFO1,2023,12,ALTO PARANÁ,TOTAL PENEF,51239.7574583644
PFO10,2023,12,ALTO PARANÁ,ACCID.DEP,5.0
PFO10,2023,12,ALTO PARANÁ,PROG.DEP,0.329036279239188
PFO10,2023,12,ALTO PARANÁ,PROD.DEP,1743.02195236803
PFO10,2023,12,ALTO PARANÁ,TOTAL DEP,52151.3806761439
PFO10,2023,12,ALTO PARANÁ,ACCID.FEP,0.0
PFO10,2023,12,ALTO PARANÁ,PROG.FEP,0.283194788171547
PFO10,2023,12,ALTO PARANÁ,PROD.FEP,1386.03790877676
PFO10,2023,12,ALTO PARANÁ,TOTAL FEP,65211.0265019436
PFO10,2023,12,ALTO PARANÁ,ACCID.PENF,4.0
PFO10,2023,12,ALTO PARANÁ,PROG.PENF,0.400986550786581
PFO10,2023,12,ALTO PARANÁ,PROD.PENF,1221.41179455173
PFO10,2023,12,ALTO PARANÁ,TOTAL PENEF,61391.7011991285
PFO11,2023,12,ALTO PARANÁ,ACCID.DEP,0.0
PFO11,2023,12,ALTO PARANÁ,PROG.DEP,0.426904284470694
PFO11,2023,12,ALTO PARANÁ,PROD.DEP,2085.28521901668
PFO11,2023,12,ALTO PARANÁ,TOTAL DEP,63702.6183952389
PFO11,2023,12,ALTO PARANÁ,ACCID.FEP,8.0
PFO11,2023,12,ALTO PARANÁ,PROG.FEP,0.298133208274768
PFO11,2023,12,ALTO PARANÁ,PROD.FEP,3175.99415364263
PFO11,2023,12,ALTO PARANÁ,TOTAL FEP,56065.8740879484
PFO11,2023,12,ALTO PARANÁ,ACCID.PENF,9.0
PFO11,2023,12,ALTO PARANÁ,PROG.PENF,0.625761803863363
PFO11,2023,12,ALTO PARANÁ,PROD.PENF,4968.75262791421
PFO11,2023,12,ALTO PARANÁ,TOTAL PENEF,54631.6798103325
PFO12,2023,12,ALTO PARANÁ,ACCID.DEP,2.0
PFO12,2023,12,ALTO PARANÁ,PROG.DEP,0.486805982479192
PFO12,2023,12,ALTO PARANÁ,PROD.DEP,3791.91808619708
PFO12,2023,12,ALTO PARANÁ,TOTAL DEP,50477.2325856616
PFO12,2023,12,ALTO PARANÁ,ACCID.FEP,4.0
PFO12,2023,12,ALTO PARANÁ,PROG.FEP,0.784295750508774
PFO12,2023,12,ALTO PARANÁ,PROD.FEP,4633.87072485418
PFO12,2023,12,ALTO PARANÁ,TOTAL FEP,52717.2995450989
PFO12,2023,12,ALTO PARANÁ,ACCID.PENF,0.0
PFO12,2023,12,ALTO PARANÁ,PROG.PENF,0.342982329994062
PFO12,2023,12,ALTO PARANÁ,PROD.PENF,2651.76117013263
PFO12,2023,12,ALTO PARANÁ,TOTAL PENEF,68712.157636508
PFO14,2023,12,ALTO PARANÁ,ACCID.DEP,6.0
PFO14,2023,12,ALTO PARANÁ,PROG.DEP,0.851039295534219
PFO14,2023,12,ALTO PARANÁ,PROD.DEP,3509.34640595449
PFO14,2023,12,ALTO PARANÁ,TOTAL DEP,63218.447827173
PFO14,2023,12,ALTO PARANÁ,ACCID.FEP,2.0
PFO14,2023,12,ALTO PARANÁ,PROG.FEP,0.836372400005123
PFO14,2023,12,ALTO PARANÁ,PROD.FEP,2426.64946618552
PFO14,2023,12,ALTO PARANÁ,TOTAL FEP,60146.7705877276
PFO14,2023,12,ALTO PARANÁ,PROG.PENF,0.762436468753654
PFO14,2023,12,ALTO PARANÁ,ACCID.PENF,3.0
PFO14,2023,12,ALTO PARANÁ,TOTAL PENEF,63176.472848348
PFO14,2023,12,ALTO PARANÁ,PROD.PENF,3815.94386572093
PFO15,2023,12,ALTO PARANÁ,ACCID.DEP,3.0
PFO15,2023,12,ALTO PARANÁ,PROG.DEP,0.176964479688586
PFO15,2023,12,ALTO PARANÁ,PROD.DEP,4826.56893337738
PFO15,2023,12,ALTO PARANÁ,TOTAL DEP,66383.2692868212
PFO15,2023,12,ALTO PARANÁ,ACCID.FEP,3.0
PFO15,2023,12,ALTO PARANÁ,PROG.FEP,0.767907942317089
PFO15,2023,12,ALTO PARANÁ,PROD.FEP,4351.56261178098
PFO15,2023,12,ALTO PARANÁ,TOTAL FEP,59101.2736791597
PFO15,2023,12,ALTO PARANÁ,ACCID.PENF,1.0
PFO15,2023,12,ALTO PARANÁ,PROG.PENF,0.575137966889688
PFO15,2023,12,ALTO PARANÁ,PROD.PENF,3369.75107846872
PFO15,2023,12,ALTO PARANÁ,TOTAL PENEF,57811.785819426
PFO16,2023,12,ALTO PARANÁ,ACCID.DEP,8.0
PFO16,2023,12,ALTO PARANÁ,PROG.DEP,0.498277221994495
PFO16,2023,12,ALTO PARANÁ,PROD.DEP,2206.25062796517
PFO16,2023,12,ALTO PARANÁ,TOTAL DEP,50840.0492996654
PFO16,2023,12,ALTO PARANÁ,ACCID.FEP,1.0
PFO16,2023,12,ALTO PARANÁ,PROG.FEP,0.271557746657898
PFO16,2023,12,ALTO PARANÁ,PROD.FEP,4730.02814504123
PFO16,2023,12,ALTO PARANÁ,TOTAL FEP,63175.1262286201
PFO16,2023,12,ALTO PARANÁ,ACCID.PENF,3.0
PFO16,2023,12,ALTO PARANÁ,PROG.PENF,0.621613202072335
PFO16,2023,12,ALTO PARANÁ,PROD.PENF,1609.65818847834
PFO16,2023,12,ALTO PARANÁ,TOTAL PENEF,51678.0987952563
PFO17,2023,12,ALTO PARANÁ,ACCID.DEP,1.0
PFO17,2023,12,ALTO PARANÁ,PROG.DEP,0.661965986146776
PFO17,2023,12,ALTO PARANÁ,PROD.DEP,4453.45087570273
PFO17,2023,12,ALTO PARANÁ,TOTAL DEP,50870.0306154242
PBU5,2023,12,ALTO PARANÁ,PROD.DEP,1546.69711897994
PBU5,2023,12,ALTO PARANÁ,TOTAL DEP,58136.4208644128
PBU5,2023,12,ALTO PARANÁ,PROG.DEP,0.844638900542515
PFO17,2023,12,ALTO PARANÁ,PROG.FEP,0.724574903975597
PFO17,2023,12,ALTO PARANÁ,ACCID.PENF,4.0
PFO17,2023,12,ALTO PARANÁ,PROG.PENF,0.501687373831083
PFO17,2023,12,ALTO PARANÁ,PROD.PENF,4597.19465717898
PFO17,2023,12,ALTO PARANÁ,TOTAL PENEF,59818.3820567285
PFO2,2023,12,ALTO PARANÁ,ACCID.DEP,1.0
PFO2,2023,12,ALTO PARANÁ,PROG.DEP,0.960601745195673
PFO2,2023,12,ALTO PARANÁ,PROD.DEP,1751.91398702214
PFO2,2023,12,ALTO PARANÁ,TOTAL DEP,68245.3040533467
PFO2,2023,12,ALTO PARANÁ,ACCID.FEP,9.0
PFO2,2023,12,ALTO PARANÁ,PROG.FEP,0.240272365326422
PFO2,2023,12,ALTO PARANÁ,PROD.FEP,4517.97353529227
PFO2,2023,12,ALTO PARANÁ,TOTAL FEP,58976.2084572235
PFO2,2023,12,ALTO PARANÁ,ACCID.PENF,9.0
PFO2,2023,12,ALTO PARANÁ,PROG.PENF,0.346463774034394
PFO2,2023,12,ALTO PARANÁ,PROD.PENF,2020.28986082531
PFO2,2023,12,ALTO PARANÁ,TOTAL PENEF,66196.6509374793
PFO3,2023,12,ALTO PARANÁ,ACCID.DEP,3.0
PFO3,2023,12,ALTO PARANÁ,PROG.DEP,0.488869553705762
PFO3,2023,12,ALTO PARANÁ,PROD.DEP,1035.50779189667
PFO3,2023,12,ALTO PARANÁ,TOTAL DEP,68899.1752005576
PFO3,2023,12,ALTO PARANÁ,ACCID.FEP,2.0
PFO3,2023,12,ALTO PARANÁ,PROG.FEP,0.59894143162965
PFO3,2023,12,ALTO PARANÁ,PROD.FEP,4053.10774983768
PFO3,2023,12,ALTO PARANÁ,TOTAL FEP,65267.4115996965
PFO3,2023,12,ALTO PARANÁ,ACCID.PENF,0.0
PFO3,2023,12,ALTO PARANÁ,PROG.PENF,0.606092426562872
PFO3,2023,12,ALTO PARANÁ,PROD.PENF,2809.82017443101
PFO3,2023,12,ALTO PARANÁ,TOTAL PENEF,66145.7900939571
PFO4,2023,12,ALTO PARANÁ,ACCID.DEP,7.0
PFO4,2023,12,ALTO PARANÁ,PROG.DEP,0.819948965994573
PFO4,2023,12,ALTO PARANÁ,PROD.DEP,2271.36237443173
PFO4,2023,12,ALTO PARANÁ,TOTAL DEP,68341.5662434344
PFO4,2023,12,ALTO PARANÁ,ACCID.FEP,1.0
PFO4,2023,12,ALTO PARANÁ,PROG.FEP,0.356202841957152
PFO4,2023,12,ALTO PARANÁ,PROD.FEP,3569.71496025933
PFO4,2023,12,ALTO PARANÁ,TOTAL FEP,51044.8905992134
PFO4,2023,12,ALTO PARANÁ,ACCID.PENF,2.0
PFO4,2023,12,ALTO PARANÁ,PROG.PENF,0.230732089861081
PFO4,2023,12,ALTO PARANÁ,PROD.PENF,2687.58584126851
PFO4,2023,12,ALTO PARANÁ,TOTAL PENEF,69364.7874465298
PFO5,2023,12,ALTO PARANÁ,ACCID.DEP,7.0
PFO5,2023,12,ALTO PARANÁ,PROG.DEP,0.775219247361074
PFO5,2023,12,ALTO PARANÁ,PROD.DEP,3943.45844382583
PFO5,2023,12,ALTO PARANÁ,TOTAL DEP,62029.5855922764
PFO5,2023,12,ALTO PARANÁ,ACCID.FEP,6.0
PFO5,2023,12,ALTO PARANÁ,PROG.FEP,0.792108392653515
PFO5,2023,12,ALTO PARANÁ,PROD.FEP,2611.11985159139
PFO5,2023,12,ALTO PARANÁ,TOTAL FEP,65670.1431732973
PFO5,2023,12,ALTO PARANÁ,ACCID.PENF,3.0
PFO5,2023,12,ALTO PARANÁ,PROG.PENF,0.944455142341729
PFO5,2023,12,ALTO PARANÁ,PROD.PENF,4913.04365887875
PFO5,2023,12,ALTO PARANÁ,TOTAL PENEF,69094.4218468409
PFO6,2023,12,ALTO PARANÁ,ACCID.DEP,9.0
PFO6,2023,12,ALTO PARANÁ,PROG.DEP,0.368359228736043
PFO6,2023,12,ALTO PARANÁ,PROD.DEP,2816.40663278876
PFO6,2023,12,ALTO PARANÁ,TOTAL DEP,59803.8656022984
PFO6,2023,12,ALTO PARANÁ,ACCID.FEP,8.0
PFO6,2023,12,ALTO PARANÁ,PROG.FEP,0.645375492758587
PFO6,2023,12,ALTO PARANÁ,PROD.FEP,4138.43236026125
PFO6,2023,12,ALTO PARANÁ,TOTAL FEP,62926.1683536341
PFO6,2023,12,ALTO PARANÁ,ACCID.PENF,9.0
PFO6,2023,12,ALTO PARANÁ,PROG.PENF,0.16183310398498
PFO6,2023,12,ALTO PARANÁ,PROD.PENF,4932.61674762805
PFO6,2023,12,ALTO PARANÁ,TOTAL PENEF,69738.9366344413
PFO7,2023,12,ALTO PARANÁ,ACCID.DEP,8.0
PFO7,2023,12,ALTO PARANÁ,PROG.DEP,0.849504468861246
PFO7,2023,12,ALTO PARANÁ,PROD.DEP,1072.16454185685
PFO7,2023,12,ALTO PARANÁ,TOTAL DEP,58160.4927206084
PFO7,2023,12,ALTO PARANÁ,ACCID.FEP,6.0
PFO7,2023,12,ALTO PARANÁ,PROG.FEP,0.476281802246137
PFO7,2023,12,ALTO PARANÁ,PROD.FEP,1450.21005722985
PFO7,2023,12,ALTO PARANÁ,TOTAL FEP,68778.1346544293
PFO7,2023,12,ALTO PARANÁ,ACCID.PENF,6.0
PFO7,2023,12,ALTO PARANÁ,PROG.PENF,0.34634727434542
PFO7,2023,12,ALTO PARANÁ,PROD.PENF,3923.52023697561
PFO7,2023,12,ALTO PARANÁ,TOTAL PENEF,58213.4093731769
PFO8,2023,12,ALTO PARANÁ,ACCID.DEP,0.0
PFO8,2023,12,ALTO PARANÁ,PROG.DEP,0.939262945890426
PFO8,2023,12,ALTO PARANÁ,PROD.DEP,3012.21154294367
PFO8,2023,12,ALTO PARANÁ,TOTAL DEP,56690.2023164975
PFO8,2023,12,ALTO PARANÁ,ACCID.FEP,1.0
PFO8,2023,12,ALTO PARANÁ,PROG.FEP,0.874873090821326
PFO8,2023,12,ALTO PARANÁ,PROD.FEP,1898.87750338981
PFO8,2023,12,ALTO PARANÁ,TOTAL FEP,50301.4061432776
PFO8,2023,12,ALTO PARANÁ,ACCID.PENF,6.0
PFO8,2023,12,ALTO PARANÁ,PROG.PENF,0.880717686285113
PFO8,2023,12,ALTO PARANÁ,PROD.PENF,3622.74307964359
PFO8,2023,12,ALTO PARANÁ,TOTAL PENEF,53881.4813681459
PFO9,2023,12,ALTO PARANÁ,ACCID.DEP,3.0
PFO9,2023,12,ALTO PARANÁ,PROG.DEP,0.736711991739451
PFO9,2023,12,ALTO PARANÁ,PROD.DEP,4438.91908238885
PFO9,2023,12,ALTO PARANÁ,TOTAL DEP,68446.4657778844
PFO9,2023,12,ALTO PARANÁ,ACCID.FEP,0.0
PFO9,2023,12,ALTO PARANÁ,PROG.FEP,0.946775646098818
PFO9,2023,12,ALTO PARANÁ,PROD.FEP,2717.13617669375
PFO9,2023,12,ALTO PARANÁ,TOTAL FEP,52412.9140736182
PFO17,2023,12,ALTO PARANÁ,PROD.FEP,2882.19692455458
PFO17,2023,12,ALTO PARANÁ,TOTAL FEP,67619.2773046801
PFO17,2023,12,ALTO PARANÁ,ACCID.FEP,7.0
PFO9,2023,12,ALTO PARANÁ,ACCID.PENF,8.0
PIH1,2023,12,ALTO PARANÁ,ACCID.DEP,4.0
PIH1,2023,12,ALTO PARANÁ,PROG.DEP,0.145208923814841
PIH1,2023,12,ALTO PARANÁ,PROD.DEP,3573.87818256584
PIH1,2023,12,ALTO PARANÁ,TOTAL DEP,64727.2088058577
PIH1,2023,12,ALTO PARANÁ,ACCID.FEP,7.0
PIH1,2023,12,ALTO PARANÁ,PROG.FEP,0.267048440408485
PIH1,2023,12,ALTO PARANÁ,PROD.FEP,3510.01563025567
PIH1,2023,12,ALTO PARANÁ,TOTAL FEP,55806.7840845587
PIH1,2023,12,ALTO PARANÁ,ACCID.PENF,9.0
PIH1,2023,12,ALTO PARANÁ,PROG.PENF,0.554208728724057
PIH1,2023,12,ALTO PARANÁ,PROD.PENF,4588.75161056257
PIH1,2023,12,ALTO PARANÁ,TOTAL PENEF,66906.1439947968
PIH2,2023,12,ALTO PARANÁ,ACCID.DEP,1.0
PIH2,2023,12,ALTO PARANÁ,PROG.DEP,0.619524304274453
PIH2,2023,12,ALTO PARANÁ,PROD.DEP,3801.18706936949
PIH2,2023,12,ALTO PARANÁ,TOTAL DEP,52440.5199265022
PIH2,2023,12,ALTO PARANÁ,ACCID.FEP,4.0
PIH2,2023,12,ALTO PARANÁ,PROG.FEP,0.678460732008462
PIH2,2023,12,ALTO PARANÁ,PROD.FEP,3254.95255473572
PIH2,2023,12,ALTO PARANÁ,TOTAL FEP,64092.816121131
PIH2,2023,12,ALTO PARANÁ,ACCID.PENF,3.0
PIH2,2023,12,ALTO PARANÁ,PROG.PENF,0.4489454748288
PIH2,2023,12,ALTO PARANÁ,PROD.PENF,3336.27351992731
PIH2,2023,12,ALTO PARANÁ,TOTAL PENEF,52318.0697433163
PIH3,2023,12,ALTO PARANÁ,ACCID.DEP,8.0
PIH3,2023,12,ALTO PARANÁ,PROG.DEP,0.921500554183699
PIH3,2023,12,ALTO PARANÁ,PROD.DEP,2271.26332868141
PIH3,2023,12,ALTO PARANÁ,TOTAL DEP,60428.8750657978
PIH3,2023,12,ALTO PARANÁ,ACCID.FEP,7.0
PIH3,2023,12,ALTO PARANÁ,PROG.FEP,0.972630715552618
PIH3,2023,12,ALTO PARANÁ,PROD.FEP,3182.50979733942
PIH3,2023,12,ALTO PARANÁ,TOTAL FEP,60378.7016054386
PIH3,2023,12,ALTO PARANÁ,ACCID.PENF,1.0
PIH3,2023,12,ALTO PARANÁ,PROG.PENF,0.780353302858414
PIH3,2023,12,ALTO PARANÁ,PROD.PENF,1861.63322225333
PIH3,2023,12,ALTO PARANÁ,TOTAL PENEF,53413.4551609306
PIH4,2023,12,ALTO PARANÁ,ACCID.DEP,6.0
PIH4,2023,12,ALTO PARANÁ,PROG.DEP,0.948726730842123
PIH4,2023,12,ALTO PARANÁ,PROD.DEP,3025.70430237435
PIH4,2023,12,ALTO PARANÁ,TOTAL DEP,50732.2370406513
PIH4,2023,12,ALTO PARANÁ,ACCID.FEP,3.0
PIH4,2023,12,ALTO PARANÁ,PROG.FEP,0.466963871265238
PIH4,2023,12,ALTO PARANÁ,PROD.FEP,1222.30394210523
PIH4,2023,12,ALTO PARANÁ,TOTAL FEP,56729.3052419656
PIH4,2023,12,ALTO PARANÁ,ACCID.PENF,9.0
PIH4,2023,12,ALTO PARANÁ,PROG.PENF,0.53230587090337
PIH4,2023,12,ALTO PARANÁ,PROD.PENF,1699.70594641112
PIH4,2023,12,ALTO PARANÁ,TOTAL PENEF,58033.2569860635
PIH5,2023,12,ALTO PARANÁ,ACCID.DEP,2.0
PIH5,2023,12,ALTO PARANÁ,PROG.DEP,0.403694085496318
PIH5,2023,12,ALTO PARANÁ,PROD.DEP,3315.0710966889
PIH5,2023,12,ALTO PARANÁ,TOTAL DEP,54429.5405873932
PIH5,2023,12,ALTO PARANÁ,ACCID.FEP,0.0
PIH5,2023,12,ALTO PARANÁ,PROG.FEP,0.984765246299657
PIH5,2023,12,ALTO PARANÁ,PROD.FEP,4962.52109217484
PIH5,2023,12,ALTO PARANÁ,TOTAL FEP,65670.2847653357
PIH5,2023,12,ALTO PARANÁ,ACCID.PENF,1.0
PIH5,2023,12,ALTO PARANÁ,PROG.PENF,0.945599555630699
PIH5,2023,12,ALTO PARANÁ,PROD.PENF,4016.39035758881
PIH5,2023,12,ALTO PARANÁ,TOTAL PENEF,68682.8252548681
PIH6,2023,12,ALTO PARANÁ,ACCID.DEP,6.0
PIH6,2023,12,ALTO PARANÁ,PROG.DEP,0.55795873486879
PIH6,2023,12,ALTO PARANÁ,PROD.DEP,3100.94004927257
PIH6,2023,12,ALTO PARANÁ,TOTAL DEP,60334.0518515634
PIH6,2023,12,ALTO PARANÁ,ACCID.FEP,8.0
PIH6,2023,12,ALTO PARANÁ,PROG.FEP,0.63072009358621
PIH6,2023,12,ALTO PARANÁ,PROD.FEP,4660.19756274351
PIH6,2023,12,ALTO PARANÁ,TOTAL FEP,59663.7965074623
PIH6,2023,12,ALTO PARANÁ,ACCID.PENF,5.0
PIH6,2023,12,ALTO PARANÁ,PROG.PENF,0.320553738491404
PIH6,2023,12,ALTO PARANÁ,PROD.PENF,2735.88073696977
PIH6,2023,12,ALTO PARANÁ,TOTAL PENEF,52260.7524444425
SGA1,2023,12,CANINDEYU,ACCID.DEP,2.0
SGA1,2023,12,CANINDEYU,PROG.DEP,0.742784585464474
SGA1,2023,12,CANINDEYU,PROD.DEP,1430.9637953579
SGA1,2023,12,CANINDEYU,TOTAL DEP,50600.768727673
SGA1,2023,12,CANINDEYU,ACCID.FEP,2.0
SGA1,2023,12,CANINDEYU,PROG.FEP,0.633062397733709
SGA1,2023,12,CANINDEYU,PROD.FEP,4986.40409192718
SGA1,2023,12,CANINDEYU,TOTAL FEP,57934.6586490709
SGA1,2023,12,CANINDEYU,ACCID.PENF,4.0
SGA1,2023,12,CANINDEYU,PROG.PENF,0.382701211235822
SGA1,2023,12,CANINDEYU,PROD.PENF,4748.06156489184
SGA1,2023,12,CANINDEYU,TOTAL PENEF,66680.7160716621
SGA2,2023,12,CANINDEYU,ACCID.DEP,3.0
SGA2,2023,12,CANINDEYU,PROG.DEP,0.107089689948084
SGA2,2023,12,CANINDEYU,PROD.DEP,3145.64034334635
SGA2,2023,12,CANINDEYU,TOTAL DEP,67034.4455666906
SGA2,2023,12,CANINDEYU,ACCID.FEP,2.0
SGA2,2023,12,CANINDEYU,PROG.FEP,0.245377957686935
SGA2,2023,12,CANINDEYU,PROD.FEP,2356.90178367002
SGA2,2023,12,CANINDEYU,TOTAL FEP,53389.6573347156
SGA2,2023,12,CANINDEYU,ACCID.PENF,9.0
SGA2,2023,12,CANINDEYU,PROG.PENF,0.618627572129419
SGA2,2023,12,CANINDEYU,PROD.PENF,1266.20313354876
SGA2,2023,12,CANINDEYU,TOTAL PENEF,55953.6881626077
PFO9,2023,12,ALTO PARANÁ,PROD.PENF,3601.26399114433
PFO9,2023,12,ALTO PARANÁ,TOTAL PENEF,50320.7848810872
PFO9,2023,12,ALTO PARANÁ,PROG.PENF,0.381442898785745
SGA3,2023,12,CANINDEYU,ACCID.DEP,0.0
SGA3,2023,12,CANINDEYU,PROG.FEP,0.112132848316948
SGA3,2023,12,CANINDEYU,ACCID.FEP,3.0
SGA3,2023,12,CANINDEYU,PROD.FEP,3862.32327592926
SGA3,2023,12,CANINDEYU,TOTAL FEP,66218.4553546023
SGA3,2023,12,CANINDEYU,ACCID.PENF,0.0
SGA3,2023,12,CANINDEYU,PROG.PENF,0.697431200511369
SGA3,2023,12,CANINDEYU,PROD.PENF,1544.77575099683
SGA3,2023,12,CANINDEYU,TOTAL PENEF,56061.5271948398
SGA4,2023,12,CANINDEYU,ACCID.DEP,7.0
SGA4,2023,12,CANINDEYU,PROG.DEP,0.659227932456021
SGA4,2023,12,CANINDEYU,PROD.DEP,3120.39367220556
SGA4,2023,12,CANINDEYU,TOTAL DEP,66123.7641310229
SGA4,2023,12,CANINDEYU,ACCID.FEP,6.0
SGA4,2023,12,CANINDEYU,PROG.FEP,0.739173717901329
SGA4,2023,12,CANINDEYU,TOTAL FEP,66778.792753093
SGA4,2023,12,CANINDEYU,PROD.FEP,3023.32109671023
SGA4,2023,12,CANINDEYU,ACCID.PENF,7.0
SGA4,2023,12,CANINDEYU,PROG.PENF,0.615994645191443
SGA4,2023,12,CANINDEYU,PROD.PENF,4642.24041528209
SGA4,2023,12,CANINDEYU,TOTAL PENEF,67625.5717339754
SGA5,2023,12,CANINDEYU,ACCID.DEP,7.0
SGA5,2023,12,CANINDEYU,PROG.DEP,0.718799450311757
SGA5,2023,12,CANINDEYU,PROD.DEP,2682.3665559823
SGA5,2023,12,CANINDEYU,TOTAL DEP,54116.0391180709
SGA5,2023,12,CANINDEYU,ACCID.FEP,5.0
SGA5,2023,12,CANINDEYU,PROG.FEP,0.309091019017808
SGA5,2023,12,CANINDEYU,PROD.FEP,3513.00244167796
SGA5,2023,12,CANINDEYU,TOTAL FEP,63925.6218967677
SGA5,2023,12,CANINDEYU,ACCID.PENF,2.0
SGA5,2023,12,CANINDEYU,PROG.PENF,0.118109842372046
SGA5,2023,12,CANINDEYU,PROD.PENF,3706.35075886406
SGA5,2023,12,CANINDEYU,TOTAL PENEF,50353.1505753929
SGA6,2023,12,CANINDEYU,ACCID.DEP,8.0
SGA6,2023,12,CANINDEYU,PROG.DEP,0.278678774143476
SGA6,2023,12,CANINDEYU,PROD.DEP,1485.85318486967
SGA6,2023,12,CANINDEYU,TOTAL DEP,68703.374291578
SGA6,2023,12,CANINDEYU,ACCID.FEP,9.0
SGA6,2023,12,CANINDEYU,PROG.FEP,0.612678888412938
SGA6,2023,12,CANINDEYU,PROD.FEP,1225.71203917052
SGA6,2023,12,CANINDEYU,TOTAL FEP,67191.5847404714
SGA6,2023,12,CANINDEYU,ACCID.PENF,5.0
SGA6,2023,12,CANINDEYU,PROG.PENF,0.227028502092727
SGA6,2023,12,CANINDEYU,PROD.PENF,2214.03307830308
SGA6,2023,12,CANINDEYU,TOTAL PENEF,57906.0889466839
SRI1,2023,12,ALTO PARANÁ,ACCID.DEP,4.0
SRI1,2023,12,ALTO PARANÁ,PROG.DEP,0.618736600251436
SRI1,2023,12,ALTO PARANÁ,PROD.DEP,3882.69344338653
SRI1,2023,12,ALTO PARANÁ,TOTAL DEP,62068.6046922221
SRI1,2023,12,ALTO PARANÁ,ACCID.FEP,8.0
SRI1,2023,12,ALTO PARANÁ,PROG.FEP,0.426719566454844
SRI1,2023,12,ALTO PARANÁ,PROD.FEP,1516.1913203324
SRI1,2023,12,ALTO PARANÁ,TOTAL FEP,66233.2336807789
SRI1,2023,12,ALTO PARANÁ,ACCID.PENF,1.0
SRI1,2023,12,ALTO PARANÁ,PROG.PENF,0.398708897349196
SRI1,2023,12,ALTO PARANÁ,PROD.PENF,4098.11246057722
SRI1,2023,12,ALTO PARANÁ,TOTAL PENEF,52743.7345840295
SRI2,2023,12,ALTO PARANÁ,ACCID.DEP,7.0
SRI2,2023,12,ALTO PARANÁ,PROG.DEP,0.730420416950867
SRI2,2023,12,ALTO PARANÁ,PROD.DEP,4287.04874733419
SRI2,2023,12,ALTO PARANÁ,TOTAL DEP,60607.2900331888
SRI2,2023,12,ALTO PARANÁ,ACCID.FEP,1.0
SRI2,2023,12,ALTO PARANÁ,PROG.FEP,0.880638853980215
SRI2,2023,12,ALTO PARANÁ,PROD.FEP,2453.90969725194
SRI2,2023,12,ALTO PARANÁ,TOTAL FEP,57018.8661929415
SRI2,2023,12,ALTO PARANÁ,ACCID.PENF,0.0
SRI2,2023,12,ALTO PARANÁ,PROG.PENF,0.994934232760418
SRI2,2023,12,ALTO PARANÁ,PROD.PENF,3286.09724915256
SRI2,2023,12,ALTO PARANÁ,TOTAL PENEF,52565.5467443919
SRI3,2023,12,ALTO PARANÁ,ACCID.DEP,7.0
SRI3,2023,12,ALTO PARANÁ,PROG.DEP,0.175756414841479
SRI3,2023,12,ALTO PARANÁ,PROD.DEP,1204.99842427966
SGA3,2023,12,CANINDEYU,PROG.DEP,0.915568673363806
SRI3,2023,12,ALTO PARANÁ,ACCID.FEP,4.0
SRI3,2023,12,ALTO PARANÁ,PROG.FEP,0.269396490705277
SRI3,2023,12,ALTO PARANÁ,PROD.FEP,3309.98077759839
SRI3,2023,12,ALTO PARANÁ,TOTAL FEP,58079.4805714386
SRI3,2023,12,ALTO PARANÁ,ACCID.PENF,1.0
SRI3,2023,12,ALTO PARANÁ,PROG.PENF,0.969202738618219
SRI3,2023,12,ALTO PARANÁ,PROD.PENF,4988.17071259353
SRI3,2023,12,ALTO PARANÁ,TOTAL PENEF,64319.5241623258
SRI4,2023,12,ALTO PARANÁ,ACCID.DEP,1.0
SRI4,2023,12,ALTO PARANÁ,PROG.DEP,0.990448374847083
SRI4,2023,12,ALTO PARANÁ,PROD.DEP,2959.44389060144
SRI4,2023,12,ALTO PARANÁ,TOTAL DEP,53208.6149718911
SRI4,2023,12,ALTO PARANÁ,ACCID.FEP,4.0
SRI4,2023,12,ALTO PARANÁ,PROG.FEP,0.397086732746316
SRI4,2023,12,ALTO PARANÁ,PROD.FEP,3149.91744737294
SRI4,2023,12,ALTO PARANÁ,TOTAL FEP,55232.0519078422
SRI4,2023,12,ALTO PARANÁ,ACCID.PENF,4.0
SRI4,2023,12,ALTO PARANÁ,PROG.PENF,0.342226909989216
SRI4,2023,12,ALTO PARANÁ,PROD.PENF,1828.88938419338
SRI4,2023,12,ALTO PARANÁ,TOTAL PENEF,69616.6623662138
SGA3,2023,12,CANINDEYU,TOTAL DEP,63412.9611982383
SGA3,2023,12,CANINDEYU,PROD.DEP,3683.8705941943
SRI3,2023,12,ALTO PARANÁ,TOTAL DEP,51386.9597173408
